[2025-05-23 07:14:25,307] [INFO] [logger:55] - 百速一键AI视频生成应用正在启动... 时间: 2025-05-23 07:14:25
[2025-05-23 07:14:25,307] [INFO] [logger:55] - 正在初始化数据库...
[2025-05-23 07:14:28,133] [INFO] [logger:55] - 数据库初始化完成
[2025-05-23 07:14:28,133] [INFO] [logger:55] - 百速一键AI视频生成应用服务器已启动，监听端口: 5001
[2025-05-23 07:14:28,262] [INFO] [logger:55] - 百速一键AI视频生成应用正在启动... 时间: 2025-05-23 07:14:28
[2025-05-23 07:14:28,262] [INFO] [logger:55] - 正在初始化数据库...
[2025-05-23 07:14:28,933] [INFO] [logger:55] - 数据库初始化完成
[2025-05-23 07:14:28,933] [INFO] [logger:55] - 百速一键AI视频生成应用服务器已启动，监听端口: 5001
[2025-05-23 07:19:43,141] [INFO] [logger:55] - 百速一键AI视频生成应用正在启动... 时间: 2025-05-23 07:19:43
[2025-05-23 07:19:43,141] [INFO] [logger:55] - 正在初始化数据库...
[2025-05-23 07:19:43,966] [INFO] [logger:55] - 数据库初始化完成
[2025-05-23 07:19:43,966] [INFO] [logger:55] - 百速一键AI视频生成应用服务器已启动，监听端口: 5001
[2025-05-23 07:20:31,555] [INFO] [logger:55] - 用户 admin 访问我的视频页面，找到 1 个视频
[2025-05-23 07:21:08,451] [INFO] [logger:55] - 用户 admin 访问我的视频页面，找到 1 个视频
[2025-05-23 07:31:02,142] [INFO] [logger:55] - 百速一键AI视频生成应用正在启动... 时间: 2025-05-23 07:31:02
[2025-05-23 07:31:02,142] [INFO] [logger:55] - 正在初始化数据库...
[2025-05-23 07:31:03,031] [INFO] [logger:55] - 数据库初始化完成
[2025-05-23 07:31:03,031] [INFO] [logger:55] - 百速一键AI视频生成应用服务器已启动，监听端口: 5001
[2025-05-23 07:32:02,404] [INFO] [logger:55] - 百速一键AI视频生成应用正在启动... 时间: 2025-05-23 07:32:02
[2025-05-23 07:32:02,404] [INFO] [logger:55] - 正在初始化数据库...
[2025-05-23 07:32:03,252] [INFO] [logger:55] - 数据库初始化完成
[2025-05-23 07:32:03,252] [INFO] [logger:55] - 百速一键AI视频生成应用服务器已启动，监听端口: 5001
[2025-05-23 07:33:12,751] [INFO] [logger:55] - 百速一键AI视频生成应用正在启动... 时间: 2025-05-23 07:33:12
[2025-05-23 07:33:12,751] [INFO] [logger:55] - 正在初始化数据库...
[2025-05-23 07:33:13,704] [INFO] [logger:55] - 数据库初始化完成
[2025-05-23 07:33:13,704] [INFO] [logger:55] - 百速一键AI视频生成应用服务器已启动，监听端口: 5001
[2025-05-23 10:35:02,124] [INFO] [logger:55] - 百速一键AI视频生成应用正在启动... 时间: 2025-05-23 10:35:02
[2025-05-23 10:35:02,124] [INFO] [logger:55] - 正在初始化数据库...
[2025-05-23 10:35:02,981] [INFO] [logger:55] - 数据库初始化完成
[2025-05-23 10:35:02,982] [INFO] [logger:55] - 百速一键AI视频生成应用服务器已启动，监听端口: 5001
[2025-05-23 10:35:03,067] [INFO] [logger:55] - 百速一键AI视频生成应用正在启动... 时间: 2025-05-23 10:35:03
[2025-05-23 10:35:03,067] [INFO] [logger:55] - 正在初始化数据库...
[2025-05-23 10:35:03,548] [INFO] [logger:55] - 数据库初始化完成
[2025-05-23 10:35:03,548] [INFO] [logger:55] - 百速一键AI视频生成应用服务器已启动，监听端口: 5001
[2025-05-23 10:37:13,585] [INFO] [logger:55] - 用户 admin 访问我的视频页面，找到 2 个视频
[2025-05-23 10:37:22,628] [INFO] [logger:55] - 用户 admin 访问我的视频页面，找到 2 个视频
[2025-05-23 10:37:24,864] [INFO] [logger:55] - 用户 admin 访问我的视频页面，找到 2 个视频
[2025-05-23 10:41:53,280] [INFO] [logger:55] - 百速一键AI视频生成应用正在启动... 时间: 2025-05-23 10:41:53
[2025-05-23 10:41:53,280] [INFO] [logger:55] - 正在初始化数据库...
[2025-05-23 10:41:54,182] [INFO] [logger:55] - 数据库初始化完成
[2025-05-23 10:41:54,182] [INFO] [logger:55] - 百速一键AI视频生成应用服务器已启动，监听端口: 5001
[2025-05-23 10:45:12,025] [INFO] [logger:55] - 百速一键AI视频生成应用正在启动... 时间: 2025-05-23 10:45:12
[2025-05-23 10:45:12,025] [INFO] [logger:55] - 正在初始化数据库...
[2025-05-23 10:45:12,881] [INFO] [logger:55] - 数据库初始化完成
[2025-05-23 10:45:12,882] [INFO] [logger:55] - 百速一键AI视频生成应用服务器已启动，监听端口: 5001
[2025-05-23 10:45:12,955] [INFO] [logger:55] - 百速一键AI视频生成应用正在启动... 时间: 2025-05-23 10:45:12
[2025-05-23 10:45:12,955] [INFO] [logger:55] - 正在初始化数据库...
[2025-05-23 10:45:13,406] [INFO] [logger:55] - 数据库初始化完成
[2025-05-23 10:45:13,406] [INFO] [logger:55] - 百速一键AI视频生成应用服务器已启动，监听端口: 5001
[2025-05-23 10:47:13,423] [INFO] [logger:55] - 百速一键AI视频生成应用正在启动... 时间: 2025-05-23 10:47:13
[2025-05-23 10:47:13,423] [INFO] [logger:55] - 正在初始化数据库...
[2025-05-23 10:47:14,229] [INFO] [logger:55] - 数据库初始化完成
[2025-05-23 10:47:14,229] [INFO] [logger:55] - 百速一键AI视频生成应用服务器已启动，监听端口: 5001
[2025-05-23 10:47:51,441] [INFO] [logger:55] - 百速一键AI视频生成应用正在启动... 时间: 2025-05-23 10:47:51
[2025-05-23 10:47:51,441] [INFO] [logger:55] - 正在初始化数据库...
[2025-05-23 10:47:52,148] [INFO] [logger:55] - 数据库初始化完成
[2025-05-23 10:47:52,148] [INFO] [logger:55] - 百速一键AI视频生成应用服务器已启动，监听端口: 5001
[2025-05-23 10:58:06,747] [INFO] [logger:55] - 用户 admin 访问我的视频页面，找到 4 个视频
[2025-05-23 11:15:53,453] [ERROR] [logger:62] - 视频生成失败: Error code: 400, with error text {"contentFilter":[{"level":1,"role":"assistant"}],"error":{"code":"1301","message":"系统检测到输入或生成内容可能包含不安全或敏感内容，请您避免输入易产生敏感内容的提示语，感谢您的配合。"}}
[2025-05-23 11:26:38,960] [INFO] [logger:55] - 百速一键AI视频生成应用正在启动... 时间: 2025-05-23 11:26:38
[2025-05-23 11:26:38,960] [INFO] [logger:55] - 正在初始化数据库...
[2025-05-23 11:26:40,225] [INFO] [logger:55] - 数据库初始化完成
[2025-05-23 11:26:40,225] [INFO] [logger:55] - 百速一键AI视频生成应用服务器已启动，监听端口: 5001
[2025-05-23 11:26:40,307] [INFO] [logger:55] - 百速一键AI视频生成应用正在启动... 时间: 2025-05-23 11:26:40
[2025-05-23 11:26:40,307] [INFO] [logger:55] - 正在初始化数据库...
[2025-05-23 11:26:40,724] [INFO] [logger:55] - 数据库初始化完成
[2025-05-23 11:26:40,724] [INFO] [logger:55] - 百速一键AI视频生成应用服务器已启动，监听端口: 5001
[2025-05-23 11:27:38,798] [ERROR] [logger:62] - 视频生成失败: Error code: 400, with error text {"contentFilter":[{"level":1,"role":"assistant"}],"error":{"code":"1301","message":"系统检测到输入或生成内容可能包含不安全或敏感内容，请您避免输入易产生敏感内容的提示语，感谢您的配合。"}}
[2025-05-23 11:35:45,195] [INFO] [logger:55] - 百速一键AI视频生成应用正在启动... 时间: 2025-05-23 11:35:45
[2025-05-23 11:35:45,195] [INFO] [logger:55] - 正在初始化数据库...
[2025-05-23 11:35:45,999] [INFO] [logger:55] - 数据库初始化完成
[2025-05-23 11:35:45,999] [INFO] [logger:55] - 百速一键AI视频生成应用服务器已启动，监听端口: 5001
[2025-05-23 11:37:44,812] [INFO] [logger:55] - 百速一键AI视频生成应用正在启动... 时间: 2025-05-23 11:37:44
[2025-05-23 11:37:44,812] [INFO] [logger:55] - 正在初始化数据库...
[2025-05-23 11:37:45,549] [INFO] [logger:55] - 数据库初始化完成
[2025-05-23 11:37:45,549] [INFO] [logger:55] - 百速一键AI视频生成应用服务器已启动，监听端口: 5001
[2025-05-23 11:41:13,238] [INFO] [logger:55] - 百速一键AI视频生成应用正在启动... 时间: 2025-05-23 11:41:13
[2025-05-23 11:41:13,238] [INFO] [logger:55] - 正在初始化数据库...
[2025-05-23 11:41:14,135] [INFO] [logger:55] - 数据库初始化完成
[2025-05-23 11:41:14,135] [INFO] [logger:55] - 百速一键AI视频生成应用服务器已启动，监听端口: 5001
[2025-05-23 11:47:55,885] [INFO] [logger:55] - 百速一键AI视频生成应用正在启动... 时间: 2025-05-23 11:47:55
[2025-05-23 11:47:55,885] [INFO] [logger:55] - 正在初始化数据库...
[2025-05-23 11:47:56,740] [INFO] [logger:55] - 数据库初始化完成
[2025-05-23 11:47:56,741] [INFO] [logger:55] - 百速一键AI视频生成应用服务器已启动，监听端口: 5001
[2025-05-23 11:47:56,828] [INFO] [logger:55] - 百速一键AI视频生成应用正在启动... 时间: 2025-05-23 11:47:56
[2025-05-23 11:47:56,829] [INFO] [logger:55] - 正在初始化数据库...
[2025-05-23 11:47:57,286] [INFO] [logger:55] - 数据库初始化完成
[2025-05-23 11:47:57,286] [INFO] [logger:55] - 百速一键AI视频生成应用服务器已启动，监听端口: 5001
[2025-05-23 11:48:58,037] [INFO] [logger:55] - 百速一键AI视频生成应用正在启动... 时间: 2025-05-23 11:48:58
[2025-05-23 11:48:58,037] [INFO] [logger:55] - 正在初始化数据库...
[2025-05-23 11:48:58,824] [INFO] [logger:55] - 数据库初始化完成
[2025-05-23 11:48:58,824] [INFO] [logger:55] - 百速一键AI视频生成应用服务器已启动，监听端口: 5001
[2025-05-23 11:49:23,541] [ERROR] [logger:62] - 创建视频记录失败: (sqlite3.OperationalError) table video has no column named mode
[SQL: INSERT INTO video (title, user_id, style, prompt, video_path, cover_path, status, mode, created_at) VALUES (?, ?, ?, ?, ?, ?, ?, ?, ?)]
[parameters: ('视频_20250523114923', 1, '绘本', '白雪公主的故事\n很久很久以前，在一个遥远的王国里，有一位美丽的王后。她在冬天时生下了一个小女孩，女孩皮肤像雪一样白，嘴唇像血一样红，头发像乌木一样黑。因此，王后给她取名叫“白雪公主 ”。\n\n可惜的是，王后不久就去世了，国王后来娶了一位新王后。这位新王后非常美丽，但也非常虚荣。她有一面魔镜，每 ... (593 characters truncated) ... 下。就在这一刻，白雪公主奇迹般地醒了过来！\n\n原来，那只毒苹果的魔咒只有真爱之吻才能解除。\n\n王子向白雪公主求婚，她也爱上了王子，两人举行了盛大的婚礼。恶毒的王后也被揭穿了真面目，受到了应有的惩罚。\n\n从此以后，白雪公主和王子过上了幸福快乐的生活，而七个小矮人也继续过着勤劳善良的日子。', None, None, 'pending', 'script', '2025-05-23 03:49:23.522596')]
(Background on this error at: https://sqlalche.me/e/20/e3q8)
[2025-05-23 11:51:08,444] [INFO] [logger:55] - 百速一键AI视频生成应用正在启动... 时间: 2025-05-23 11:51:08
[2025-05-23 11:51:08,444] [INFO] [logger:55] - 正在初始化数据库...
[2025-05-23 11:51:09,258] [INFO] [logger:55] - 数据库初始化完成
[2025-05-23 11:51:09,258] [INFO] [logger:55] - 百速一键AI视频生成应用服务器已启动，监听端口: 5001
[2025-05-23 11:51:09,329] [INFO] [logger:55] - 百速一键AI视频生成应用正在启动... 时间: 2025-05-23 11:51:09
[2025-05-23 11:51:09,329] [INFO] [logger:55] - 正在初始化数据库...
[2025-05-23 11:51:09,759] [INFO] [logger:55] - 数据库初始化完成
[2025-05-23 11:51:09,759] [INFO] [logger:55] - 百速一键AI视频生成应用服务器已启动，监听端口: 5001
[2025-05-23 11:51:27,601] [ERROR] [logger:62] - 创建视频记录失败: (sqlite3.OperationalError) table video has no column named mode
[SQL: INSERT INTO video (title, user_id, style, prompt, video_path, cover_path, status, mode, created_at) VALUES (?, ?, ?, ?, ?, ?, ?, ?, ?)]
[parameters: ('视频_20250523115127', 1, '绘本', '白雪公主的故事\n很久很久以前，在一个遥远的王国里，有一位美丽的王后。她在冬天时生下了一个小女孩，女孩皮肤像雪一样白，嘴唇像血一样红，头发像乌木一样黑。因此，王后给她取名叫“白雪公主 ”。\n\n可惜的是，王后不久就去世了，国王后来娶了一位新王后。这位新王后非常美丽，但也非常虚荣。她有一面魔镜，每 ... (593 characters truncated) ... 下。就在这一刻，白雪公主奇迹般地醒了过来！\n\n原来，那只毒苹果的魔咒只有真爱之吻才能解除。\n\n王子向白雪公主求婚，她也爱上了王子，两人举行了盛大的婚礼。恶毒的王后也被揭穿了真面目，受到了应有的惩罚。\n\n从此以后，白雪公主和王子过上了幸福快乐的生活，而七个小矮人也继续过着勤劳善良的日子。', None, None, 'pending', 'script', '2025-05-23 03:51:27.581934')]
(Background on this error at: https://sqlalche.me/e/20/e3q8)
[2025-05-23 11:52:32,404] [INFO] [logger:55] - 百速一键AI视频生成应用正在启动... 时间: 2025-05-23 11:52:32
[2025-05-23 11:52:32,404] [INFO] [logger:55] - 正在初始化数据库...
[2025-05-23 11:52:33,299] [INFO] [logger:55] - 数据库初始化完成
[2025-05-23 11:52:33,299] [INFO] [logger:55] - 百速一键AI视频生成应用服务器已启动，监听端口: 5001
[2025-05-23 11:53:09,359] [INFO] [logger:55] - 百速一键AI视频生成应用正在启动... 时间: 2025-05-23 11:53:09
[2025-05-23 11:53:09,359] [INFO] [logger:55] - 正在初始化数据库...
[2025-05-23 11:53:10,205] [INFO] [logger:55] - 数据库初始化完成
[2025-05-23 11:53:10,205] [INFO] [logger:55] - 百速一键AI视频生成应用服务器已启动，监听端口: 5001
[2025-05-23 11:53:10,282] [INFO] [logger:55] - 百速一键AI视频生成应用正在启动... 时间: 2025-05-23 11:53:10
[2025-05-23 11:53:10,283] [INFO] [logger:55] - 正在初始化数据库...
[2025-05-23 11:53:10,712] [INFO] [logger:55] - 数据库初始化完成
[2025-05-23 11:53:10,713] [INFO] [logger:55] - 百速一键AI视频生成应用服务器已启动，监听端口: 5001
[2025-05-23 11:57:10,136] [INFO] [logger:55] - [任务 af21c6bb-e3f5-4647-a843-7a0def3d0b9d] 使用文案模式生成视频
[2025-05-23 11:57:10,139] [ERROR] [logger:62] - 视频生成失败: name 'run_work_flow_with_script' is not defined
[2025-05-23 11:59:29,920] [INFO] [logger:55] - 百速一键AI视频生成应用正在启动... 时间: 2025-05-23 11:59:29
[2025-05-23 11:59:29,920] [INFO] [logger:55] - 正在初始化数据库...
[2025-05-23 11:59:30,737] [INFO] [logger:55] - 数据库初始化完成
[2025-05-23 11:59:30,737] [INFO] [logger:55] - 百速一键AI视频生成应用服务器已启动，监听端口: 5001
[2025-05-23 11:59:47,041] [INFO] [logger:55] - [任务 f90963ec-eaa2-4c5a-8f33-dec5f593505d] 使用文案模式生成视频
[2025-05-23 12:00:37,029] [ERROR] [logger:62] - 视频生成失败: Error code: 400, with error text {"contentFilter":[{"level":1,"role":"assistant"}],"error":{"code":"1301","message":"系统检测到输入或生成内容可能包含不安全或敏感内容，请您避免输入易产生敏感内容的提示语，感谢您的配合。"}}
[2025-05-23 16:37:52,572] [INFO] [logger:55] - 百速一键AI视频生成应用正在启动... 时间: 2025-05-23 16:37:52
[2025-05-23 16:37:52,573] [INFO] [logger:55] - 正在初始化数据库...
[2025-05-23 16:37:55,020] [INFO] [logger:55] - 数据库初始化完成
[2025-05-23 16:37:55,020] [INFO] [logger:55] - 百速一键AI视频生成应用服务器已启动，监听端口: 5001
[2025-05-23 16:37:55,113] [INFO] [logger:55] - 百速一键AI视频生成应用正在启动... 时间: 2025-05-23 16:37:55
[2025-05-23 16:37:55,113] [INFO] [logger:55] - 正在初始化数据库...
[2025-05-23 16:37:55,547] [INFO] [logger:55] - 数据库初始化完成
[2025-05-23 16:37:55,547] [INFO] [logger:55] - 百速一键AI视频生成应用服务器已启动，监听端口: 5001
[2025-05-23 16:40:04,916] [INFO] [logger:55] - 用户 admin 访问我的视频页面，找到 2 个视频
[2025-05-23 16:40:29,056] [INFO] [logger:55] - [任务 5988e862-e4a4-4661-bd1e-99d68bdaa8b9] 使用文案模式生成视频
[2025-05-23 16:40:45,164] [ERROR] [logger:62] - 视频生成失败: Error code: 400, with error text {"error":{"code":"1210","message":"API 调用参数有误，请检查文档。"}}
[2025-05-23 16:57:17,479] [INFO] [logger:55] - [任务 b458b098-baf1-4ed3-9fd7-c945a69f2c19] 使用提示词模式生成视频
[2025-05-23 16:57:36,296] [ERROR] [logger:62] - 视频生成失败: Error code: 400, with error text {"error":{"code":"1210","message":"API 调用参数有误，请检查文档。"}}
[2025-05-23 16:57:51,871] [INFO] [logger:55] - [任务 362dbba5-0092-4a26-81bd-2f6558f0ad67] 使用提示词模式生成视频
[2025-05-23 16:58:25,408] [ERROR] [logger:62] - 视频生成失败: Error code: 400, with error text {"error":{"code":"1210","message":"API 调用参数有误，请检查文档。"}}
[2025-05-23 17:01:40,475] [INFO] [logger:55] - 百速一键AI视频生成应用正在启动... 时间: 2025-05-23 17:01:40
[2025-05-23 17:01:40,475] [INFO] [logger:55] - 正在初始化数据库...
[2025-05-23 17:01:41,321] [INFO] [logger:55] - 数据库初始化完成
[2025-05-23 17:01:41,321] [INFO] [logger:55] - 百速一键AI视频生成应用服务器已启动，监听端口: 5001
[2025-05-24 08:24:05,902] [INFO] [logger:55] - 百速一键AI视频生成应用正在启动... 时间: 2025-05-24 08:24:05
[2025-05-24 08:24:05,902] [INFO] [logger:55] - 正在初始化数据库...
[2025-05-24 08:24:14,324] [INFO] [logger:55] - 数据库初始化完成
[2025-05-24 08:24:14,324] [INFO] [logger:55] - 百速一键AI视频生成应用服务器已启动，监听端口: 5001
[2025-05-24 08:24:14,417] [INFO] [logger:55] - 百速一键AI视频生成应用正在启动... 时间: 2025-05-24 08:24:14
[2025-05-24 08:24:14,417] [INFO] [logger:55] - 正在初始化数据库...
[2025-05-24 08:24:22,308] [INFO] [logger:55] - 数据库初始化完成
[2025-05-24 08:24:22,308] [INFO] [logger:55] - 百速一键AI视频生成应用服务器已启动，监听端口: 5001
[2025-05-24 08:24:46,968] [INFO] [logger:55] - [任务 6eea87eb-4b2a-4331-bff4-941789df5fa6] 使用提示词模式生成视频
[2025-05-24 08:36:14,168] [INFO] [logger:55] - 百速一键AI视频生成应用正在启动... 时间: 2025-05-24 08:36:14
[2025-05-24 08:36:14,169] [INFO] [logger:55] - 正在初始化数据库...
[2025-05-24 08:36:22,825] [INFO] [logger:55] - 数据库初始化完成
[2025-05-24 08:36:22,825] [INFO] [logger:55] - 百速一键AI视频生成应用服务器已启动，监听端口: 5001
[2025-05-24 08:44:51,560] [INFO] [logger:55] - [任务 da1a8f78-dff5-4825-a813-4fa1a44c0906] 使用文案模式生成视频
[2025-05-26 10:44:27,545] [INFO] [logger:55] - 百速一键AI视频生成应用正在启动... 时间: 2025-05-26 10:44:27
[2025-05-26 10:44:27,545] [INFO] [logger:55] - 正在初始化数据库...
[2025-05-26 10:44:29,691] [ERROR] [logger:62] - 应用启动失败: No module named 'alipay.aop'
[2025-05-26 10:46:34,893] [INFO] [logger:55] - 百速一键AI视频生成应用正在启动... 时间: 2025-05-26 10:46:34
[2025-05-26 10:46:34,893] [INFO] [logger:55] - 正在初始化数据库...
[2025-05-26 10:46:35,461] [ERROR] [logger:62] - 应用启动失败: No module named 'alipay.aop'
[2025-05-26 10:55:15,182] [INFO] [logger:55] - 百速一键AI视频生成应用正在启动... 时间: 2025-05-26 10:55:15
[2025-05-26 10:55:15,182] [INFO] [logger:55] - 正在初始化数据库...
[2025-05-26 10:55:16,073] [ERROR] [logger:62] - 应用启动失败: cannot import name 'AliPay' from 'alipay' (/Users/zhusisi/CascadeProjects/VideoMaker/.venv/lib/python3.13/site-packages/alipay/__init__.py)
[2025-05-26 10:59:21,595] [INFO] [logger:55] - 百速一键AI视频生成应用正在启动... 时间: 2025-05-26 10:59:21
[2025-05-26 10:59:21,595] [INFO] [logger:55] - 正在初始化数据库...
[2025-05-26 10:59:22,275] [ERROR] [logger:62] - 应用启动失败: cannot import name 'AliPay' from 'alipay' (unknown location)
[2025-06-05 16:40:58,290] [INFO] [logger:55] - 用户 test 访问我的视频页面，找到 0 个视频
[2025-06-05 16:41:00,296] [INFO] [logger:55] - 用户 test 访问我的视频页面，找到 0 个视频
[2025-06-05 16:41:02,671] [INFO] [logger:55] - 用户 test 访问我的视频页面，找到 0 个视频
[2025-06-06 08:27:44,243] [INFO] [logger:55] - 百速一键AI视频生成应用正在启动... 时间: 2025-06-06 08:27:44
[2025-06-06 08:27:44,243] [INFO] [logger:55] - 正在初始化数据库...
[2025-06-06 08:27:45,036] [INFO] [logger:55] - 数据库初始化完成
[2025-06-06 08:27:45,036] [INFO] [logger:55] - 百速一键AI视频生成应用服务器已启动，监听端口: 5001
[2025-06-06 08:28:49,011] [INFO] [logger:55] - 百速一键AI视频生成应用正在启动... 时间: 2025-06-06 08:28:49
[2025-06-06 08:28:49,011] [INFO] [logger:55] - 正在初始化数据库...
[2025-06-06 08:28:49,876] [INFO] [logger:55] - 数据库初始化完成
[2025-06-06 08:28:49,876] [INFO] [logger:55] - 百速一键AI视频生成应用服务器已启动，监听端口: 5002
[2025-06-06 08:28:49,943] [INFO] [logger:55] - 百速一键AI视频生成应用正在启动... 时间: 2025-06-06 08:28:49
[2025-06-06 08:28:49,943] [INFO] [logger:55] - 正在初始化数据库...
[2025-06-06 08:28:50,450] [INFO] [logger:55] - 数据库初始化完成
[2025-06-06 08:28:50,450] [INFO] [logger:55] - 百速一键AI视频生成应用服务器已启动，监听端口: 5002
[2025-06-06 08:35:43,719] [INFO] [logger:55] - 百速一键AI视频生成应用正在启动... 时间: 2025-06-06 08:35:43
[2025-06-06 08:35:43,719] [INFO] [logger:55] - 正在初始化数据库...
[2025-06-06 08:35:44,690] [INFO] [logger:55] - 数据库初始化完成
[2025-06-06 08:35:44,690] [INFO] [logger:55] - 百速一键AI视频生成应用服务器已启动，监听端口: 5002
[2025-06-06 08:35:57,496] [INFO] [logger:55] - 百速一键AI视频生成应用正在启动... 时间: 2025-06-06 08:35:57
[2025-06-06 08:35:57,497] [INFO] [logger:55] - 正在初始化数据库...
[2025-06-06 08:35:58,231] [INFO] [logger:55] - 数据库初始化完成
[2025-06-06 08:35:58,231] [INFO] [logger:55] - 百速一键AI视频生成应用服务器已启动，监听端口: 5002
[2025-06-06 08:37:39,927] [INFO] [logger:55] - 用户 admin 访问我的视频页面，找到 7 个视频
[2025-06-06 08:38:00,336] [INFO] [logger:55] - [任务 29a8df23-b897-4874-8417-a77bedf0b4aa] 使用提示词模式生成视频
[2025-06-06 08:50:26,460] [INFO] [logger:55] - 用户 admin 访问我的视频页面，找到 8 个视频
[2025-06-06 08:50:29,151] [INFO] [logger:55] - 用户 admin 访问我的视频页面，找到 8 个视频
[2025-06-06 08:50:32,243] [INFO] [logger:55] - 用户 admin 访问我的视频页面，找到 8 个视频
[2025-06-06 08:50:35,908] [INFO] [logger:55] - 用户 admin 访问我的视频页面，找到 8 个视频
[2025-06-06 08:50:40,036] [INFO] [logger:55] - 用户 admin 访问我的视频页面，找到 8 个视频
[2025-06-06 08:50:42,437] [INFO] [logger:55] - 用户 admin 访问我的视频页面，找到 8 个视频
[2025-06-06 08:52:47,747] [INFO] [logger:55] - 百速一键AI视频生成应用正在启动... 时间: 2025-06-06 08:52:47
[2025-06-06 08:52:47,747] [INFO] [logger:55] - 正在初始化数据库...
[2025-06-06 08:52:48,761] [INFO] [logger:55] - 数据库初始化完成
[2025-06-06 08:52:48,761] [INFO] [logger:55] - 百速一键AI视频生成应用服务器已启动，监听端口: 5002
[2025-06-06 08:53:53,919] [INFO] [logger:55] - 百速一键AI视频生成应用正在启动... 时间: 2025-06-06 08:53:53
[2025-06-06 08:53:53,919] [INFO] [logger:55] - 正在初始化数据库...
[2025-06-06 08:53:54,925] [INFO] [logger:55] - 数据库初始化完成
[2025-06-06 08:53:54,925] [INFO] [logger:55] - 百速一键AI视频生成应用服务器已启动，监听端口: 5002
[2025-06-06 08:56:12,677] [INFO] [logger:55] - 用户 admin 访问我的视频页面，找到 8 个视频
[2025-06-06 09:02:59,265] [INFO] [logger:55] - 百速一键AI视频生成应用正在启动... 时间: 2025-06-06 09:02:59
[2025-06-06 09:02:59,266] [INFO] [logger:55] - 正在初始化数据库...
[2025-06-06 09:03:00,306] [INFO] [logger:55] - 数据库初始化完成
[2025-06-06 09:03:00,306] [INFO] [logger:55] - 百速一键AI视频生成应用服务器已启动，监听端口: 5002
[2025-06-06 09:03:43,188] [INFO] [logger:55] - 用户 admin 访问我的视频页面，找到 2 个视频
[2025-06-06 09:04:27,355] [INFO] [logger:55] - 百速一键AI视频生成应用正在启动... 时间: 2025-06-06 09:04:27
[2025-06-06 09:04:27,356] [INFO] [logger:55] - 正在初始化数据库...
[2025-06-06 09:04:28,199] [INFO] [logger:55] - 数据库初始化完成
[2025-06-06 09:04:28,199] [INFO] [logger:55] - 百速一键AI视频生成应用服务器已启动，监听端口: 5002
[2025-06-06 09:05:26,941] [INFO] [logger:55] - 百速一键AI视频生成应用正在启动... 时间: 2025-06-06 09:05:26
[2025-06-06 09:05:26,941] [INFO] [logger:55] - 正在初始化数据库...
[2025-06-06 09:05:27,831] [INFO] [logger:55] - 数据库初始化完成
[2025-06-06 09:05:27,831] [INFO] [logger:55] - 百速一键AI视频生成应用服务器已启动，监听端口: 5002
[2025-06-06 09:05:34,468] [INFO] [logger:55] - 百速一键AI视频生成应用正在启动... 时间: 2025-06-06 09:05:34
[2025-06-06 09:05:34,468] [INFO] [logger:55] - 正在初始化数据库...
[2025-06-06 09:05:35,241] [INFO] [logger:55] - 数据库初始化完成
[2025-06-06 09:05:35,241] [INFO] [logger:55] - 百速一键AI视频生成应用服务器已启动，监听端口: 5002
[2025-06-06 16:22:56,398] [INFO] [app:1015] - 请求 workstore 文件: 1/认知显微镜/output.mp4
[2025-06-06 16:22:56,400] [ERROR] [app:1038] - 提供文件时出错: name 'send_file' is not defined
Traceback (most recent call last):
  File "/Users/zhusisi/CascadeProjects/VideoMaker/app.py", line 1035, in serve_workstore_file
    return send_file(full_path, conditional=True)
           ^^^^^^^^^
NameError: name 'send_file' is not defined
[2025-06-06 16:23:21,516] [INFO] [app:1015] - 请求 workstore 文件: 1/认知显微镜/output.mp4
[2025-06-06 16:23:21,518] [ERROR] [app:1038] - 提供文件时出错: name 'send_file' is not defined
Traceback (most recent call last):
  File "/Users/zhusisi/CascadeProjects/VideoMaker/app.py", line 1035, in serve_workstore_file
    return send_file(full_path, conditional=True)
           ^^^^^^^^^
NameError: name 'send_file' is not defined
[2025-06-06 16:25:25,201] [INFO] [app:1015] - 请求 workstore 文件: 1/认知显微镜/output.mp4
[2025-06-06 16:25:25,202] [ERROR] [app:1038] - 提供文件时出错: name 'send_file' is not defined
Traceback (most recent call last):
  File "/Users/zhusisi/CascadeProjects/VideoMaker/app.py", line 1035, in serve_workstore_file
    return send_file(full_path, conditional=True)
           ^^^^^^^^^
NameError: name 'send_file' is not defined
[2025-06-06 16:32:35,846] [INFO] [app:1015] - 请求 workstore 文件: 1/认知显微镜/output.mp4
[2025-06-06 16:33:09,629] [INFO] [app:1015] - 请求 workstore 文件: 1/认知显微镜/output.mp4
[2025-06-06 16:33:09,643] [INFO] [app:1015] - 请求 workstore 文件: 1/认知显微镜/output.mp4
[2025-06-06 16:33:14,785] [INFO] [app:1015] - 请求 workstore 文件: 1/认知显微镜/output.mp4
[2025-06-06 16:33:14,792] [INFO] [app:1015] - 请求 workstore 文件: 1/认知显微镜/output.mp4
[2025-06-06 16:36:40,629] [INFO] [app:1015] - 请求 workstore 文件: 1/三只小猪/output.mp4
[2025-06-06 16:41:21,127] [INFO] [app:1018] - 请求 workstore 文件: 1/认知显微镜/covers/cover_4:3.png
[2025-06-06 16:41:21,128] [INFO] [app:1018] - 请求 workstore 文件: 1/三只小猪/covers/cover_4:3.png
[2025-06-06 16:46:06,371] [INFO] [app:1018] - 请求 workstore 文件: 1/认知显微镜/covers/cover_4:3.png
[2025-06-06 16:46:06,372] [INFO] [app:1018] - 请求 workstore 文件: 1/三只小猪/covers/cover_4:3.png
[2025-06-06 16:46:12,581] [INFO] [app:1018] - 请求 workstore 文件: 1/三只小猪/output.mp4
[2025-06-06 16:46:12,603] [INFO] [app:1018] - 请求 workstore 文件: 1/三只小猪/output.mp4
[2025-06-06 16:46:12,618] [INFO] [app:1018] - 请求 workstore 文件: 1/三只小猪/output.mp4
[2025-06-06 16:46:12,620] [INFO] [app:1018] - 请求 workstore 文件: 1/三只小猪/output.mp4
[2025-06-06 16:46:20,860] [INFO] [app:1018] - 请求 workstore 文件: 1/三只小猪/output.mp4
[2025-06-06 16:50:51,955] [INFO] [app:1018] - 请求 workstore 文件: 1/三只小猪/covers/cover_4:3.png
[2025-06-06 16:50:51,955] [INFO] [app:1018] - 请求 workstore 文件: 1/认知显微镜/covers/cover_4:3.png
[2025-06-06 16:57:19,910] [INFO] [app:1073] - 请求 workstore 文件: 1/认知显微镜/covers/cover_4:3.png
[2025-06-06 16:57:19,915] [INFO] [app:1073] - 请求 workstore 文件: 1/三只小猪/covers/cover_4:3.png
[2025-06-09 09:54:13,020] [ERROR] [app:875] - Exception on /admin [GET]
Traceback (most recent call last):
  File "/Users/zhusisi/CascadeProjects/VideoMaker/.venv/lib/python3.13/site-packages/flask/app.py", line 1511, in wsgi_app
    response = self.full_dispatch_request()
  File "/Users/zhusisi/CascadeProjects/VideoMaker/.venv/lib/python3.13/site-packages/flask/app.py", line 919, in full_dispatch_request
    rv = self.handle_user_exception(e)
  File "/Users/zhusisi/CascadeProjects/VideoMaker/.venv/lib/python3.13/site-packages/flask/app.py", line 917, in full_dispatch_request
    rv = self.dispatch_request()
  File "/Users/zhusisi/CascadeProjects/VideoMaker/.venv/lib/python3.13/site-packages/flask/app.py", line 902, in dispatch_request
    return self.ensure_sync(self.view_functions[rule.endpoint])(**view_args)  # type: ignore[no-any-return]
           ~~~~~~~~~~~~~~~~~~~~~~~~~~~~~~~~~~~~~~~~~~~~~~~~~~~~^^^^^^^^^^^^^
  File "/Users/zhusisi/CascadeProjects/VideoMaker/.venv/lib/python3.13/site-packages/flask_login/utils.py", line 290, in decorated_view
    return current_app.ensure_sync(func)(*args, **kwargs)
           ~~~~~~~~~~~~~~~~~~~~~~~~~~~~~^^^^^^^^^^^^^^^^^
  File "/Users/zhusisi/CascadeProjects/VideoMaker/app.py", line 59, in decorated_function
    return f(*args, **kwargs)
  File "/Users/zhusisi/CascadeProjects/VideoMaker/app.py", line 696, in admin_dashboard
    start_date = end_date - timedelta(days=6)
                            ^^^^^^^^^
NameError: name 'timedelta' is not defined
[2025-06-09 09:56:33,081] [ERROR] [app:875] - Exception on /admin [GET]
Traceback (most recent call last):
  File "/Users/zhusisi/CascadeProjects/VideoMaker/.venv/lib/python3.13/site-packages/flask/app.py", line 1511, in wsgi_app
    response = self.full_dispatch_request()
  File "/Users/zhusisi/CascadeProjects/VideoMaker/.venv/lib/python3.13/site-packages/flask/app.py", line 919, in full_dispatch_request
    rv = self.handle_user_exception(e)
  File "/Users/zhusisi/CascadeProjects/VideoMaker/.venv/lib/python3.13/site-packages/flask/app.py", line 917, in full_dispatch_request
    rv = self.dispatch_request()
  File "/Users/zhusisi/CascadeProjects/VideoMaker/.venv/lib/python3.13/site-packages/flask/app.py", line 902, in dispatch_request
    return self.ensure_sync(self.view_functions[rule.endpoint])(**view_args)  # type: ignore[no-any-return]
           ~~~~~~~~~~~~~~~~~~~~~~~~~~~~~~~~~~~~~~~~~~~~~~~~~~~~^^^^^^^^^^^^^
  File "/Users/zhusisi/CascadeProjects/VideoMaker/.venv/lib/python3.13/site-packages/flask_login/utils.py", line 290, in decorated_view
    return current_app.ensure_sync(func)(*args, **kwargs)
           ~~~~~~~~~~~~~~~~~~~~~~~~~~~~~^^^^^^^^^^^^^^^^^
  File "/Users/zhusisi/CascadeProjects/VideoMaker/app.py", line 59, in decorated_function
    return f(*args, **kwargs)
  File "/Users/zhusisi/CascadeProjects/VideoMaker/app.py", line 696, in admin_dashboard
    start_date = end_date - timedelta(days=6)
                            ^^^^^^^^^
NameError: name 'timedelta' is not defined
[2025-06-09 09:56:48,123] [ERROR] [app:875] - Exception on /admin [GET]
Traceback (most recent call last):
  File "/Users/zhusisi/CascadeProjects/VideoMaker/.venv/lib/python3.13/site-packages/flask/app.py", line 1511, in wsgi_app
    response = self.full_dispatch_request()
  File "/Users/zhusisi/CascadeProjects/VideoMaker/.venv/lib/python3.13/site-packages/flask/app.py", line 919, in full_dispatch_request
    rv = self.handle_user_exception(e)
  File "/Users/zhusisi/CascadeProjects/VideoMaker/.venv/lib/python3.13/site-packages/flask/app.py", line 917, in full_dispatch_request
    rv = self.dispatch_request()
  File "/Users/zhusisi/CascadeProjects/VideoMaker/.venv/lib/python3.13/site-packages/flask/app.py", line 902, in dispatch_request
    return self.ensure_sync(self.view_functions[rule.endpoint])(**view_args)  # type: ignore[no-any-return]
           ~~~~~~~~~~~~~~~~~~~~~~~~~~~~~~~~~~~~~~~~~~~~~~~~~~~~^^^^^^^^^^^^^
  File "/Users/zhusisi/CascadeProjects/VideoMaker/.venv/lib/python3.13/site-packages/flask_login/utils.py", line 290, in decorated_view
    return current_app.ensure_sync(func)(*args, **kwargs)
           ~~~~~~~~~~~~~~~~~~~~~~~~~~~~~^^^^^^^^^^^^^^^^^
  File "/Users/zhusisi/CascadeProjects/VideoMaker/app.py", line 59, in decorated_function
    return f(*args, **kwargs)
  File "/Users/zhusisi/CascadeProjects/VideoMaker/app.py", line 696, in admin_dashboard
    start_date = end_date - timedelta(days=6)
                            ^^^^^^^^^
NameError: name 'timedelta' is not defined
[2025-06-09 10:06:20,876] [ERROR] [app:875] - Exception on /admin/user/2/edit [GET]
Traceback (most recent call last):
  File "/Users/zhusisi/CascadeProjects/VideoMaker/.venv/lib/python3.13/site-packages/flask/app.py", line 1511, in wsgi_app
    response = self.full_dispatch_request()
  File "/Users/zhusisi/CascadeProjects/VideoMaker/.venv/lib/python3.13/site-packages/flask/app.py", line 919, in full_dispatch_request
    rv = self.handle_user_exception(e)
  File "/Users/zhusisi/CascadeProjects/VideoMaker/.venv/lib/python3.13/site-packages/flask/app.py", line 917, in full_dispatch_request
    rv = self.dispatch_request()
  File "/Users/zhusisi/CascadeProjects/VideoMaker/.venv/lib/python3.13/site-packages/flask/app.py", line 902, in dispatch_request
    return self.ensure_sync(self.view_functions[rule.endpoint])(**view_args)  # type: ignore[no-any-return]
           ~~~~~~~~~~~~~~~~~~~~~~~~~~~~~~~~~~~~~~~~~~~~~~~~~~~~^^^^^^^^^^^^^
  File "/Users/zhusisi/CascadeProjects/VideoMaker/.venv/lib/python3.13/site-packages/flask_login/utils.py", line 290, in decorated_view
    return current_app.ensure_sync(func)(*args, **kwargs)
           ~~~~~~~~~~~~~~~~~~~~~~~~~~~~~^^^^^^^^^^^^^^^^^
  File "/Users/zhusisi/CascadeProjects/VideoMaker/app.py", line 59, in decorated_function
    return f(*args, **kwargs)
  File "/Users/zhusisi/CascadeProjects/VideoMaker/app.py", line 800, in admin_edit_user
    return render_template('admin/edit_user.html', user=user)
  File "/Users/zhusisi/CascadeProjects/VideoMaker/.venv/lib/python3.13/site-packages/flask/templating.py", line 149, in render_template
    template = app.jinja_env.get_or_select_template(template_name_or_list)
  File "/Users/zhusisi/CascadeProjects/VideoMaker/.venv/lib/python3.13/site-packages/jinja2/environment.py", line 1087, in get_or_select_template
    return self.get_template(template_name_or_list, parent, globals)
           ~~~~~~~~~~~~~~~~~^^^^^^^^^^^^^^^^^^^^^^^^^^^^^^^^^^^^^^^^
  File "/Users/zhusisi/CascadeProjects/VideoMaker/.venv/lib/python3.13/site-packages/jinja2/environment.py", line 1016, in get_template
    return self._load_template(name, globals)
           ~~~~~~~~~~~~~~~~~~~^^^^^^^^^^^^^^^
  File "/Users/zhusisi/CascadeProjects/VideoMaker/.venv/lib/python3.13/site-packages/jinja2/environment.py", line 975, in _load_template
    template = self.loader.load(self, name, self.make_globals(globals))
  File "/Users/zhusisi/CascadeProjects/VideoMaker/.venv/lib/python3.13/site-packages/jinja2/loaders.py", line 138, in load
    code = environment.compile(source, name, filename)
  File "/Users/zhusisi/CascadeProjects/VideoMaker/.venv/lib/python3.13/site-packages/jinja2/environment.py", line 771, in compile
    self.handle_exception(source=source_hint)
    ~~~~~~~~~~~~~~~~~~~~~^^^^^^^^^^^^^^^^^^^^
  File "/Users/zhusisi/CascadeProjects/VideoMaker/.venv/lib/python3.13/site-packages/jinja2/environment.py", line 942, in handle_exception
    raise rewrite_traceback_stack(source=source)
  File "/Users/zhusisi/CascadeProjects/VideoMaker/templates/admin/edit_user.html", line 124, in template
    <span class="badge bg-light text-dark">{{ log.created_at|humanize() }}</span>
    
jinja2.exceptions.TemplateAssertionError: No filter named 'humanize'.
[2025-06-09 10:19:48,411] [ERROR] [app:875] - Exception on /admin/user/2/edit [GET]
Traceback (most recent call last):
  File "/Users/zhusisi/CascadeProjects/VideoMaker/.venv/lib/python3.13/site-packages/flask/app.py", line 1511, in wsgi_app
    response = self.full_dispatch_request()
  File "/Users/zhusisi/CascadeProjects/VideoMaker/.venv/lib/python3.13/site-packages/flask/app.py", line 919, in full_dispatch_request
    rv = self.handle_user_exception(e)
  File "/Users/zhusisi/CascadeProjects/VideoMaker/.venv/lib/python3.13/site-packages/flask/app.py", line 917, in full_dispatch_request
    rv = self.dispatch_request()
  File "/Users/zhusisi/CascadeProjects/VideoMaker/.venv/lib/python3.13/site-packages/flask/app.py", line 902, in dispatch_request
    return self.ensure_sync(self.view_functions[rule.endpoint])(**view_args)  # type: ignore[no-any-return]
           ~~~~~~~~~~~~~~~~~~~~~~~~~~~~~~~~~~~~~~~~~~~~~~~~~~~~^^^^^^^^^^^^^
  File "/Users/zhusisi/CascadeProjects/VideoMaker/.venv/lib/python3.13/site-packages/flask_login/utils.py", line 290, in decorated_view
    return current_app.ensure_sync(func)(*args, **kwargs)
           ~~~~~~~~~~~~~~~~~~~~~~~~~~~~~^^^^^^^^^^^^^^^^^
  File "/Users/zhusisi/CascadeProjects/VideoMaker/app.py", line 62, in decorated_function
    return f(*args, **kwargs)
  File "/Users/zhusisi/CascadeProjects/VideoMaker/app.py", line 803, in admin_edit_user
    return render_template('admin/edit_user.html', user=user)
  File "/Users/zhusisi/CascadeProjects/VideoMaker/.venv/lib/python3.13/site-packages/flask/templating.py", line 150, in render_template
    return _render(app, template, context)
  File "/Users/zhusisi/CascadeProjects/VideoMaker/.venv/lib/python3.13/site-packages/flask/templating.py", line 131, in _render
    rv = template.render(context)
  File "/Users/zhusisi/CascadeProjects/VideoMaker/.venv/lib/python3.13/site-packages/jinja2/environment.py", line 1295, in render
    self.environment.handle_exception()
    ~~~~~~~~~~~~~~~~~~~~~~~~~~~~~~~~~^^
  File "/Users/zhusisi/CascadeProjects/VideoMaker/.venv/lib/python3.13/site-packages/jinja2/environment.py", line 942, in handle_exception
    raise rewrite_traceback_stack(source=source)
  File "/Users/zhusisi/CascadeProjects/VideoMaker/templates/admin/edit_user.html", line 1, in top-level template code
    {% extends "admin/base.html" %}
    ^^^^^^^^^^^^^^^^^^^^^^^^^
  File "/Users/zhusisi/CascadeProjects/VideoMaker/templates/admin/base.html", line 112, in top-level template code
    {% block content %}{% endblock %}
    ^^^^^^^^^
  File "/Users/zhusisi/CascadeProjects/VideoMaker/templates/admin/edit_user.html", line 123, in block 'content'
    <div class="small text-muted">{{ log.created_at.strftime('%m-%d %H:%M') }}</div>
    
  File "/Users/zhusisi/CascadeProjects/VideoMaker/.venv/lib/python3.13/site-packages/jinja2/environment.py", line 490, in getattr
    return getattr(obj, attribute)
jinja2.exceptions.UndefinedError: 'list object' has no attribute 'created_at'
[2025-06-09 10:20:51,704] [ERROR] [app:875] - Exception on /admin/users [GET]
Traceback (most recent call last):
  File "/Users/zhusisi/CascadeProjects/VideoMaker/.venv/lib/python3.13/site-packages/flask/app.py", line 1511, in wsgi_app
    response = self.full_dispatch_request()
  File "/Users/zhusisi/CascadeProjects/VideoMaker/.venv/lib/python3.13/site-packages/flask/app.py", line 919, in full_dispatch_request
    rv = self.handle_user_exception(e)
  File "/Users/zhusisi/CascadeProjects/VideoMaker/.venv/lib/python3.13/site-packages/flask/app.py", line 917, in full_dispatch_request
    rv = self.dispatch_request()
  File "/Users/zhusisi/CascadeProjects/VideoMaker/.venv/lib/python3.13/site-packages/flask/app.py", line 902, in dispatch_request
    return self.ensure_sync(self.view_functions[rule.endpoint])(**view_args)  # type: ignore[no-any-return]
           ~~~~~~~~~~~~~~~~~~~~~~~~~~~~~~~~~~~~~~~~~~~~~~~~~~~~^^^^^^^^^^^^^
  File "/Users/zhusisi/CascadeProjects/VideoMaker/.venv/lib/python3.13/site-packages/flask_login/utils.py", line 290, in decorated_view
    return current_app.ensure_sync(func)(*args, **kwargs)
           ~~~~~~~~~~~~~~~~~~~~~~~~~~~~~^^^^^^^^^^^^^^^^^
  File "/Users/zhusisi/CascadeProjects/VideoMaker/app.py", line 62, in decorated_function
    return f(*args, **kwargs)
  File "/Users/zhusisi/CascadeProjects/VideoMaker/app.py", line 773, in admin_users
    return render_template('admin/users.html',
                         users=users,
                         pagination=pagination,
                         total_users=query.count())
  File "/Users/zhusisi/CascadeProjects/VideoMaker/.venv/lib/python3.13/site-packages/flask/templating.py", line 150, in render_template
    return _render(app, template, context)
  File "/Users/zhusisi/CascadeProjects/VideoMaker/.venv/lib/python3.13/site-packages/flask/templating.py", line 131, in _render
    rv = template.render(context)
  File "/Users/zhusisi/CascadeProjects/VideoMaker/.venv/lib/python3.13/site-packages/jinja2/environment.py", line 1295, in render
    self.environment.handle_exception()
    ~~~~~~~~~~~~~~~~~~~~~~~~~~~~~~~~~^^
  File "/Users/zhusisi/CascadeProjects/VideoMaker/.venv/lib/python3.13/site-packages/jinja2/environment.py", line 942, in handle_exception
    raise rewrite_traceback_stack(source=source)
  File "/Users/zhusisi/CascadeProjects/VideoMaker/templates/admin/users.html", line 1, in top-level template code
    {% extends "admin/base.html" %}
    ^^^^^^^^^^^^^^^^^^^^^^^^^
  File "/Users/zhusisi/CascadeProjects/VideoMaker/templates/admin/base.html", line 112, in top-level template code
    {% block content %}{% endblock %}
    ^^^^^^^^^
  File "/Users/zhusisi/CascadeProjects/VideoMaker/templates/admin/users.html", line 129, in block 'content'
    {% for page_num in pagination.pages %}
    ^^^^^^^^^
TypeError: 'int' object is not iterable
[2025-06-09 10:22:46,160] [ERROR] [app:875] - Exception on /admin/user/2/edit [GET]
Traceback (most recent call last):
  File "/Users/zhusisi/CascadeProjects/VideoMaker/.venv/lib/python3.13/site-packages/flask/app.py", line 1511, in wsgi_app
    response = self.full_dispatch_request()
  File "/Users/zhusisi/CascadeProjects/VideoMaker/.venv/lib/python3.13/site-packages/flask/app.py", line 919, in full_dispatch_request
    rv = self.handle_user_exception(e)
  File "/Users/zhusisi/CascadeProjects/VideoMaker/.venv/lib/python3.13/site-packages/flask/app.py", line 917, in full_dispatch_request
    rv = self.dispatch_request()
  File "/Users/zhusisi/CascadeProjects/VideoMaker/.venv/lib/python3.13/site-packages/flask/app.py", line 902, in dispatch_request
    return self.ensure_sync(self.view_functions[rule.endpoint])(**view_args)  # type: ignore[no-any-return]
           ~~~~~~~~~~~~~~~~~~~~~~~~~~~~~~~~~~~~~~~~~~~~~~~~~~~~^^^^^^^^^^^^^
  File "/Users/zhusisi/CascadeProjects/VideoMaker/.venv/lib/python3.13/site-packages/flask_login/utils.py", line 290, in decorated_view
    return current_app.ensure_sync(func)(*args, **kwargs)
           ~~~~~~~~~~~~~~~~~~~~~~~~~~~~~^^^^^^^^^^^^^^^^^
  File "/Users/zhusisi/CascadeProjects/VideoMaker/app.py", line 62, in decorated_function
    return f(*args, **kwargs)
  File "/Users/zhusisi/CascadeProjects/VideoMaker/app.py", line 803, in admin_edit_user
  File "/Users/zhusisi/CascadeProjects/VideoMaker/.venv/lib/python3.13/site-packages/flask/templating.py", line 150, in render_template
    return _render(app, template, context)
  File "/Users/zhusisi/CascadeProjects/VideoMaker/.venv/lib/python3.13/site-packages/flask/templating.py", line 131, in _render
    rv = template.render(context)
  File "/Users/zhusisi/CascadeProjects/VideoMaker/.venv/lib/python3.13/site-packages/jinja2/environment.py", line 1295, in render
    self.environment.handle_exception()
    ~~~~~~~~~~~~~~~~~~~~~~~~~~~~~~~~~^^
  File "/Users/zhusisi/CascadeProjects/VideoMaker/.venv/lib/python3.13/site-packages/jinja2/environment.py", line 942, in handle_exception
    raise rewrite_traceback_stack(source=source)
  File "/Users/zhusisi/CascadeProjects/VideoMaker/templates/admin/edit_user.html", line 1, in top-level template code
    {% extends "admin/base.html" %}
    ^^^^^^^^^^^^^^^^^^^^^^^^^
  File "/Users/zhusisi/CascadeProjects/VideoMaker/templates/admin/base.html", line 112, in top-level template code
    {% block content %}{% endblock %}
    ^^^^^^^^^
  File "/Users/zhusisi/CascadeProjects/VideoMaker/templates/admin/edit_user.html", line 123, in block 'content'
    <div class="small text-muted">{{ log.created_at.strftime('%m-%d %H:%M') }}</div>
    
  File "/Users/zhusisi/CascadeProjects/VideoMaker/.venv/lib/python3.13/site-packages/jinja2/environment.py", line 490, in getattr
    return getattr(obj, attribute)
jinja2.exceptions.UndefinedError: 'list object' has no attribute 'created_at'
[2025-06-09 10:23:03,063] [ERROR] [app:875] - Exception on /admin/user/2/edit [GET]
Traceback (most recent call last):
  File "/Users/zhusisi/CascadeProjects/VideoMaker/.venv/lib/python3.13/site-packages/flask/app.py", line 1511, in wsgi_app
    response = self.full_dispatch_request()
  File "/Users/zhusisi/CascadeProjects/VideoMaker/.venv/lib/python3.13/site-packages/flask/app.py", line 919, in full_dispatch_request
    rv = self.handle_user_exception(e)
  File "/Users/zhusisi/CascadeProjects/VideoMaker/.venv/lib/python3.13/site-packages/flask/app.py", line 917, in full_dispatch_request
    rv = self.dispatch_request()
  File "/Users/zhusisi/CascadeProjects/VideoMaker/.venv/lib/python3.13/site-packages/flask/app.py", line 902, in dispatch_request
    return self.ensure_sync(self.view_functions[rule.endpoint])(**view_args)  # type: ignore[no-any-return]
           ~~~~~~~~~~~~~~~~~~~~~~~~~~~~~~~~~~~~~~~~~~~~~~~~~~~~^^^^^^^^^^^^^
  File "/Users/zhusisi/CascadeProjects/VideoMaker/.venv/lib/python3.13/site-packages/flask_login/utils.py", line 290, in decorated_view
    return current_app.ensure_sync(func)(*args, **kwargs)
           ~~~~~~~~~~~~~~~~~~~~~~~~~~~~~^^^^^^^^^^^^^^^^^
  File "/Users/zhusisi/CascadeProjects/VideoMaker/app.py", line 62, in decorated_function
    return f(*args, **kwargs)
  File "/Users/zhusisi/CascadeProjects/VideoMaker/app.py", line 804, in admin_edit_user
    return render_template('admin/edit_user.html', user=user)
  File "/Users/zhusisi/CascadeProjects/VideoMaker/.venv/lib/python3.13/site-packages/flask/templating.py", line 150, in render_template
    return _render(app, template, context)
  File "/Users/zhusisi/CascadeProjects/VideoMaker/.venv/lib/python3.13/site-packages/flask/templating.py", line 131, in _render
    rv = template.render(context)
  File "/Users/zhusisi/CascadeProjects/VideoMaker/.venv/lib/python3.13/site-packages/jinja2/environment.py", line 1295, in render
    self.environment.handle_exception()
    ~~~~~~~~~~~~~~~~~~~~~~~~~~~~~~~~~^^
  File "/Users/zhusisi/CascadeProjects/VideoMaker/.venv/lib/python3.13/site-packages/jinja2/environment.py", line 942, in handle_exception
    raise rewrite_traceback_stack(source=source)
  File "/Users/zhusisi/CascadeProjects/VideoMaker/templates/admin/edit_user.html", line 1, in top-level template code
    {% extends "admin/base.html" %}
    ^^^^^^^^^^^^^^^^^^^^^^^^^
  File "/Users/zhusisi/CascadeProjects/VideoMaker/templates/admin/base.html", line 112, in top-level template code
    {% block content %}{% endblock %}
    ^^^^^^^^^
  File "/Users/zhusisi/CascadeProjects/VideoMaker/templates/admin/edit_user.html", line 123, in block 'content'
    <div class="small text-muted">{{ log.created_at.strftime('%m-%d %H:%M') }}</div>
    
  File "/Users/zhusisi/CascadeProjects/VideoMaker/.venv/lib/python3.13/site-packages/jinja2/environment.py", line 490, in getattr
    return getattr(obj, attribute)
jinja2.exceptions.UndefinedError: 'list object' has no attribute 'created_at'
[2025-06-09 10:44:15,002] [ERROR] [app:875] - Exception on /admin/user/2/edit [GET]
Traceback (most recent call last):
  File "/Users/zhusisi/CascadeProjects/VideoMaker/.venv/lib/python3.13/site-packages/flask/app.py", line 1511, in wsgi_app
    response = self.full_dispatch_request()
  File "/Users/zhusisi/CascadeProjects/VideoMaker/.venv/lib/python3.13/site-packages/flask/app.py", line 919, in full_dispatch_request
    rv = self.handle_user_exception(e)
  File "/Users/zhusisi/CascadeProjects/VideoMaker/.venv/lib/python3.13/site-packages/flask/app.py", line 917, in full_dispatch_request
    rv = self.dispatch_request()
  File "/Users/zhusisi/CascadeProjects/VideoMaker/.venv/lib/python3.13/site-packages/flask/app.py", line 902, in dispatch_request
    return self.ensure_sync(self.view_functions[rule.endpoint])(**view_args)  # type: ignore[no-any-return]
           ~~~~~~~~~~~~~~~~~~~~~~~~~~~~~~~~~~~~~~~~~~~~~~~~~~~~^^^^^^^^^^^^^
  File "/Users/zhusisi/CascadeProjects/VideoMaker/.venv/lib/python3.13/site-packages/flask_login/utils.py", line 290, in decorated_view
    return current_app.ensure_sync(func)(*args, **kwargs)
           ~~~~~~~~~~~~~~~~~~~~~~~~~~~~~^^^^^^^^^^^^^^^^^
  File "/Users/zhusisi/CascadeProjects/VideoMaker/app.py", line 62, in decorated_function
    return f(*args, **kwargs)
  File "/Users/zhusisi/CascadeProjects/VideoMaker/app.py", line 804, in admin_edit_user
    return render_template('admin/edit_user.html', user=user)
  File "/Users/zhusisi/CascadeProjects/VideoMaker/.venv/lib/python3.13/site-packages/flask/templating.py", line 150, in render_template
    return _render(app, template, context)
  File "/Users/zhusisi/CascadeProjects/VideoMaker/.venv/lib/python3.13/site-packages/flask/templating.py", line 131, in _render
    rv = template.render(context)
  File "/Users/zhusisi/CascadeProjects/VideoMaker/.venv/lib/python3.13/site-packages/jinja2/environment.py", line 1295, in render
    self.environment.handle_exception()
    ~~~~~~~~~~~~~~~~~~~~~~~~~~~~~~~~~^^
  File "/Users/zhusisi/CascadeProjects/VideoMaker/.venv/lib/python3.13/site-packages/jinja2/environment.py", line 942, in handle_exception
    raise rewrite_traceback_stack(source=source)
  File "/Users/zhusisi/CascadeProjects/VideoMaker/templates/admin/edit_user.html", line 1, in top-level template code
    {% extends "admin/base.html" %}
    ^^^^^^^^^^^^^^^^^^^^^^^^^
  File "/Users/zhusisi/CascadeProjects/VideoMaker/templates/admin/base.html", line 112, in top-level template code
    {% block content %}{% endblock %}
    ^^^^^^^^^
  File "/Users/zhusisi/CascadeProjects/VideoMaker/templates/admin/edit_user.html", line 123, in block 'content'
    <div class="small text-muted">{{ log.created_at.strftime('%m-%d %H:%M') }}</div>
    
  File "/Users/zhusisi/CascadeProjects/VideoMaker/.venv/lib/python3.13/site-packages/jinja2/environment.py", line 490, in getattr
    return getattr(obj, attribute)
jinja2.exceptions.UndefinedError: 'list object' has no attribute 'created_at'
[2025-06-09 14:55:20,261] [INFO] [logger:55] - 百速一键AI视频生成应用正在启动... 时间: 2025-06-09 14:55:20
[2025-06-09 14:55:20,262] [INFO] [logger:55] - 正在初始化数据库...
[2025-06-09 14:55:21,448] [INFO] [logger:55] - 数据库初始化完成
[2025-06-09 14:55:21,448] [INFO] [logger:55] - 百速一键AI视频生成应用服务器已启动，监听端口: 5002
[2025-06-09 14:55:21,545] [INFO] [logger:55] - 百速一键AI视频生成应用正在启动... 时间: 2025-06-09 14:55:21
[2025-06-09 14:55:21,545] [INFO] [logger:55] - 正在初始化数据库...
[2025-06-09 14:55:22,020] [INFO] [logger:55] - 数据库初始化完成
[2025-06-09 14:55:22,020] [INFO] [logger:55] - 百速一键AI视频生成应用服务器已启动，监听端口: 5002
[2025-06-09 15:00:04,024] [INFO] [logger:55] - 百速一键AI视频生成应用正在启动... 时间: 2025-06-09 15:00:04
[2025-06-09 15:00:04,024] [INFO] [logger:55] - 正在初始化数据库...
[2025-06-09 15:00:05,033] [INFO] [logger:55] - 数据库初始化完成
[2025-06-09 15:00:05,034] [INFO] [logger:55] - 百速一键AI视频生成应用服务器已启动，监听端口: 5002
[2025-06-09 15:02:01,303] [INFO] [logger:55] - 百速一键AI视频生成应用正在启动... 时间: 2025-06-09 15:02:01
[2025-06-09 15:02:01,304] [INFO] [logger:55] - 正在初始化数据库...
[2025-06-09 15:02:02,034] [INFO] [logger:55] - 数据库初始化完成
[2025-06-09 15:02:02,035] [INFO] [logger:55] - 百速一键AI视频生成应用服务器已启动，监听端口: 5002
[2025-06-09 15:04:34,979] [INFO] [logger:55] - 百速一键AI视频生成应用正在启动... 时间: 2025-06-09 15:04:34
[2025-06-09 15:04:34,979] [INFO] [logger:55] - 正在初始化数据库...
[2025-06-09 15:04:35,916] [INFO] [logger:55] - 数据库初始化完成
[2025-06-09 15:04:35,916] [INFO] [logger:55] - 百速一键AI视频生成应用服务器已启动，监听端口: 5002
[2025-06-09 15:04:46,669] [INFO] [logger:55] - 百速一键AI视频生成应用正在启动... 时间: 2025-06-09 15:04:46
[2025-06-09 15:04:46,669] [INFO] [logger:55] - 正在初始化数据库...
[2025-06-09 15:04:47,574] [INFO] [logger:55] - 数据库初始化完成
[2025-06-09 15:04:47,574] [INFO] [logger:55] - 百速一键AI视频生成应用服务器已启动，监听端口: 5002
[2025-06-09 15:04:49,880] [INFO] [logger:55] - 百速一键AI视频生成应用正在启动... 时间: 2025-06-09 15:04:49
[2025-06-09 15:04:49,880] [INFO] [logger:55] - 正在初始化数据库...
[2025-06-09 15:04:50,604] [INFO] [logger:55] - 数据库初始化完成
[2025-06-09 15:04:50,604] [INFO] [logger:55] - 百速一键AI视频生成应用服务器已启动，监听端口: 5002
[2025-06-09 16:02:08,740] [ERROR] [app:875] - Exception on /admin/users [GET]
Traceback (most recent call last):
  File "/Users/zhusisi/CascadeProjects/VideoMaker/.venv/lib/python3.13/site-packages/flask/app.py", line 1511, in wsgi_app
    response = self.full_dispatch_request()
  File "/Users/zhusisi/CascadeProjects/VideoMaker/.venv/lib/python3.13/site-packages/flask/app.py", line 919, in full_dispatch_request
    rv = self.handle_user_exception(e)
  File "/Users/zhusisi/CascadeProjects/VideoMaker/.venv/lib/python3.13/site-packages/flask/app.py", line 917, in full_dispatch_request
    rv = self.dispatch_request()
  File "/Users/zhusisi/CascadeProjects/VideoMaker/.venv/lib/python3.13/site-packages/flask/app.py", line 902, in dispatch_request
    return self.ensure_sync(self.view_functions[rule.endpoint])(**view_args)  # type: ignore[no-any-return]
           ~~~~~~~~~~~~~~~~~~~~~~~~~~~~~~~~~~~~~~~~~~~~~~~~~~~~^^^^^^^^^^^^^
  File "/Users/zhusisi/CascadeProjects/VideoMaker/.venv/lib/python3.13/site-packages/flask_login/utils.py", line 290, in decorated_view
    return current_app.ensure_sync(func)(*args, **kwargs)
           ~~~~~~~~~~~~~~~~~~~~~~~~~~~~~^^^^^^^^^^^^^^^^^
  File "/Users/zhusisi/CascadeProjects/VideoMaker/app.py", line 65, in decorated_function
    return f(*args, **kwargs)
  File "/Users/zhusisi/CascadeProjects/VideoMaker/app.py", line 799, in admin_users
    return render_template('admin/users.html',
                         users=users,
                         pagination=pagination,
                         total_users=query.count())
  File "/Users/zhusisi/CascadeProjects/VideoMaker/.venv/lib/python3.13/site-packages/flask/templating.py", line 150, in render_template
    return _render(app, template, context)
  File "/Users/zhusisi/CascadeProjects/VideoMaker/.venv/lib/python3.13/site-packages/flask/templating.py", line 131, in _render
    rv = template.render(context)
  File "/Users/zhusisi/CascadeProjects/VideoMaker/.venv/lib/python3.13/site-packages/jinja2/environment.py", line 1295, in render
    self.environment.handle_exception()
    ~~~~~~~~~~~~~~~~~~~~~~~~~~~~~~~~~^^
  File "/Users/zhusisi/CascadeProjects/VideoMaker/.venv/lib/python3.13/site-packages/jinja2/environment.py", line 942, in handle_exception
    raise rewrite_traceback_stack(source=source)
  File "/Users/zhusisi/CascadeProjects/VideoMaker/templates/admin/users.html", line 1, in top-level template code
    {% extends "admin/base.html" %}
    ^^^^^^^^^^^^^^^^^^^^^^^^^
  File "/Users/zhusisi/CascadeProjects/VideoMaker/templates/admin/base.html", line 112, in top-level template code
    {% block content %}{% endblock %}
    ^^^^^^^^^
  File "/Users/zhusisi/CascadeProjects/VideoMaker/templates/admin/users.html", line 129, in block 'content'
    {% for page_num in pagination.pages %}
    ^^^^^^^^^
TypeError: 'int' object is not iterable
[2025-06-09 16:02:35,695] [ERROR] [app:875] - Exception on /admin/users [GET]
Traceback (most recent call last):
  File "/Users/zhusisi/CascadeProjects/VideoMaker/.venv/lib/python3.13/site-packages/flask/app.py", line 1511, in wsgi_app
    response = self.full_dispatch_request()
  File "/Users/zhusisi/CascadeProjects/VideoMaker/.venv/lib/python3.13/site-packages/flask/app.py", line 919, in full_dispatch_request
    rv = self.handle_user_exception(e)
  File "/Users/zhusisi/CascadeProjects/VideoMaker/.venv/lib/python3.13/site-packages/flask/app.py", line 917, in full_dispatch_request
    rv = self.dispatch_request()
  File "/Users/zhusisi/CascadeProjects/VideoMaker/.venv/lib/python3.13/site-packages/flask/app.py", line 902, in dispatch_request
    return self.ensure_sync(self.view_functions[rule.endpoint])(**view_args)  # type: ignore[no-any-return]
           ~~~~~~~~~~~~~~~~~~~~~~~~~~~~~~~~~~~~~~~~~~~~~~~~~~~~^^^^^^^^^^^^^
  File "/Users/zhusisi/CascadeProjects/VideoMaker/.venv/lib/python3.13/site-packages/flask_login/utils.py", line 290, in decorated_view
    return current_app.ensure_sync(func)(*args, **kwargs)
           ~~~~~~~~~~~~~~~~~~~~~~~~~~~~~^^^^^^^^^^^^^^^^^
  File "/Users/zhusisi/CascadeProjects/VideoMaker/app.py", line 65, in decorated_function
    return f(*args, **kwargs)
  File "/Users/zhusisi/CascadeProjects/VideoMaker/app.py", line 799, in admin_users
    return render_template('admin/users.html',
                         users=users,
                         pagination=pagination,
                         total_users=query.count())
  File "/Users/zhusisi/CascadeProjects/VideoMaker/.venv/lib/python3.13/site-packages/flask/templating.py", line 150, in render_template
    return _render(app, template, context)
  File "/Users/zhusisi/CascadeProjects/VideoMaker/.venv/lib/python3.13/site-packages/flask/templating.py", line 131, in _render
    rv = template.render(context)
  File "/Users/zhusisi/CascadeProjects/VideoMaker/.venv/lib/python3.13/site-packages/jinja2/environment.py", line 1295, in render
    self.environment.handle_exception()
    ~~~~~~~~~~~~~~~~~~~~~~~~~~~~~~~~~^^
  File "/Users/zhusisi/CascadeProjects/VideoMaker/.venv/lib/python3.13/site-packages/jinja2/environment.py", line 942, in handle_exception
    raise rewrite_traceback_stack(source=source)
  File "/Users/zhusisi/CascadeProjects/VideoMaker/templates/admin/users.html", line 1, in top-level template code
    {% extends "admin/base.html" %}
    ^^^^^^^^^^^^^^^^^^^^^^^^^
  File "/Users/zhusisi/CascadeProjects/VideoMaker/templates/admin/base.html", line 112, in top-level template code
    {% block content %}{% endblock %}
    ^^^^^^^^^
  File "/Users/zhusisi/CascadeProjects/VideoMaker/templates/admin/users.html", line 129, in block 'content'
    {% for page_num in pagination.pages %}
    ^^^^^^^^^
TypeError: 'int' object is not iterable
[2025-06-09 16:05:30,667] [ERROR] [app:875] - Exception on /admin/users [GET]
Traceback (most recent call last):
  File "/Users/zhusisi/CascadeProjects/VideoMaker/.venv/lib/python3.13/site-packages/flask/app.py", line 1511, in wsgi_app
    response = self.full_dispatch_request()
  File "/Users/zhusisi/CascadeProjects/VideoMaker/.venv/lib/python3.13/site-packages/flask/app.py", line 919, in full_dispatch_request
    rv = self.handle_user_exception(e)
  File "/Users/zhusisi/CascadeProjects/VideoMaker/.venv/lib/python3.13/site-packages/flask/app.py", line 917, in full_dispatch_request
    rv = self.dispatch_request()
  File "/Users/zhusisi/CascadeProjects/VideoMaker/.venv/lib/python3.13/site-packages/flask/app.py", line 902, in dispatch_request
    return self.ensure_sync(self.view_functions[rule.endpoint])(**view_args)  # type: ignore[no-any-return]
           ~~~~~~~~~~~~~~~~~~~~~~~~~~~~~~~~~~~~~~~~~~~~~~~~~~~~^^^^^^^^^^^^^
  File "/Users/zhusisi/CascadeProjects/VideoMaker/.venv/lib/python3.13/site-packages/flask_login/utils.py", line 290, in decorated_view
    return current_app.ensure_sync(func)(*args, **kwargs)
           ~~~~~~~~~~~~~~~~~~~~~~~~~~~~~^^^^^^^^^^^^^^^^^
  File "/Users/zhusisi/CascadeProjects/VideoMaker/app.py", line 65, in decorated_function
    return f(*args, **kwargs)
  File "/Users/zhusisi/CascadeProjects/VideoMaker/app.py", line 799, in admin_users
    return render_template('admin/users.html',
                         users=users,
                         pagination=pagination,
                         total_users=query.count())
  File "/Users/zhusisi/CascadeProjects/VideoMaker/.venv/lib/python3.13/site-packages/flask/templating.py", line 150, in render_template
    return _render(app, template, context)
  File "/Users/zhusisi/CascadeProjects/VideoMaker/.venv/lib/python3.13/site-packages/flask/templating.py", line 131, in _render
    rv = template.render(context)
  File "/Users/zhusisi/CascadeProjects/VideoMaker/.venv/lib/python3.13/site-packages/jinja2/environment.py", line 1295, in render
    self.environment.handle_exception()
    ~~~~~~~~~~~~~~~~~~~~~~~~~~~~~~~~~^^
  File "/Users/zhusisi/CascadeProjects/VideoMaker/.venv/lib/python3.13/site-packages/jinja2/environment.py", line 942, in handle_exception
    raise rewrite_traceback_stack(source=source)
  File "/Users/zhusisi/CascadeProjects/VideoMaker/templates/admin/users.html", line 1, in top-level template code
    {% extends "admin/base.html" %}
    ^^^^^^^^^^^^^^^^^^^^^^^^^
  File "/Users/zhusisi/CascadeProjects/VideoMaker/templates/admin/base.html", line 112, in top-level template code
    {% block content %}{% endblock %}
    ^^^^^^^^^
  File "/Users/zhusisi/CascadeProjects/VideoMaker/templates/admin/users.html", line 129, in block 'content'
    {% for page_num in range(1, pagination.pages + 1) %}
    ^^^^^^^^^
TypeError: 'int' object is not iterable
[2025-06-09 16:08:57,138] [INFO] [app:1110] - 请求 workstore 文件: 1/三只小猪/covers/cover_4:3.png
[2025-06-09 16:08:57,150] [INFO] [app:1110] - 请求 workstore 文件: 1/认知显微镜/covers/cover_4:3.png
[2025-06-09 16:16:15,379] [INFO] [logger:55] - [任务 3822561f-5174-49b2-b210-71aba7ecb2c0] 使用文案模式生成视频
[2025-06-09 16:21:11,310] [INFO] [app:1110] - 请求 workstore 文件: 1/丑小鸭变形记/covers/cover_4:3.png
[2025-06-09 16:21:52,095] [INFO] [app:1110] - 请求 workstore 文件: 1/workstore/2/丑小鸭变形记/output.mp4
[2025-06-09 16:21:52,098] [ERROR] [app:1147] - 文件不存在: /Users/zhusisi/CascadeProjects/VideoMaker/workstore/1/workstore/2/丑小鸭变形记/output.mp4
[2025-06-09 16:31:28,953] [INFO] [app:1110] - 请求 workstore 文件: 2/丑小鸭变形记/covers/cover_4:3.png
[2025-06-26 10:26:25,581] [INFO] [logger:55] - 百速一键AI视频生成应用正在启动... 时间: 2025-06-26 10:26:25
[2025-06-26 10:26:25,583] [INFO] [logger:55] - 正在初始化数据库...
[2025-06-26 10:26:26,877] [INFO] [logger:55] - 数据库初始化完成
[2025-06-26 10:26:26,877] [INFO] [logger:55] - 百速一键AI视频生成应用服务器已启动，监听端口: 5002
[2025-06-26 10:26:27,053] [INFO] [logger:55] - 百速一键AI视频生成应用正在启动... 时间: 2025-06-26 10:26:27
[2025-06-26 10:26:27,053] [INFO] [logger:55] - 正在初始化数据库...
[2025-06-26 10:26:27,727] [INFO] [logger:55] - 数据库初始化完成
[2025-06-26 10:26:27,727] [INFO] [logger:55] - 百速一键AI视频生成应用服务器已启动，监听端口: 5002
[2025-06-26 10:33:36,982] [INFO] [logger:55] - 百速一键AI视频生成应用正在启动... 时间: 2025-06-26 10:33:36
[2025-06-26 10:33:36,983] [INFO] [logger:55] - 正在初始化数据库...
[2025-06-26 10:33:38,695] [INFO] [logger:55] - 数据库初始化完成
[2025-06-26 10:33:38,695] [INFO] [logger:55] - 百速一键AI视频生成应用服务器已启动，监听端口: 5002
[2025-06-26 10:34:13,936] [INFO] [logger:55] - 百速一键AI视频生成应用正在启动... 时间: 2025-06-26 10:34:13
[2025-06-26 10:34:13,936] [INFO] [logger:55] - 正在初始化数据库...
[2025-06-26 10:34:15,044] [INFO] [logger:55] - 数据库初始化完成
[2025-06-26 10:34:15,045] [INFO] [logger:55] - 百速一键AI视频生成应用服务器已启动，监听端口: 5002
[2025-06-26 10:34:29,405] [INFO] [logger:55] - 百速一键AI视频生成应用正在启动... 时间: 2025-06-26 10:34:29
[2025-06-26 10:34:29,408] [INFO] [logger:55] - 正在初始化数据库...
[2025-06-26 10:34:30,569] [INFO] [logger:55] - 数据库初始化完成
[2025-06-26 10:34:30,569] [INFO] [logger:55] - 百速一键AI视频生成应用服务器已启动，监听端口: 5002
[2025-06-26 10:34:30,643] [INFO] [logger:55] - 百速一键AI视频生成应用正在启动... 时间: 2025-06-26 10:34:30
[2025-06-26 10:34:30,643] [INFO] [logger:55] - 正在初始化数据库...
[2025-06-26 10:34:31,267] [INFO] [logger:55] - 数据库初始化完成
[2025-06-26 10:34:31,267] [INFO] [logger:55] - 百速一键AI视频生成应用服务器已启动，监听端口: 5002
[2025-06-26 10:35:45,181] [INFO] [logger:55] - 百速一键AI视频生成应用正在启动... 时间: 2025-06-26 10:35:45
[2025-06-26 10:35:45,181] [INFO] [logger:55] - 正在初始化数据库...
[2025-06-26 10:35:46,436] [INFO] [logger:55] - 数据库初始化完成
[2025-06-26 10:35:46,436] [INFO] [logger:55] - 百速一键AI视频生成应用服务器已启动，监听端口: 5002
[2025-06-26 10:36:01,846] [INFO] [logger:55] - 百速一键AI视频生成应用正在启动... 时间: 2025-06-26 10:36:01
[2025-06-26 10:36:01,846] [INFO] [logger:55] - 正在初始化数据库...
[2025-06-26 10:36:02,845] [INFO] [logger:55] - 数据库初始化完成
[2025-06-26 10:36:02,845] [INFO] [logger:55] - 百速一键AI视频生成应用服务器已启动，监听端口: 5002
[2025-06-26 10:36:18,989] [INFO] [logger:55] - 百速一键AI视频生成应用正在启动... 时间: 2025-06-26 10:36:18
[2025-06-26 10:36:18,990] [INFO] [logger:55] - 正在初始化数据库...
[2025-06-26 10:36:19,934] [INFO] [logger:55] - 数据库初始化完成
[2025-06-26 10:36:19,934] [INFO] [logger:55] - 百速一键AI视频生成应用服务器已启动，监听端口: 5002
[2025-06-26 10:38:17,193] [INFO] [logger:55] - 百速一键AI视频生成应用正在启动... 时间: 2025-06-26 10:38:17
[2025-06-26 10:38:17,193] [INFO] [logger:55] - 正在初始化数据库...
[2025-06-26 10:38:18,341] [INFO] [logger:55] - 数据库初始化完成
[2025-06-26 10:38:18,341] [INFO] [logger:55] - 百速一键AI视频生成应用服务器已启动，监听端口: 5002
[2025-06-26 10:52:45,536] [INFO] [logger:55] - 百速一键AI视频生成应用正在启动... 时间: 2025-06-26 10:52:45
[2025-06-26 10:52:45,536] [INFO] [logger:55] - 正在初始化数据库...
[2025-06-26 10:52:46,597] [INFO] [logger:55] - 数据库初始化完成
[2025-06-26 10:52:46,597] [INFO] [logger:55] - 百速一键AI视频生成应用服务器已启动，监听端口: 5002
[2025-06-26 10:53:14,139] [INFO] [logger:55] - 百速一键AI视频生成应用正在启动... 时间: 2025-06-26 10:53:14
[2025-06-26 10:53:14,139] [INFO] [logger:55] - 正在初始化数据库...
[2025-06-26 10:53:15,021] [INFO] [logger:55] - 数据库初始化完成
[2025-06-26 10:53:15,021] [INFO] [logger:55] - 百速一键AI视频生成应用服务器已启动，监听端口: 5002
[2025-06-26 15:33:42,006] [ERROR] [logger:62] - 视频生成任务失败: 'NoneType' object has no attribute 'id'
[2025-06-26 15:35:00,382] [ERROR] [logger:62] - 视频生成任务失败: 'NoneType' object has no attribute 'id'
[2025-06-26 15:41:14,225] [ERROR] [logger:62] - 视频生成任务失败: generate_video() missing 1 required positional argument: 'template'
[2025-06-26 16:56:26,131] [INFO] [logger:55] - 视频生成完成 - 项目: 白雪公主的童话, 视频: workstore/user1/白雪公主的童话/output.mp4
[2025-06-27 09:19:04,253] [INFO] [logger:55] - 用户 admin 查看我的视频页面，共 8 个视频
[2025-06-27 09:19:54,140] [INFO] [logger:55] - 用户 admin 查看我的视频页面，共 8 个视频
[2025-06-27 09:20:01,282] [INFO] [app:1255] - 请求 workstore 文件: user1/白雪公主的童话/output.mp4
[2025-06-27 09:20:08,651] [INFO] [app:1255] - 请求 workstore 文件: user1/白雪公主的童话/covers/cover_4:3.png
[2025-06-27 09:20:25,403] [INFO] [logger:55] - 用户 admin 查看我的视频页面，共 8 个视频
[2025-06-27 09:20:48,678] [INFO] [logger:55] - 用户 admin 查看我的视频页面，共 8 个视频
[2025-06-27 09:24:28,145] [INFO] [logger:55] - 用户 admin 查看我的视频页面，共 8 个视频
[2025-06-27 09:24:28,741] [INFO] [app:1255] - 请求 workstore 文件: user1/白雪公主的童话/covers/cover_4:3.png
[2025-06-27 09:24:28,744] [INFO] [app:1255] - 请求 workstore 文件: user1/纳什均衡解析/covers/cover_4:3.png
[2025-06-27 09:24:51,715] [INFO] [app:1255] - 请求 workstore 文件: user1/纳什均衡解析/output.mp4
[2025-06-27 09:24:51,729] [INFO] [app:1255] - 请求 workstore 文件: user1/纳什均衡解析/output.mp4
[2025-06-27 09:24:51,828] [INFO] [app:1255] - 请求 workstore 文件: user1/纳什均衡解析/output.mp4
[2025-06-27 09:24:51,830] [INFO] [app:1255] - 请求 workstore 文件: user1/纳什均衡解析/output.mp4
[2025-06-27 09:24:56,037] [INFO] [app:1255] - 请求 workstore 文件: user1/纳什均衡解析/output.mp4
[2025-06-27 09:29:19,539] [INFO] [logger:55] - 用户 test2 查看我的视频页面，共 0 个视频
[2025-06-27 09:58:48,975] [ERROR] [logger:62] - 视频生成任务失败: [Errno 2] No such file or directory: 'workstore/user3/work_flow_record.json'
[2025-06-27 10:24:43,137] [INFO] [logger:55] - 用户 admin 查看我的视频页面，共 8 个视频
[2025-06-27 10:24:43,357] [INFO] [app:1255] - 请求 workstore 文件: user1/白雪公主的童话/covers/cover_4:3.png
[2025-06-27 10:24:43,360] [INFO] [app:1255] - 请求 workstore 文件: user1/纳什均衡解析/covers/cover_4:3.png
[2025-06-27 10:29:46,554] [INFO] [logger:55] - 视频生成完成 - 项目: 坚持的力量, 视频: workstore/user3/坚持的力量/output.mp4
[2025-06-27 14:06:38,151] [INFO] [logger:55] - 用户 test3 查看我的视频页面，共 2 个视频
[2025-06-27 14:25:21,437] [ERROR] [logger:62] - 查询视频状态出错 - 视频ID: 19, 错误: (sqlite3.OperationalError) no such column: video.credits_used
[SQL: SELECT video.id AS video_id, video.title AS video_title, video.user_id AS video_user_id, video.style AS video_style, video.prompt AS video_prompt, video.video_path AS video_video_path, video.cover_path AS video_cover_path, video.status AS video_status, video.mode AS video_mode, video.credits_used AS video_credits_used, video.created_at AS video_created_at 
FROM video 
WHERE video.id = ?]
[parameters: (19,)]
(Background on this error at: https://sqlalche.me/e/20/e3q8)
[2025-06-27 14:27:41,427] [ERROR] [logger:62] - 查询视频状态出错 - 视频ID: 19, 错误: (sqlite3.OperationalError) no such column: video.credits_used
[SQL: SELECT video.id AS video_id, video.title AS video_title, video.user_id AS video_user_id, video.style AS video_style, video.prompt AS video_prompt, video.video_path AS video_video_path, video.cover_path AS video_cover_path, video.status AS video_status, video.mode AS video_mode, video.credits_used AS video_credits_used, video.created_at AS video_created_at 
FROM video 
WHERE video.id = ?]
[parameters: (19,)]
(Background on this error at: https://sqlalche.me/e/20/e3q8)
[2025-06-27 14:51:49,168] [INFO] [logger:55] - 用户 test3 查看我的视频页面，共 2 个视频
[2025-06-27 14:59:58,107] [INFO] [logger:55] - 用户 test3 查看我的视频页面，共 2 个视频
[2025-06-27 16:01:46,479] [INFO] [logger:55] - 用户 admin 查看我的视频页面，共 4 个视频
[2025-06-27 16:01:46,686] [INFO] [app:1311] - 请求 workstore 文件: user1/白雪公主的童话/covers/cover_4:3.png
[2025-06-27 16:01:46,689] [INFO] [app:1311] - 请求 workstore 文件: user1/纳什均衡解析/covers/cover_4:3.png
[2025-06-27 16:01:55,674] [INFO] [app:1311] - 请求 workstore 文件: user1/白雪公主的童话/output.mp4
[2025-06-27 16:01:55,717] [INFO] [app:1311] - 请求 workstore 文件: user1/白雪公主的童话/output.mp4
[2025-06-27 16:01:58,734] [INFO] [app:1311] - 请求 workstore 文件: user1/白雪公主的童话/output.mp4
[2025-06-27 16:01:58,737] [INFO] [app:1311] - 请求 workstore 文件: user1/白雪公主的童话/output.mp4
[2025-06-27 16:10:57,941] [INFO] [app:1311] - 请求 workstore 文件: 1/认知显微镜/output.mp4
[2025-06-27 16:10:57,968] [INFO] [app:1311] - 请求 workstore 文件: 1/认知显微镜/output.mp4
[2025-06-27 16:10:58,070] [INFO] [app:1311] - 请求 workstore 文件: 1/认知显微镜/output.mp4
[2025-06-27 16:10:58,073] [INFO] [app:1311] - 请求 workstore 文件: 1/认知显微镜/output.mp4
[2025-06-27 16:11:02,152] [INFO] [app:1311] - 请求 workstore 文件: 1/认知显微镜/output.mp4
[2025-06-27 16:11:08,275] [INFO] [app:1311] - 请求 workstore 文件: user1/纳什均衡解析/output.mp4
[2025-06-27 16:11:08,320] [INFO] [app:1311] - 请求 workstore 文件: user1/纳什均衡解析/output.mp4
[2025-06-27 16:11:08,364] [INFO] [app:1311] - 请求 workstore 文件: user1/纳什均衡解析/output.mp4
[2025-06-27 16:11:08,366] [INFO] [app:1311] - 请求 workstore 文件: user1/纳什均衡解析/output.mp4
[2025-06-27 16:11:10,972] [INFO] [app:1311] - 请求 workstore 文件: user1/纳什均衡解析/output.mp4
[2025-06-27 16:21:46,832] [INFO] [app:1311] - 请求 workstore 文件: 1/三只小猪/output.mp4
[2025-06-27 16:21:46,861] [INFO] [app:1311] - 请求 workstore 文件: 1/三只小猪/output.mp4
[2025-06-27 16:21:47,127] [INFO] [app:1311] - 请求 workstore 文件: 1/三只小猪/output.mp4
[2025-06-27 16:21:47,130] [INFO] [app:1311] - 请求 workstore 文件: 1/三只小猪/output.mp4
[2025-06-27 16:21:50,390] [INFO] [app:1311] - 请求 workstore 文件: 1/三只小猪/output.mp4
[2025-06-27 16:29:17,979] [INFO] [app:1344] - 请求 workstore 文件: user1/白雪公主的童话/output.mp4
[2025-06-27 16:29:18,025] [INFO] [app:1344] - 请求 workstore 文件: user1/白雪公主的童话/output.mp4
[2025-06-27 16:29:18,047] [INFO] [app:1344] - 请求 workstore 文件: user1/白雪公主的童话/output.mp4
[2025-06-27 16:29:18,049] [INFO] [app:1344] - 请求 workstore 文件: user1/白雪公主的童话/output.mp4
[2025-06-27 16:29:20,417] [INFO] [app:1344] - 请求 workstore 文件: user1/白雪公主的童话/output.mp4
[2025-06-27 16:29:20,440] [INFO] [app:1344] - 请求 workstore 文件: user1/白雪公主的童话/output.mp4
[2025-06-27 16:29:20,442] [INFO] [app:1344] - 请求 workstore 文件: user1/白雪公主的童话/output.mp4
[2025-06-27 16:29:20,444] [INFO] [app:1344] - 请求 workstore 文件: user1/白雪公主的童话/output.mp4
[2025-06-27 16:29:20,446] [INFO] [app:1344] - 请求 workstore 文件: user1/白雪公主的童话/output.mp4
[2025-06-27 16:29:20,448] [INFO] [app:1344] - 请求 workstore 文件: user1/白雪公主的童话/output.mp4
[2025-06-27 16:29:20,451] [INFO] [app:1344] - 请求 workstore 文件: user1/白雪公主的童话/output.mp4
[2025-06-27 16:29:20,465] [INFO] [app:1344] - 请求 workstore 文件: user1/白雪公主的童话/output.mp4
[2025-06-27 16:29:20,468] [INFO] [app:1344] - 请求 workstore 文件: user1/白雪公主的童话/output.mp4
[2025-06-27 16:29:20,473] [INFO] [app:1344] - 请求 workstore 文件: user1/白雪公主的童话/output.mp4
[2025-06-27 16:29:20,475] [INFO] [app:1344] - 请求 workstore 文件: user1/白雪公主的童话/output.mp4
[2025-06-27 16:29:20,477] [INFO] [app:1344] - 请求 workstore 文件: user1/白雪公主的童话/output.mp4
[2025-06-27 16:29:20,479] [INFO] [app:1344] - 请求 workstore 文件: user1/白雪公主的童话/output.mp4
[2025-06-27 16:29:20,482] [INFO] [app:1344] - 请求 workstore 文件: user1/白雪公主的童话/output.mp4
[2025-06-27 16:29:20,486] [INFO] [app:1344] - 请求 workstore 文件: user1/白雪公主的童话/output.mp4
[2025-06-27 16:29:20,497] [INFO] [app:1344] - 请求 workstore 文件: user1/白雪公主的童话/output.mp4
[2025-06-27 16:29:20,502] [INFO] [app:1344] - 请求 workstore 文件: user1/白雪公主的童话/output.mp4
[2025-06-27 16:29:20,505] [INFO] [app:1344] - 请求 workstore 文件: user1/白雪公主的童话/output.mp4
[2025-06-27 16:29:20,517] [INFO] [app:1344] - 请求 workstore 文件: user1/白雪公主的童话/output.mp4
[2025-06-27 16:29:20,536] [INFO] [app:1344] - 请求 workstore 文件: user1/白雪公主的童话/output.mp4
[2025-06-27 16:29:20,539] [INFO] [app:1344] - 请求 workstore 文件: user1/白雪公主的童话/output.mp4
[2025-06-27 16:29:20,541] [INFO] [app:1344] - 请求 workstore 文件: user1/白雪公主的童话/output.mp4
[2025-06-27 16:29:20,546] [INFO] [app:1344] - 请求 workstore 文件: user1/白雪公主的童话/output.mp4
[2025-06-27 16:29:20,553] [INFO] [app:1344] - 请求 workstore 文件: user1/白雪公主的童话/output.mp4
[2025-06-27 16:29:20,557] [INFO] [app:1344] - 请求 workstore 文件: user1/白雪公主的童话/output.mp4
[2025-06-27 16:29:20,563] [INFO] [app:1344] - 请求 workstore 文件: user1/白雪公主的童话/output.mp4
[2025-06-27 16:29:20,570] [INFO] [app:1344] - 请求 workstore 文件: user1/白雪公主的童话/output.mp4
[2025-06-27 16:29:20,572] [INFO] [app:1344] - 请求 workstore 文件: user1/白雪公主的童话/output.mp4
[2025-06-27 16:29:20,615] [INFO] [app:1344] - 请求 workstore 文件: user1/白雪公主的童话/output.mp4
[2025-06-27 16:29:20,620] [INFO] [app:1344] - 请求 workstore 文件: user1/白雪公主的童话/output.mp4
[2025-06-27 16:29:20,624] [INFO] [app:1344] - 请求 workstore 文件: user1/白雪公主的童话/output.mp4
[2025-06-27 16:29:20,656] [INFO] [app:1344] - 请求 workstore 文件: user1/白雪公主的童话/output.mp4
[2025-06-27 16:29:20,661] [INFO] [app:1344] - 请求 workstore 文件: user1/白雪公主的童话/output.mp4
[2025-06-27 16:29:20,663] [INFO] [app:1344] - 请求 workstore 文件: user1/白雪公主的童话/output.mp4
[2025-06-27 16:29:20,766] [INFO] [app:1344] - 请求 workstore 文件: user1/白雪公主的童话/output.mp4
[2025-06-27 16:29:20,784] [INFO] [app:1344] - 请求 workstore 文件: user1/白雪公主的童话/output.mp4
[2025-06-27 16:29:20,789] [INFO] [app:1344] - 请求 workstore 文件: user1/白雪公主的童话/output.mp4
[2025-06-27 16:29:20,837] [INFO] [app:1344] - 请求 workstore 文件: user1/白雪公主的童话/output.mp4
[2025-06-27 16:29:20,851] [INFO] [app:1344] - 请求 workstore 文件: user1/白雪公主的童话/output.mp4
[2025-06-27 16:29:20,855] [INFO] [app:1344] - 请求 workstore 文件: user1/白雪公主的童话/output.mp4
[2025-06-27 16:29:20,882] [INFO] [app:1344] - 请求 workstore 文件: user1/白雪公主的童话/output.mp4
[2025-06-27 16:29:21,195] [INFO] [app:1344] - 请求 workstore 文件: user1/白雪公主的童话/output.mp4
[2025-06-27 16:29:21,199] [INFO] [app:1344] - 请求 workstore 文件: user1/白雪公主的童话/output.mp4
[2025-06-27 16:29:21,203] [INFO] [app:1344] - 请求 workstore 文件: user1/白雪公主的童话/output.mp4
[2025-06-27 16:29:21,263] [INFO] [app:1344] - 请求 workstore 文件: user1/白雪公主的童话/output.mp4
[2025-06-27 16:29:21,266] [INFO] [app:1344] - 请求 workstore 文件: user1/白雪公主的童话/output.mp4
[2025-06-27 16:29:21,272] [INFO] [app:1344] - 请求 workstore 文件: user1/白雪公主的童话/output.mp4
[2025-06-27 16:29:21,283] [INFO] [app:1344] - 请求 workstore 文件: user1/白雪公主的童话/output.mp4
[2025-06-27 16:29:21,285] [INFO] [app:1344] - 请求 workstore 文件: user1/白雪公主的童话/output.mp4
[2025-06-27 16:29:21,289] [INFO] [app:1344] - 请求 workstore 文件: user1/白雪公主的童话/output.mp4
[2025-06-27 16:29:21,293] [INFO] [app:1344] - 请求 workstore 文件: user1/白雪公主的童话/output.mp4
[2025-06-27 16:29:21,310] [INFO] [app:1344] - 请求 workstore 文件: user1/白雪公主的童话/output.mp4
[2025-06-27 16:29:21,313] [INFO] [app:1344] - 请求 workstore 文件: user1/白雪公主的童话/output.mp4
[2025-06-27 16:29:21,330] [INFO] [app:1344] - 请求 workstore 文件: user1/白雪公主的童话/output.mp4
[2025-06-27 16:29:21,335] [INFO] [app:1344] - 请求 workstore 文件: user1/白雪公主的童话/output.mp4
[2025-06-27 16:29:21,338] [INFO] [app:1344] - 请求 workstore 文件: user1/白雪公主的童话/output.mp4
[2025-06-27 16:29:21,343] [INFO] [app:1344] - 请求 workstore 文件: user1/白雪公主的童话/output.mp4
[2025-06-27 16:29:21,350] [INFO] [app:1344] - 请求 workstore 文件: user1/白雪公主的童话/output.mp4
[2025-06-27 16:29:21,352] [INFO] [app:1344] - 请求 workstore 文件: user1/白雪公主的童话/output.mp4
[2025-06-27 16:29:21,363] [INFO] [app:1344] - 请求 workstore 文件: user1/白雪公主的童话/output.mp4
[2025-06-27 16:29:21,382] [INFO] [app:1344] - 请求 workstore 文件: user1/白雪公主的童话/output.mp4
[2025-06-27 16:29:21,385] [INFO] [app:1344] - 请求 workstore 文件: user1/白雪公主的童话/output.mp4
[2025-06-27 16:29:21,402] [INFO] [app:1344] - 请求 workstore 文件: user1/白雪公主的童话/output.mp4
[2025-06-27 16:29:21,419] [INFO] [app:1344] - 请求 workstore 文件: user1/白雪公主的童话/output.mp4
[2025-06-27 16:29:21,423] [INFO] [app:1344] - 请求 workstore 文件: user1/白雪公主的童话/output.mp4
[2025-06-27 16:29:21,437] [INFO] [app:1344] - 请求 workstore 文件: user1/白雪公主的童话/output.mp4
[2025-06-27 16:29:21,451] [INFO] [app:1344] - 请求 workstore 文件: user1/白雪公主的童话/output.mp4
[2025-06-27 16:29:21,453] [INFO] [app:1344] - 请求 workstore 文件: user1/白雪公主的童话/output.mp4
[2025-06-27 16:29:21,481] [INFO] [app:1344] - 请求 workstore 文件: user1/白雪公主的童话/output.mp4
[2025-06-27 16:29:21,593] [INFO] [app:1344] - 请求 workstore 文件: user1/白雪公主的童话/output.mp4
[2025-06-27 16:29:21,597] [INFO] [app:1344] - 请求 workstore 文件: user1/白雪公主的童话/output.mp4
[2025-06-27 16:29:21,643] [INFO] [app:1344] - 请求 workstore 文件: user1/白雪公主的童话/output.mp4
[2025-06-27 16:29:21,696] [INFO] [app:1344] - 请求 workstore 文件: user1/白雪公主的童话/output.mp4
[2025-06-27 16:29:21,699] [INFO] [app:1344] - 请求 workstore 文件: user1/白雪公主的童话/output.mp4
[2025-06-27 16:29:21,713] [INFO] [app:1344] - 请求 workstore 文件: user1/白雪公主的童话/output.mp4
[2025-06-27 16:29:21,717] [INFO] [app:1344] - 请求 workstore 文件: user1/白雪公主的童话/output.mp4
[2025-06-27 16:29:21,719] [INFO] [app:1344] - 请求 workstore 文件: user1/白雪公主的童话/output.mp4
[2025-06-27 16:29:21,779] [INFO] [app:1344] - 请求 workstore 文件: user1/白雪公主的童话/output.mp4
[2025-06-27 16:29:21,814] [INFO] [app:1344] - 请求 workstore 文件: user1/白雪公主的童话/output.mp4
[2025-06-27 16:29:21,818] [INFO] [app:1344] - 请求 workstore 文件: user1/白雪公主的童话/output.mp4
[2025-06-27 16:29:22,121] [INFO] [app:1344] - 请求 workstore 文件: user1/白雪公主的童话/output.mp4
[2025-06-27 16:29:22,148] [INFO] [app:1344] - 请求 workstore 文件: user1/白雪公主的童话/output.mp4
[2025-06-27 16:29:22,152] [INFO] [app:1344] - 请求 workstore 文件: user1/白雪公主的童话/output.mp4
[2025-06-27 16:29:22,179] [INFO] [app:1344] - 请求 workstore 文件: user1/白雪公主的童话/output.mp4
[2025-06-27 16:29:22,187] [INFO] [app:1344] - 请求 workstore 文件: user1/白雪公主的童话/output.mp4
[2025-06-27 16:29:22,201] [INFO] [app:1344] - 请求 workstore 文件: user1/白雪公主的童话/output.mp4
[2025-06-27 16:29:22,203] [INFO] [app:1344] - 请求 workstore 文件: user1/白雪公主的童话/output.mp4
[2025-06-27 16:29:22,208] [INFO] [app:1344] - 请求 workstore 文件: user1/白雪公主的童话/output.mp4
[2025-06-27 16:29:22,211] [INFO] [app:1344] - 请求 workstore 文件: user1/白雪公主的童话/output.mp4
[2025-06-27 16:29:22,217] [INFO] [app:1344] - 请求 workstore 文件: user1/白雪公主的童话/output.mp4
[2025-06-27 16:29:22,231] [INFO] [app:1344] - 请求 workstore 文件: user1/白雪公主的童话/output.mp4
[2025-06-27 16:29:22,234] [INFO] [app:1344] - 请求 workstore 文件: user1/白雪公主的童话/output.mp4
[2025-06-27 16:29:22,278] [INFO] [app:1344] - 请求 workstore 文件: user1/白雪公主的童话/output.mp4
[2025-06-27 16:29:22,462] [INFO] [app:1344] - 请求 workstore 文件: user1/白雪公主的童话/output.mp4
[2025-06-27 16:29:22,466] [INFO] [app:1344] - 请求 workstore 文件: user1/白雪公主的童话/output.mp4
[2025-06-27 16:29:22,500] [INFO] [app:1344] - 请求 workstore 文件: user1/白雪公主的童话/output.mp4
[2025-06-27 16:29:22,569] [INFO] [app:1344] - 请求 workstore 文件: user1/白雪公主的童话/output.mp4
[2025-06-27 16:29:22,573] [INFO] [app:1344] - 请求 workstore 文件: user1/白雪公主的童话/output.mp4
[2025-06-27 16:29:22,647] [INFO] [app:1344] - 请求 workstore 文件: user1/白雪公主的童话/output.mp4
[2025-06-27 16:29:22,717] [INFO] [app:1344] - 请求 workstore 文件: user1/白雪公主的童话/output.mp4
[2025-06-27 16:29:22,719] [INFO] [app:1344] - 请求 workstore 文件: user1/白雪公主的童话/output.mp4
[2025-06-27 16:29:22,753] [INFO] [app:1344] - 请求 workstore 文件: user1/白雪公主的童话/output.mp4
[2025-06-27 16:29:22,769] [INFO] [app:1344] - 请求 workstore 文件: user1/白雪公主的童话/output.mp4
[2025-06-27 16:29:22,772] [INFO] [app:1344] - 请求 workstore 文件: user1/白雪公主的童话/output.mp4
[2025-06-27 16:29:22,809] [INFO] [app:1344] - 请求 workstore 文件: user1/白雪公主的童话/output.mp4
[2025-06-27 16:29:22,862] [INFO] [app:1344] - 请求 workstore 文件: user1/白雪公主的童话/output.mp4
[2025-06-27 16:29:22,866] [INFO] [app:1344] - 请求 workstore 文件: user1/白雪公主的童话/output.mp4
[2025-06-27 16:39:11,373] [INFO] [logger:55] - 用户 admin 查看我的视频页面，共 3 个视频
[2025-06-27 16:39:11,590] [INFO] [app:1344] - 请求 workstore 文件: user1/纳什均衡解析/covers/cover_4:3.png
[2025-06-27 16:39:11,600] [INFO] [app:1344] - 请求 workstore 文件: user1/白雪公主的童话/covers/cover_4:3.png
[2025-06-27 16:39:13,446] [INFO] [app:1262] - 用户 1 请求下载视频 15, 路径: workstore/user1/白雪公主的童话/output.mp4
[2025-06-27 16:39:13,446] [INFO] [app:1289] - 解析的基础目录: workstore/user1/白雪公主的童话
[2025-06-27 16:39:13,664] [INFO] [app:1303] - 已添加视频文件到ZIP: workstore/user1/白雪公主的童话/output.mp4
[2025-06-27 16:39:13,687] [INFO] [app:1315] - 已添加封面文件到ZIP: workstore/user1/白雪公主的童话/covers/cover_3:4.png
[2025-06-27 16:39:13,711] [INFO] [app:1315] - 已添加封面文件到ZIP: workstore/user1/白雪公主的童话/covers/cover_4:3.png
[2025-06-27 16:39:13,711] [INFO] [app:1324] - 开始下载，文件名: video_15_20250627163913.zip
[2025-06-29 09:57:54,119] [INFO] [logger:55] - 用户 test4 生成视频扣除了 1 条额度，剩余 2 条
[2025-06-29 10:04:14,475] [INFO] [logger:55] - 视频生成完成 - 项目: 白雪公主的故事, 视频: workstore/user6/白雪公主的故事/output.mp4
[2025-06-29 10:07:10,003] [INFO] [logger:55] - 用户 test4 查看我的视频页面，共 1 个视频
[2025-06-29 10:07:10,353] [INFO] [app:1393] - 请求 workstore 文件: user6/白雪公主的故事/covers/cover_4:3.png
[2025-06-29 10:07:13,348] [INFO] [app:1311] - 用户 6 请求下载视频 19, 路径: workstore/user6/白雪公主的故事/output.mp4
[2025-06-29 10:07:13,348] [INFO] [app:1338] - 解析的基础目录: workstore/user6/白雪公主的故事
[2025-06-29 10:07:13,703] [INFO] [app:1352] - 已添加视频文件到ZIP: workstore/user6/白雪公主的故事/output.mp4
[2025-06-29 10:07:13,723] [INFO] [app:1364] - 已添加封面文件到ZIP: workstore/user6/白雪公主的故事/covers/cover_3:4.png
[2025-06-29 10:07:13,742] [INFO] [app:1364] - 已添加封面文件到ZIP: workstore/user6/白雪公主的故事/covers/cover_4:3.png
[2025-06-29 10:07:13,743] [INFO] [app:1373] - 开始下载，文件名: video_19_20250629100713.zip
[2025-06-29 10:35:34,293] [INFO] [logger:55] - 用户 test4 查看我的视频页面，共 1 个视频
[2025-06-29 10:35:34,949] [INFO] [app:1430] - 请求 workstore 文件: user6/白雪公主的故事/covers/cover_4:3.png
[2025-06-29 11:01:03,476] [INFO] [logger:55] - 用户 test4 查看我的视频页面，共 1 个视频
[2025-06-29 11:01:03,682] [INFO] [app:1430] - 请求 workstore 文件: user6/白雪公主的故事/covers/cover_4:3.png
[2025-06-29 11:16:25,260] [INFO] [logger:55] - 用户 test4 生成视频扣除了 1 条额度，剩余 1 条
[2025-06-29 11:16:25,398] [ERROR] [logger:62] - 视频生成任务失败: 'ScriptService' object has no attribute 'generate_from_script'
[2025-06-29 11:19:45,384] [INFO] [logger:55] - 用户 test4 获得了月度免费额度刷新，当前额度: 4
[2025-06-29 11:19:45,407] [INFO] [logger:55] - 用户 test4 生成视频扣除了 1 条额度，剩余 3 条
[2025-06-29 11:21:28,105] [INFO] [logger:55] - 用户 test4 生成视频扣除了 1 条额度，剩余 2 条
[2025-06-29 11:25:00,723] [ERROR] [logger:62] - 视频生成任务失败: 脚本结构化失败，重试3次后仍然失败
[2025-06-29 11:26:35,915] [INFO] [logger:55] - 用户 test4 查看我的视频页面，共 4 个视频
[2025-06-29 11:26:36,170] [INFO] [app:1430] - 请求 workstore 文件: user6/白雪公主的故事/covers/cover_4:3.png
[2025-06-29 11:26:50,328] [INFO] [logger:55] - 用户 test4 查看我的视频页面，共 4 个视频
[2025-06-29 11:26:50,453] [INFO] [app:1430] - 请求 workstore 文件: user6/白雪公主的故事/covers/cover_4:3.png
[2025-06-29 11:31:43,919] [INFO] [logger:55] - 用户 test4 查看我的视频页面，共 4 个视频
[2025-06-29 11:31:43,928] [INFO] [logger:55] - 用户 test4 查看我的视频页面，共 4 个视频
[2025-06-29 11:31:43,931] [INFO] [logger:55] - 用户 test4 查看我的视频页面，共 4 个视频
[2025-06-29 11:34:08,750] [INFO] [logger:55] - 用户 test4 查看我的视频页面，共 4 个视频
[2025-06-29 11:34:09,073] [INFO] [app:1472] - 请求 workstore 文件: user6/白雪公主的故事/covers/cover_4:3.png
[2025-06-29 11:36:11,361] [INFO] [logger:55] - 用户 test4 查看我的视频页面，共 4 个视频
[2025-06-29 11:38:09,321] [INFO] [logger:55] - 用户 test4 生成视频扣除了 1 条额度，剩余 1 条
[2025-06-29 11:50:28,233] [INFO] [logger:55] - 用户 test4 生成视频扣除了 1 条额度，剩余 0 条
[2025-06-29 12:04:58,427] [INFO] [logger:55] - 用户 test4 生成视频扣除了 1 条额度，剩余 19 条
[2025-06-29 12:08:42,667] [ERROR] [logger:62] - 视频生成任务失败: 智谱AI图片生成失败: Error code: 400, with error text {"contentFilter":[{"level":2,"role":"user"}],"error":{"code":"1301","message":"系统检测到输入或生成内容可能包含不安全或敏感内容，请您避免输入易产生敏感内容的提示语，感谢您的配合。"}}
[2025-06-29 12:19:03,330] [INFO] [logger:55] - 用户 test4 生成视频扣除了 1 条额度，剩余 18 条
[2025-06-29 12:32:02,429] [INFO] [logger:55] - 视频生成完成 - 项目: 人性弱点智慧, 视频: workstore/user6/人性弱点智慧/output.mp4
[2025-06-29 13:12:20,303] [INFO] [logger:55] - 用户 test4 查看我的视频页面，共 8 个视频
[2025-06-29 13:12:21,205] [INFO] [app:1483] - 请求 workstore 文件: user6/人性弱点智慧/covers/cover_4:3.png
[2025-06-29 13:12:21,211] [INFO] [app:1483] - 请求 workstore 文件: user6/白雪公主的故事/covers/cover_4:3.png
[2025-06-29 13:12:37,309] [INFO] [logger:55] - 用户 test4 查看我的视频页面，共 8 个视频
[2025-06-29 13:12:37,533] [INFO] [app:1483] - 请求 workstore 文件: user6/人性弱点智慧/covers/cover_4:3.png
[2025-06-29 13:12:37,535] [INFO] [app:1483] - 请求 workstore 文件: user6/白雪公主的故事/covers/cover_4:3.png
[2025-06-29 13:12:56,206] [INFO] [app:1401] - 用户 6 请求下载视频 26, 路径: workstore/user6/人性弱点智慧/output.mp4
[2025-06-29 13:12:56,207] [INFO] [app:1428] - 解析的基础目录: workstore/user6/人性弱点智慧
[2025-06-29 13:12:56,805] [INFO] [app:1442] - 已添加视频文件到ZIP: workstore/user6/人性弱点智慧/output.mp4
[2025-06-29 13:12:56,825] [INFO] [app:1454] - 已添加封面文件到ZIP: workstore/user6/人性弱点智慧/covers/cover_3:4.png
[2025-06-29 13:12:56,843] [INFO] [app:1454] - 已添加封面文件到ZIP: workstore/user6/人性弱点智慧/covers/cover_4:3.png
[2025-06-29 13:12:56,843] [INFO] [app:1463] - 开始下载，文件名: video_26_20250629131256.zip
[2025-06-29 13:15:53,163] [INFO] [app:1483] - 请求 workstore 文件: user6/人性弱点智慧/output.mp4
[2025-06-29 13:15:53,193] [INFO] [app:1483] - 请求 workstore 文件: user6/人性弱点智慧/output.mp4
[2025-06-29 13:15:56,679] [INFO] [app:1483] - 请求 workstore 文件: user6/人性弱点智慧/output.mp4
[2025-06-29 13:15:56,683] [INFO] [app:1483] - 请求 workstore 文件: user6/人性弱点智慧/output.mp4
[2025-06-29 13:15:57,477] [INFO] [app:1483] - 请求 workstore 文件: user6/人性弱点智慧/output.mp4
[2025-06-29 13:15:57,481] [INFO] [app:1483] - 请求 workstore 文件: user6/人性弱点智慧/output.mp4
[2025-06-29 13:15:57,483] [INFO] [app:1483] - 请求 workstore 文件: user6/人性弱点智慧/output.mp4
[2025-06-29 13:15:57,491] [INFO] [app:1483] - 请求 workstore 文件: user6/人性弱点智慧/output.mp4
[2025-06-29 13:15:57,493] [INFO] [app:1483] - 请求 workstore 文件: user6/人性弱点智慧/output.mp4
[2025-06-29 13:15:57,496] [INFO] [app:1483] - 请求 workstore 文件: user6/人性弱点智慧/output.mp4
[2025-06-29 13:15:57,497] [INFO] [app:1483] - 请求 workstore 文件: user6/人性弱点智慧/output.mp4
[2025-06-29 13:15:57,501] [INFO] [app:1483] - 请求 workstore 文件: user6/人性弱点智慧/output.mp4
[2025-06-29 13:15:57,508] [INFO] [app:1483] - 请求 workstore 文件: user6/人性弱点智慧/output.mp4
[2025-06-29 13:15:57,512] [INFO] [app:1483] - 请求 workstore 文件: user6/人性弱点智慧/output.mp4
[2025-06-29 13:15:57,514] [INFO] [app:1483] - 请求 workstore 文件: user6/人性弱点智慧/output.mp4
[2025-06-29 13:15:57,515] [INFO] [app:1483] - 请求 workstore 文件: user6/人性弱点智慧/output.mp4
[2025-06-29 13:15:57,527] [INFO] [app:1483] - 请求 workstore 文件: user6/人性弱点智慧/output.mp4
[2025-06-29 13:15:57,528] [INFO] [app:1483] - 请求 workstore 文件: user6/人性弱点智慧/output.mp4
[2025-06-29 13:15:57,532] [INFO] [app:1483] - 请求 workstore 文件: user6/人性弱点智慧/output.mp4
[2025-06-29 13:15:57,533] [INFO] [app:1483] - 请求 workstore 文件: user6/人性弱点智慧/output.mp4
[2025-06-29 13:15:57,536] [INFO] [app:1483] - 请求 workstore 文件: user6/人性弱点智慧/output.mp4
[2025-06-29 13:15:57,544] [INFO] [app:1483] - 请求 workstore 文件: user6/人性弱点智慧/output.mp4
[2025-06-29 13:15:57,559] [INFO] [app:1483] - 请求 workstore 文件: user6/人性弱点智慧/output.mp4
[2025-06-29 13:15:57,562] [INFO] [app:1483] - 请求 workstore 文件: user6/人性弱点智慧/output.mp4
[2025-06-29 13:15:57,565] [INFO] [app:1483] - 请求 workstore 文件: user6/人性弱点智慧/output.mp4
[2025-06-29 13:15:57,566] [INFO] [app:1483] - 请求 workstore 文件: user6/人性弱点智慧/output.mp4
[2025-06-29 13:15:57,571] [INFO] [app:1483] - 请求 workstore 文件: user6/人性弱点智慧/output.mp4
[2025-06-29 13:15:57,577] [INFO] [app:1483] - 请求 workstore 文件: user6/人性弱点智慧/output.mp4
[2025-06-29 13:15:57,577] [INFO] [app:1483] - 请求 workstore 文件: user6/人性弱点智慧/output.mp4
[2025-06-29 13:15:57,581] [INFO] [app:1483] - 请求 workstore 文件: user6/人性弱点智慧/output.mp4
[2025-06-29 13:15:57,582] [INFO] [app:1483] - 请求 workstore 文件: user6/人性弱点智慧/output.mp4
[2025-06-29 13:15:57,586] [INFO] [app:1483] - 请求 workstore 文件: user6/人性弱点智慧/output.mp4
[2025-06-29 13:15:57,594] [INFO] [app:1483] - 请求 workstore 文件: user6/人性弱点智慧/output.mp4
[2025-06-29 13:15:57,599] [INFO] [app:1483] - 请求 workstore 文件: user6/人性弱点智慧/output.mp4
[2025-06-29 13:15:57,601] [INFO] [app:1483] - 请求 workstore 文件: user6/人性弱点智慧/output.mp4
[2025-06-29 13:15:57,606] [INFO] [app:1483] - 请求 workstore 文件: user6/人性弱点智慧/output.mp4
[2025-06-29 13:15:57,611] [INFO] [app:1483] - 请求 workstore 文件: user6/人性弱点智慧/output.mp4
[2025-06-29 13:15:57,615] [INFO] [app:1483] - 请求 workstore 文件: user6/人性弱点智慧/output.mp4
[2025-06-29 13:15:57,616] [INFO] [app:1483] - 请求 workstore 文件: user6/人性弱点智慧/output.mp4
[2025-06-29 13:15:57,628] [INFO] [app:1483] - 请求 workstore 文件: user6/人性弱点智慧/output.mp4
[2025-06-29 13:15:57,634] [INFO] [app:1483] - 请求 workstore 文件: user6/人性弱点智慧/output.mp4
[2025-06-29 13:15:57,638] [INFO] [app:1483] - 请求 workstore 文件: user6/人性弱点智慧/output.mp4
[2025-06-29 13:15:57,644] [INFO] [app:1483] - 请求 workstore 文件: user6/人性弱点智慧/output.mp4
[2025-06-29 13:15:57,644] [INFO] [app:1483] - 请求 workstore 文件: user6/人性弱点智慧/output.mp4
[2025-06-29 13:15:57,648] [INFO] [app:1483] - 请求 workstore 文件: user6/人性弱点智慧/output.mp4
[2025-06-29 13:15:57,650] [INFO] [app:1483] - 请求 workstore 文件: user6/人性弱点智慧/output.mp4
[2025-06-29 13:15:57,655] [INFO] [app:1483] - 请求 workstore 文件: user6/人性弱点智慧/output.mp4
[2025-06-29 13:15:57,661] [INFO] [app:1483] - 请求 workstore 文件: user6/人性弱点智慧/output.mp4
[2025-06-29 13:15:57,662] [INFO] [app:1483] - 请求 workstore 文件: user6/人性弱点智慧/output.mp4
[2025-06-29 13:15:57,665] [INFO] [app:1483] - 请求 workstore 文件: user6/人性弱点智慧/output.mp4
[2025-06-29 13:15:57,668] [INFO] [app:1483] - 请求 workstore 文件: user6/人性弱点智慧/output.mp4
[2025-06-29 13:15:57,671] [INFO] [app:1483] - 请求 workstore 文件: user6/人性弱点智慧/output.mp4
[2025-06-29 13:15:57,677] [INFO] [app:1483] - 请求 workstore 文件: user6/人性弱点智慧/output.mp4
[2025-06-29 13:15:57,682] [INFO] [app:1483] - 请求 workstore 文件: user6/人性弱点智慧/output.mp4
[2025-06-29 13:15:57,685] [INFO] [app:1483] - 请求 workstore 文件: user6/人性弱点智慧/output.mp4
[2025-06-29 13:15:57,693] [INFO] [app:1483] - 请求 workstore 文件: user6/人性弱点智慧/output.mp4
[2025-06-29 13:15:57,693] [INFO] [app:1483] - 请求 workstore 文件: user6/人性弱点智慧/output.mp4
[2025-06-29 13:15:57,695] [INFO] [app:1483] - 请求 workstore 文件: user6/人性弱点智慧/output.mp4
[2025-06-29 13:15:57,696] [INFO] [app:1483] - 请求 workstore 文件: user6/人性弱点智慧/output.mp4
[2025-06-29 13:15:57,698] [INFO] [app:1483] - 请求 workstore 文件: user6/人性弱点智慧/output.mp4
[2025-06-29 13:15:57,703] [INFO] [app:1483] - 请求 workstore 文件: user6/人性弱点智慧/output.mp4
[2025-06-29 13:15:57,705] [INFO] [app:1483] - 请求 workstore 文件: user6/人性弱点智慧/output.mp4
[2025-06-29 13:15:57,709] [INFO] [app:1483] - 请求 workstore 文件: user6/人性弱点智慧/output.mp4
[2025-06-29 13:15:57,710] [INFO] [app:1483] - 请求 workstore 文件: user6/人性弱点智慧/output.mp4
[2025-06-29 13:15:57,713] [INFO] [app:1483] - 请求 workstore 文件: user6/人性弱点智慧/output.mp4
[2025-06-29 13:15:57,714] [INFO] [app:1483] - 请求 workstore 文件: user6/人性弱点智慧/output.mp4
[2025-06-29 13:15:57,716] [INFO] [app:1483] - 请求 workstore 文件: user6/人性弱点智慧/output.mp4
[2025-06-29 13:15:57,718] [INFO] [app:1483] - 请求 workstore 文件: user6/人性弱点智慧/output.mp4
[2025-06-29 13:15:57,720] [INFO] [app:1483] - 请求 workstore 文件: user6/人性弱点智慧/output.mp4
[2025-06-29 13:15:57,726] [INFO] [app:1483] - 请求 workstore 文件: user6/人性弱点智慧/output.mp4
[2025-06-29 13:15:57,734] [INFO] [app:1483] - 请求 workstore 文件: user6/人性弱点智慧/output.mp4
[2025-06-29 13:15:57,737] [INFO] [app:1483] - 请求 workstore 文件: user6/人性弱点智慧/output.mp4
[2025-06-29 13:15:57,742] [INFO] [app:1483] - 请求 workstore 文件: user6/人性弱点智慧/output.mp4
[2025-06-29 13:15:57,746] [INFO] [app:1483] - 请求 workstore 文件: user6/人性弱点智慧/output.mp4
[2025-06-29 13:15:57,747] [INFO] [app:1483] - 请求 workstore 文件: user6/人性弱点智慧/output.mp4
[2025-06-29 13:15:57,751] [INFO] [app:1483] - 请求 workstore 文件: user6/人性弱点智慧/output.mp4
[2025-06-29 13:15:57,760] [INFO] [app:1483] - 请求 workstore 文件: user6/人性弱点智慧/output.mp4
[2025-06-29 13:15:57,763] [INFO] [app:1483] - 请求 workstore 文件: user6/人性弱点智慧/output.mp4
[2025-06-29 13:15:57,769] [INFO] [app:1483] - 请求 workstore 文件: user6/人性弱点智慧/output.mp4
[2025-06-29 13:15:57,777] [INFO] [app:1483] - 请求 workstore 文件: user6/人性弱点智慧/output.mp4
[2025-06-29 13:15:57,778] [INFO] [app:1483] - 请求 workstore 文件: user6/人性弱点智慧/output.mp4
[2025-06-29 13:15:57,780] [INFO] [app:1483] - 请求 workstore 文件: user6/人性弱点智慧/output.mp4
[2025-06-29 13:15:57,785] [INFO] [app:1483] - 请求 workstore 文件: user6/人性弱点智慧/output.mp4
[2025-06-29 13:15:57,788] [INFO] [app:1483] - 请求 workstore 文件: user6/人性弱点智慧/output.mp4
[2025-06-29 13:15:57,793] [INFO] [app:1483] - 请求 workstore 文件: user6/人性弱点智慧/output.mp4
[2025-06-29 13:15:57,796] [INFO] [app:1483] - 请求 workstore 文件: user6/人性弱点智慧/output.mp4
[2025-06-29 13:15:57,797] [INFO] [app:1483] - 请求 workstore 文件: user6/人性弱点智慧/output.mp4
[2025-06-29 13:15:57,820] [INFO] [app:1483] - 请求 workstore 文件: user6/人性弱点智慧/output.mp4
[2025-06-29 13:15:57,838] [INFO] [app:1483] - 请求 workstore 文件: user6/人性弱点智慧/output.mp4
[2025-06-29 13:15:57,844] [INFO] [app:1483] - 请求 workstore 文件: user6/人性弱点智慧/output.mp4
[2025-06-29 13:15:57,856] [INFO] [app:1483] - 请求 workstore 文件: user6/人性弱点智慧/output.mp4
[2025-06-29 13:15:57,877] [INFO] [app:1483] - 请求 workstore 文件: user6/人性弱点智慧/output.mp4
[2025-06-29 13:15:57,878] [INFO] [app:1483] - 请求 workstore 文件: user6/人性弱点智慧/output.mp4
[2025-06-29 13:15:57,881] [INFO] [app:1483] - 请求 workstore 文件: user6/人性弱点智慧/output.mp4
[2025-06-29 13:15:57,885] [INFO] [app:1483] - 请求 workstore 文件: user6/人性弱点智慧/output.mp4
[2025-06-29 13:15:57,888] [INFO] [app:1483] - 请求 workstore 文件: user6/人性弱点智慧/output.mp4
[2025-06-29 13:15:57,905] [INFO] [app:1483] - 请求 workstore 文件: user6/人性弱点智慧/output.mp4
[2025-06-29 13:15:57,940] [INFO] [app:1483] - 请求 workstore 文件: user6/人性弱点智慧/output.mp4
[2025-06-29 13:15:57,943] [INFO] [app:1483] - 请求 workstore 文件: user6/人性弱点智慧/output.mp4
[2025-06-29 13:15:57,989] [INFO] [app:1483] - 请求 workstore 文件: user6/人性弱点智慧/output.mp4
[2025-06-29 13:15:58,023] [INFO] [app:1483] - 请求 workstore 文件: user6/人性弱点智慧/output.mp4
[2025-06-29 13:15:58,026] [INFO] [app:1483] - 请求 workstore 文件: user6/人性弱点智慧/output.mp4
[2025-06-29 13:15:58,072] [INFO] [app:1483] - 请求 workstore 文件: user6/人性弱点智慧/output.mp4
[2025-06-29 13:15:58,088] [INFO] [app:1483] - 请求 workstore 文件: user6/人性弱点智慧/output.mp4
[2025-06-29 13:15:58,091] [INFO] [app:1483] - 请求 workstore 文件: user6/人性弱点智慧/output.mp4
[2025-06-29 13:15:58,106] [INFO] [app:1483] - 请求 workstore 文件: user6/人性弱点智慧/output.mp4
[2025-06-29 13:15:58,118] [INFO] [app:1483] - 请求 workstore 文件: user6/人性弱点智慧/output.mp4
[2025-06-29 13:15:58,119] [INFO] [app:1483] - 请求 workstore 文件: user6/人性弱点智慧/output.mp4
[2025-06-29 13:15:58,150] [INFO] [app:1483] - 请求 workstore 文件: user6/人性弱点智慧/output.mp4
[2025-06-29 13:15:58,188] [INFO] [app:1483] - 请求 workstore 文件: user6/人性弱点智慧/output.mp4
[2025-06-29 13:15:58,190] [INFO] [app:1483] - 请求 workstore 文件: user6/人性弱点智慧/output.mp4
[2025-06-29 13:15:58,222] [INFO] [app:1483] - 请求 workstore 文件: user6/人性弱点智慧/output.mp4
[2025-06-29 13:15:58,396] [INFO] [app:1483] - 请求 workstore 文件: user6/人性弱点智慧/output.mp4
[2025-06-29 13:15:58,399] [INFO] [app:1483] - 请求 workstore 文件: user6/人性弱点智慧/output.mp4
[2025-06-29 13:15:58,953] [INFO] [app:1483] - 请求 workstore 文件: user6/人性弱点智慧/output.mp4
[2025-06-29 13:15:58,969] [INFO] [app:1483] - 请求 workstore 文件: user6/人性弱点智慧/output.mp4
[2025-06-29 13:15:58,972] [INFO] [app:1483] - 请求 workstore 文件: user6/人性弱点智慧/output.mp4
[2025-06-29 13:15:58,987] [INFO] [app:1483] - 请求 workstore 文件: user6/人性弱点智慧/output.mp4
[2025-06-29 13:15:59,006] [INFO] [app:1483] - 请求 workstore 文件: user6/人性弱点智慧/output.mp4
[2025-06-29 13:15:59,009] [INFO] [app:1483] - 请求 workstore 文件: user6/人性弱点智慧/output.mp4
[2025-06-29 13:15:59,011] [INFO] [app:1483] - 请求 workstore 文件: user6/人性弱点智慧/output.mp4
[2025-06-29 13:15:59,016] [INFO] [app:1483] - 请求 workstore 文件: user6/人性弱点智慧/output.mp4
[2025-06-29 13:15:59,019] [INFO] [app:1483] - 请求 workstore 文件: user6/人性弱点智慧/output.mp4
[2025-06-29 13:15:59,034] [INFO] [app:1483] - 请求 workstore 文件: user6/人性弱点智慧/output.mp4
[2025-06-29 13:15:59,044] [INFO] [app:1483] - 请求 workstore 文件: user6/人性弱点智慧/output.mp4
[2025-06-29 13:15:59,061] [INFO] [app:1483] - 请求 workstore 文件: user6/人性弱点智慧/output.mp4
[2025-06-29 13:15:59,063] [INFO] [app:1483] - 请求 workstore 文件: user6/人性弱点智慧/output.mp4
[2025-06-29 13:15:59,093] [INFO] [app:1483] - 请求 workstore 文件: user6/人性弱点智慧/output.mp4
[2025-06-29 13:15:59,112] [INFO] [app:1483] - 请求 workstore 文件: user6/人性弱点智慧/output.mp4
[2025-06-29 13:15:59,116] [INFO] [app:1483] - 请求 workstore 文件: user6/人性弱点智慧/output.mp4
[2025-06-29 13:16:00,570] [INFO] [app:1483] - 请求 workstore 文件: user6/人性弱点智慧/output.mp4
[2025-06-29 13:40:43,872] [INFO] [logger:55] - 用户 test4 查看我的视频页面，共 8 个视频
[2025-06-29 13:40:44,338] [INFO] [app:1483] - 请求 workstore 文件: user6/人性弱点智慧/covers/cover_4:3.png
[2025-06-29 13:40:44,345] [INFO] [app:1483] - 请求 workstore 文件: user6/白雪公主的故事/covers/cover_4:3.png
[2025-06-30 09:13:13,540] [INFO] [email_service:61] - 验证码邮件已发送至: inter_trade@msn.com
[2025-06-30 09:13:15,620] [INFO] [email_service:102] - 欢迎邮件已发送至: inter_trade@msn.com
[2025-06-30 09:20:14,429] [INFO] [logger:55] - 用户 test4 查看我的视频页面，共 8 个视频
[2025-06-30 09:20:14,740] [INFO] [app:1643] - 请求 workstore 文件: user6/白雪公主的故事/covers/cover_4:3.png
[2025-06-30 09:20:14,743] [INFO] [app:1643] - 请求 workstore 文件: user6/人性弱点智慧/covers/cover_4:3.png
[2025-06-30 10:14:48,894] [INFO] [email_service:82] - 密码重置邮件已发送至: inter_trade@msn.com
[2025-06-30 10:25:17,455] [INFO] [logger:55] - 用户 test5 获得了月度免费额度刷新，当前额度: 6
[2025-06-30 10:28:37,108] [INFO] [email_service:82] - 密码重置邮件已发送至: inter_trade@msn.com
[2025-06-30 10:31:59,382] [INFO] [email_service:82] - 密码重置邮件已发送至: inter_trade@msn.com
[2025-06-30 11:24:43,229] [INFO] [email_service:82] - 密码重置邮件已发送至: inter_trade@msn.com
[2025-06-30 11:29:31,881] [INFO] [email_service:82] - 密码重置邮件已发送至: inter_trade@msn.com
[2025-06-30 11:35:33,855] [INFO] [logger:55] - 用户 test4 查看我的视频页面，共 8 个视频
[2025-06-30 11:35:34,074] [INFO] [app:1742] - 请求 workstore 文件: user6/白雪公主的故事/covers/cover_4:3.png
[2025-06-30 11:35:34,075] [INFO] [app:1742] - 请求 workstore 文件: user6/人性弱点智慧/covers/cover_4:3.png
[2025-06-30 11:37:26,089] [INFO] [logger:55] - 用户 test4 生成视频扣除了 1 条额度，剩余 17 条
[2025-06-30 11:43:54,964] [INFO] [logger:55] - 视频生成完成 - 项目: 达克效应之谜, 视频: workstore/user6/达克效应之谜/output.mp4
[2025-06-30 11:47:50,482] [INFO] [logger:55] - 用户 test4 查看我的视频页面，共 9 个视频
[2025-06-30 11:47:51,307] [INFO] [app:1742] - 请求 workstore 文件: user6/达克效应之谜/covers/cover_4:3.png
[2025-06-30 11:47:51,308] [INFO] [app:1742] - 请求 workstore 文件: user6/人性弱点智慧/covers/cover_4:3.png
[2025-06-30 11:47:51,313] [INFO] [app:1742] - 请求 workstore 文件: user6/白雪公主的故事/covers/cover_4:3.png
[2025-06-30 11:47:55,461] [INFO] [app:1660] - 用户 6 请求下载视频 27, 路径: workstore/user6/达克效应之谜/output.mp4
[2025-06-30 11:47:55,462] [INFO] [app:1687] - 解析的基础目录: workstore/user6/达克效应之谜
[2025-06-30 11:47:55,881] [INFO] [app:1701] - 已添加视频文件到ZIP: workstore/user6/达克效应之谜/output.mp4
[2025-06-30 11:47:55,906] [INFO] [app:1713] - 已添加封面文件到ZIP: workstore/user6/达克效应之谜/covers/cover_3:4.png
[2025-06-30 11:47:55,929] [INFO] [app:1713] - 已添加封面文件到ZIP: workstore/user6/达克效应之谜/covers/cover_4:3.png
[2025-06-30 11:47:55,930] [INFO] [app:1722] - 开始下载，文件名: video_27_20250630114755.zip
[2025-07-11 11:19:04,650] [INFO] [logger:55] - 用户 test4 生成视频扣除了 1 条额度，剩余 16 条
[2025-07-11 11:23:41,730] [ERROR] [logger:62] - 视频生成任务失败: Model not found
[2025-07-12 10:00:46,650] [INFO] [logger:55] - 用户 test4 生成视频扣除了 1 条额度，剩余 15 条
[2025-07-12 10:04:52,067] [ERROR] [logger:62] - 视频生成任务失败: Model not found
[2025-07-12 10:17:25,701] [INFO] [logger:55] - 用户 test4 生成视频扣除了 1 条额度，剩余 14 条
[2025-07-12 10:20:30,457] [ERROR] [logger:62] - 视频生成任务失败: dashscope.audio.tts_v2.speech_synthesizer.SpeechSynthesizer() got multiple values for keyword argument 'voice'
[2025-07-12 11:04:41,382] [INFO] [logger:55] - 用户 test4 生成视频扣除了 1 条额度，剩余 13 条
[2025-07-12 11:06:48,995] [ERROR] [logger:62] - 视频生成任务失败: 智谱AI图片生成失败: Error code: 400, with error text {"contentFilter":[{"level":1,"role":"user"}],"error":{"code":"1301","message":"系统检测到输入或生成内容可能包含不安全或敏感内容，请您避免输入易产生敏感内容的提示语，感谢您的配合。"}}
[2025-07-12 11:07:33,511] [INFO] [logger:55] - 用户 test4 生成视频扣除了 1 条额度，剩余 12 条
[2025-07-12 11:15:34,087] [INFO] [logger:55] - 视频生成完成 - 项目: 《金刚经》第一品：法会因由分, 视频: workstore/user6/《金刚经》第一品：法会因由分/output.mp4
[2025-07-12 11:34:09,877] [INFO] [logger:55] - 用户 test4 生成视频扣除了 1 条额度，剩余 11 条
[2025-07-12 11:44:03,947] [INFO] [logger:55] - 视频生成完成 - 项目: 《金刚经》第二品善现启请分, 视频: workstore/user6/《金刚经》第二品善现启请分/output.mp4
[2025-07-12 11:50:46,496] [INFO] [logger:55] - 用户 admin 生成视频扣除了 1 条额度，剩余 93 条
[2025-07-12 11:55:27,733] [INFO] [logger:55] - 视频生成完成 - 项目: 小红帽的森林奇遇, 视频: workstore/user1/小红帽的森林奇遇/output.mp4
[2025-07-13 08:54:21,733] [INFO] [logger:55] - 新留言：123@456.com - 测试，测试...
[2025-07-13 08:58:54,616] [INFO] [logger:55] - 新留言：test@example.com - 这是一条测试留言...
[2025-07-13 09:01:13,454] [INFO] [logger:55] - 新留言：123@456.com - 测试，测试...
[2025-07-13 10:07:52,231] [INFO] [logger:55] - 用户 admin 查看我的视频页面，共 4 个视频
[2025-07-13 10:07:52,791] [INFO] [app:1758] - 请求 workstore 文件: user1/白雪公主的童话/covers/cover_4:3.png
[2025-07-13 10:07:52,792] [INFO] [app:1758] - 请求 workstore 文件: user1/小红帽的森林奇遇/covers/cover_4:3.png
[2025-07-13 10:07:52,794] [INFO] [app:1758] - 请求 workstore 文件: user1/纳什均衡解析/covers/cover_4:3.png
[2025-07-13 10:11:26,414] [INFO] [logger:55] - 用户 admin 查看我的视频页面，共 4 个视频
[2025-07-13 10:11:26,808] [INFO] [app:1758] - 请求 workstore 文件: user1/小红帽的森林奇遇/covers/cover_4:3.png
[2025-07-13 10:11:26,810] [INFO] [app:1758] - 请求 workstore 文件: user1/白雪公主的童话/covers/cover_4:3.png
[2025-07-13 10:11:26,813] [INFO] [app:1758] - 请求 workstore 文件: user1/纳什均衡解析/covers/cover_4:3.png
[2025-07-13 10:29:33,468] [INFO] [logger:55] - 用户 admin 查看我的视频页面，共 4 个视频
[2025-07-13 10:29:33,664] [INFO] [app:1758] - 请求 workstore 文件: user1/白雪公主的童话/covers/cover_4:3.png
[2025-07-13 10:29:33,671] [INFO] [app:1758] - 请求 workstore 文件: user1/小红帽的森林奇遇/covers/cover_4:3.png
[2025-07-13 10:29:33,675] [INFO] [app:1758] - 请求 workstore 文件: user1/纳什均衡解析/covers/cover_4:3.png
[2025-07-13 11:02:17,899] [INFO] [logger:55] - 用户 admin 查看我的视频页面，共 4 个视频
[2025-07-13 11:02:18,089] [INFO] [app:1758] - 请求 workstore 文件: user1/小红帽的森林奇遇/covers/cover_4:3.png
[2025-07-13 11:02:18,091] [INFO] [app:1758] - 请求 workstore 文件: user1/白雪公主的童话/covers/cover_4:3.png
[2025-07-13 11:02:18,093] [INFO] [app:1758] - 请求 workstore 文件: user1/纳什均衡解析/covers/cover_4:3.png
[2025-07-13 11:12:45,232] [INFO] [logger:55] - 用户 admin 查看我的视频页面，共 4 个视频
[2025-07-13 11:12:45,662] [INFO] [app:1758] - 请求 workstore 文件: user1/小红帽的森林奇遇/covers/cover_4:3.png
[2025-07-13 11:12:45,664] [INFO] [app:1758] - 请求 workstore 文件: user1/纳什均衡解析/covers/cover_4:3.png
[2025-07-13 11:12:45,665] [INFO] [app:1758] - 请求 workstore 文件: user1/白雪公主的童话/covers/cover_4:3.png
[2025-07-13 11:12:48,927] [INFO] [app:1758] - 请求 workstore 文件: user1/小红帽的森林奇遇/output.mp4
[2025-07-13 11:12:48,959] [INFO] [app:1758] - 请求 workstore 文件: user1/小红帽的森林奇遇/output.mp4
[2025-07-13 11:12:51,952] [INFO] [app:1758] - 请求 workstore 文件: user1/小红帽的森林奇遇/output.mp4
[2025-07-13 11:12:51,958] [INFO] [app:1758] - 请求 workstore 文件: user1/小红帽的森林奇遇/output.mp4
[2025-07-13 11:32:06,705] [INFO] [logger:55] - 用户 admin 查看我的视频页面，共 4 个视频
[2025-07-13 11:32:06,935] [INFO] [app:1813] - 请求 workstore 文件: user1/白雪公主的童话/covers/cover_4:3.png
[2025-07-13 11:32:06,940] [INFO] [app:1813] - 请求 workstore 文件: user1/纳什均衡解析/covers/cover_4:3.png
[2025-07-13 11:32:06,945] [INFO] [app:1813] - 请求 workstore 文件: user1/小红帽的森林奇遇/covers/cover_4:3.png
[2025-07-13 11:32:10,510] [INFO] [app:1731] - 用户 1 请求下载视频 34, 路径: workstore/user1/小红帽的森林奇遇/output.mp4
[2025-07-13 11:32:10,510] [INFO] [app:1758] - 解析的基础目录: workstore/user1/小红帽的森林奇遇
[2025-07-13 11:32:10,798] [INFO] [app:1772] - 已添加视频文件到ZIP: workstore/user1/小红帽的森林奇遇/output.mp4
[2025-07-13 11:32:10,821] [INFO] [app:1784] - 已添加封面文件到ZIP: workstore/user1/小红帽的森林奇遇/covers/cover_3:4.png
[2025-07-13 11:32:10,843] [INFO] [app:1784] - 已添加封面文件到ZIP: workstore/user1/小红帽的森林奇遇/covers/cover_4:3.png
[2025-07-13 11:32:10,843] [INFO] [app:1793] - 开始下载，文件名: video_34_20250713113210.zip
[2025-07-13 11:32:40,918] [INFO] [logger:55] - 用户 admin 查看我的视频页面，共 3 个视频
[2025-07-13 11:32:41,101] [INFO] [app:1813] - 请求 workstore 文件: user1/白雪公主的童话/covers/cover_4:3.png
[2025-07-13 11:32:41,102] [INFO] [app:1813] - 请求 workstore 文件: user1/小红帽的森林奇遇/covers/cover_4:3.png
[2025-07-13 11:32:41,105] [INFO] [app:1813] - 请求 workstore 文件: user1/纳什均衡解析/covers/cover_4:3.png
[2025-07-13 11:53:48,206] [INFO] [logger:55] - 用户 test9 获得了月度免费额度刷新，当前额度: 6
[2025-07-13 12:01:24,124] [INFO] [logger:55] - 用户 test9 生成视频扣除了 1 条额度，剩余 5 条
[2025-07-13 12:10:32,154] [INFO] [logger:55] - 视频生成完成 - 项目: 《金刚经》第五品 如理实见分, 视频: workstore/user8/《金刚经》第五品 如理实见分/output.mp4
[2025-07-13 16:28:12,483] [INFO] [logger:55] - 用户 test9 生成视频扣除了 1 条额度，剩余 4 条
[2025-07-13 16:36:32,936] [INFO] [logger:55] - 视频生成完成 - 项目: 《金刚经》第六品 正信希有分, 视频: workstore/user8/《金刚经》第六品 正信希有分/output.mp4
[2025-07-13 16:37:23,930] [INFO] [logger:55] - 用户 test9 查看我的视频页面，共 2 个视频
[2025-07-13 16:37:24,156] [INFO] [app:1813] - 请求 workstore 文件: user8/《金刚经》第六品 正信希有分/covers/cover_4:3.png
[2025-07-13 16:37:24,159] [INFO] [app:1813] - 请求 workstore 文件: user8/《金刚经》第五品 如理实见分/covers/cover_4:3.png
[2025-07-13 16:37:30,712] [INFO] [app:1731] - 用户 8 请求下载视频 35, 路径: workstore/user8/《金刚经》第五品 如理实见分/output.mp4
[2025-07-13 16:37:30,713] [INFO] [app:1758] - 解析的基础目录: workstore/user8/《金刚经》第五品 如理实见分
[2025-07-13 16:37:31,259] [INFO] [app:1772] - 已添加视频文件到ZIP: workstore/user8/《金刚经》第五品 如理实见分/output.mp4
[2025-07-13 16:37:31,276] [INFO] [app:1784] - 已添加封面文件到ZIP: workstore/user8/《金刚经》第五品 如理实见分/covers/cover_3:4.png
[2025-07-13 16:37:31,289] [INFO] [app:1784] - 已添加封面文件到ZIP: workstore/user8/《金刚经》第五品 如理实见分/covers/cover_4:3.png
[2025-07-13 16:37:31,290] [INFO] [app:1793] - 开始下载，文件名: video_35_20250713163731.zip
[2025-07-13 16:37:39,850] [INFO] [app:1731] - 用户 8 请求下载视频 36, 路径: workstore/user8/《金刚经》第六品 正信希有分/output.mp4
[2025-07-13 16:37:39,850] [INFO] [app:1758] - 解析的基础目录: workstore/user8/《金刚经》第六品 正信希有分
[2025-07-13 16:37:40,335] [INFO] [app:1772] - 已添加视频文件到ZIP: workstore/user8/《金刚经》第六品 正信希有分/output.mp4
[2025-07-13 16:37:40,350] [INFO] [app:1784] - 已添加封面文件到ZIP: workstore/user8/《金刚经》第六品 正信希有分/covers/cover_3:4.png
[2025-07-13 16:37:40,363] [INFO] [app:1784] - 已添加封面文件到ZIP: workstore/user8/《金刚经》第六品 正信希有分/covers/cover_4:3.png
[2025-07-13 16:37:40,363] [INFO] [app:1793] - 开始下载，文件名: video_36_20250713163740.zip
[2025-07-13 21:23:53,172] [INFO] [logger:55] - 百速一键AI视频生成应用正在启动... 时间: 2025-07-13 21:23:53
[2025-07-13 21:23:53,173] [INFO] [logger:55] - 正在初始化数据库...
[2025-07-13 21:23:54,268] [ERROR] [logger:62] - 应用启动失败: No module named 'service.voice_generate_service'
[2025-07-13 21:28:20,647] [INFO] [logger:55] - 百速一键AI视频生成应用正在启动... 时间: 2025-07-13 21:28:20
[2025-07-13 21:28:20,647] [INFO] [logger:55] - 正在初始化数据库...
[2025-07-13 21:28:22,392] [INFO] [logger:55] - 数据库初始化完成
[2025-07-13 21:28:22,392] [INFO] [logger:55] - 百速一键AI视频生成应用服务器已启动，监听端口: 5002
[2025-07-13 21:28:22,715] [INFO] [logger:55] - 百速一键AI视频生成应用正在启动... 时间: 2025-07-13 21:28:22
[2025-07-13 21:28:22,715] [INFO] [logger:55] - 正在初始化数据库...
[2025-07-13 21:28:23,493] [INFO] [logger:55] - 数据库初始化完成
[2025-07-13 21:28:23,493] [INFO] [logger:55] - 百速一键AI视频生成应用服务器已启动，监听端口: 5002
[2025-07-13 21:29:05,990] [INFO] [logger:55] - 用户 admin 生成视频扣除了 1 条额度，剩余 92 条
[2025-07-13 21:29:11,022] [ERROR] [logger:62] - 查询视频状态出错 - 视频ID: 37, 错误: 404 Not Found: The requested URL was not found on the server. If you entered the URL manually please check your spelling and try again.
[2025-07-13 21:29:42,616] [INFO] [logger:55] - 用户 admin 生成视频扣除了 1 条额度，剩余 92 条
[2025-07-13 21:30:14,771] [ERROR] [logger:62] - 视频生成任务失败: 任务被用户主动取消
[2025-07-13 21:33:25,021] [INFO] [logger:55] - 用户 admin 查看我的视频页面，共 4 个视频
[2025-07-13 21:33:25,293] [INFO] [app:1935] - 请求 workstore 文件: user1/小红帽的森林奇遇/covers/cover_4:3.png
[2025-07-13 21:33:25,293] [INFO] [app:1935] - 请求 workstore 文件: user1/白雪公主的童话/covers/cover_4:3.png
[2025-07-13 21:33:25,295] [INFO] [app:1935] - 请求 workstore 文件: user1/纳什均衡解析/covers/cover_4:3.png
[2025-07-13 21:34:27,315] [INFO] [logger:55] - 视频生成完成 - 项目: 停止按钮背后的故事, 视频: workstore/user1/停止按钮背后的故事/output.mp4
[2025-07-13 21:34:44,815] [INFO] [logger:55] - 用户 admin 查看我的视频页面，共 4 个视频
[2025-07-13 21:34:45,043] [INFO] [app:1935] - 请求 workstore 文件: user1/停止按钮背后的故事/covers/cover_4:3.png
[2025-07-13 21:34:45,044] [INFO] [app:1935] - 请求 workstore 文件: user1/小红帽的森林奇遇/covers/cover_4:3.png
[2025-07-13 21:34:45,044] [INFO] [app:1935] - 请求 workstore 文件: user1/白雪公主的童话/covers/cover_4:3.png
[2025-07-13 21:34:45,047] [INFO] [app:1935] - 请求 workstore 文件: user1/纳什均衡解析/covers/cover_4:3.png
[2025-07-13 21:34:59,158] [INFO] [app:1935] - 请求 workstore 文件: user1/停止按钮背后的故事/output.mp4
[2025-07-13 21:34:59,163] [INFO] [app:1935] - 请求 workstore 文件: user1/停止按钮背后的故事/output.mp4
[2025-07-13 21:34:59,167] [INFO] [app:1935] - 请求 workstore 文件: user1/停止按钮背后的故事/output.mp4
[2025-07-13 21:34:59,169] [INFO] [app:1935] - 请求 workstore 文件: user1/停止按钮背后的故事/output.mp4
[2025-07-13 21:35:03,861] [INFO] [app:1935] - 请求 workstore 文件: user1/停止按钮背后的故事/output.mp4
[2025-07-13 21:35:40,850] [INFO] [app:1935] - 请求 workstore 文件: user1/停止按钮背后的故事/output.mp4
[2025-07-13 21:35:40,853] [INFO] [app:1935] - 请求 workstore 文件: user1/停止按钮背后的故事/output.mp4
[2025-07-13 21:35:44,747] [INFO] [app:1935] - 请求 workstore 文件: user1/停止按钮背后的故事/output.mp4
[2025-07-13 21:35:46,525] [INFO] [app:1935] - 请求 workstore 文件: user1/停止按钮背后的故事/output.mp4
[2025-07-13 21:35:46,530] [INFO] [app:1935] - 请求 workstore 文件: user1/停止按钮背后的故事/output.mp4
[2025-07-13 21:35:48,154] [INFO] [app:1935] - 请求 workstore 文件: user1/停止按钮背后的故事/output.mp4
[2025-07-13 21:35:49,414] [INFO] [app:1935] - 请求 workstore 文件: user1/停止按钮背后的故事/output.mp4
[2025-07-13 21:35:49,420] [INFO] [app:1935] - 请求 workstore 文件: user1/停止按钮背后的故事/output.mp4
[2025-07-13 21:35:50,944] [INFO] [app:1935] - 请求 workstore 文件: user1/停止按钮背后的故事/output.mp4
[2025-07-13 21:35:51,952] [INFO] [app:1935] - 请求 workstore 文件: user1/停止按钮背后的故事/output.mp4
[2025-07-13 21:35:51,955] [INFO] [app:1935] - 请求 workstore 文件: user1/停止按钮背后的故事/output.mp4
[2025-07-13 21:50:50,878] [INFO] [logger:55] - 百速一键AI视频生成应用正在启动... 时间: 2025-07-13 21:50:50
[2025-07-13 21:50:50,878] [INFO] [logger:55] - 正在初始化数据库...
[2025-07-13 21:50:52,392] [INFO] [logger:55] - 数据库初始化完成
[2025-07-13 21:50:52,392] [INFO] [logger:55] - 百速一键AI视频生成应用服务器已启动，监听端口: 5002
[2025-07-13 21:55:52,109] [INFO] [logger:55] - 用户 admin 生成视频扣除了 1 条额度，剩余 91 条
[2025-07-13 22:03:09,311] [INFO] [logger:55] - 视频生成完成 - 项目: 《金刚经》第八品 依法出生分, 视频: workstore/user1/《金刚经》第八品 依法出生分/output.mp4
[2025-07-13 22:47:07,337] [INFO] [logger:55] - 百速一键AI视频生成应用正在启动... 时间: 2025-07-13 22:47:07
[2025-07-13 22:47:07,338] [INFO] [logger:55] - 正在初始化数据库...
[2025-07-13 22:47:08,622] [INFO] [logger:55] - 数据库初始化完成
[2025-07-13 22:47:08,622] [INFO] [logger:55] - 百速一键AI视频生成应用服务器已启动，监听端口: 5002
[2025-07-13 22:47:08,738] [INFO] [logger:55] - 百速一键AI视频生成应用正在启动... 时间: 2025-07-13 22:47:08
[2025-07-13 22:47:08,738] [INFO] [logger:55] - 正在初始化数据库...
[2025-07-13 22:47:09,498] [INFO] [logger:55] - 数据库初始化完成
[2025-07-13 22:47:09,498] [INFO] [logger:55] - 百速一键AI视频生成应用服务器已启动，监听端口: 5002
[2025-07-13 22:52:08,372] [INFO] [logger:55] - 百速一键AI视频生成应用正在启动... 时间: 2025-07-13 22:52:08
[2025-07-13 22:52:08,372] [INFO] [logger:55] - 正在初始化数据库...
[2025-07-13 22:52:09,639] [INFO] [logger:55] - 数据库初始化完成
[2025-07-13 22:52:09,639] [INFO] [logger:55] - 百速一键AI视频生成应用服务器已启动，监听端口: 5002
[2025-07-13 22:52:09,743] [INFO] [logger:55] - 百速一键AI视频生成应用正在启动... 时间: 2025-07-13 22:52:09
[2025-07-13 22:52:09,743] [INFO] [logger:55] - 正在初始化数据库...
[2025-07-13 22:52:10,505] [INFO] [logger:55] - 数据库初始化完成
[2025-07-13 22:52:10,506] [INFO] [logger:55] - 百速一键AI视频生成应用服务器已启动，监听端口: 5002
[2025-07-13 22:53:55,094] [INFO] [logger:55] - 百速一键AI视频生成应用正在启动... 时间: 2025-07-13 22:53:55
[2025-07-13 22:53:55,094] [INFO] [logger:55] - 正在初始化数据库...
[2025-07-13 22:53:56,225] [INFO] [logger:55] - 数据库初始化完成
[2025-07-13 22:53:56,225] [INFO] [logger:55] - 百速一键AI视频生成应用服务器已启动，监听端口: 5002
[2025-07-13 22:53:56,312] [INFO] [logger:55] - 百速一键AI视频生成应用正在启动... 时间: 2025-07-13 22:53:56
[2025-07-13 22:53:56,312] [INFO] [logger:55] - 正在初始化数据库...
[2025-07-13 22:53:57,075] [INFO] [logger:55] - 数据库初始化完成
[2025-07-13 22:53:57,075] [INFO] [logger:55] - 百速一键AI视频生成应用服务器已启动，监听端口: 5002
[2025-07-14 11:08:33,822] [INFO] [logger:55] - 用户 admin 查看我的视频页面，共 5 个视频
[2025-07-14 11:08:34,445] [INFO] [app:1941] - 请求 workstore 文件: user1/小红帽的森林奇遇/covers/cover_4:3.png
[2025-07-14 11:08:34,447] [INFO] [app:1941] - 请求 workstore 文件: user1/停止按钮背后的故事/covers/cover_4:3.png
[2025-07-14 11:08:34,449] [INFO] [app:1941] - 请求 workstore 文件: user1/纳什均衡解析/covers/cover_4:3.png
[2025-07-14 11:08:34,449] [INFO] [app:1941] - 请求 workstore 文件: user1/《金刚经》第八品 依法出生分/covers/cover_4:3.png
[2025-07-14 11:08:34,449] [INFO] [app:1941] - 请求 workstore 文件: user1/白雪公主的童话/covers/cover_4:3.png
[2025-07-16 19:07:48,516] [INFO] [logger:55] - 正在检查并恢复中断的任务...
[2025-07-16 19:07:48,516] [INFO] [logger:55] - 检查服务器启动时是否有中断的任务需要恢复...
[2025-07-16 19:07:48,516] [INFO] [logger:55] - 开始迁移视频路径...
[2025-07-16 19:07:48,519] [INFO] [logger:55] - 迁移视频 13: user1 -> admin
[2025-07-16 19:07:48,519] [WARNING] [logger:66] - 新路径不存在，跳过迁移视频 13: workstore/admin/纳什均衡解析/output.mp4
[2025-07-16 19:07:48,519] [INFO] [logger:55] - 迁移视频 15: user1 -> admin
[2025-07-16 19:07:48,519] [WARNING] [logger:66] - 新路径不存在，跳过迁移视频 15: workstore/admin/白雪公主的童话/output.mp4
[2025-07-16 19:07:48,519] [INFO] [logger:55] - 迁移视频 18: user3 -> test2
[2025-07-16 19:07:48,519] [WARNING] [logger:66] - 新路径不存在，跳过迁移视频 18: workstore/test2/坚持的力量/output.mp4
[2025-07-16 19:07:48,519] [INFO] [logger:55] - 迁移视频 19: user6 -> test4
[2025-07-16 19:07:48,519] [WARNING] [logger:66] - 新路径不存在，跳过迁移视频 19: workstore/test4/白雪公主的故事/output.mp4
[2025-07-16 19:07:48,519] [INFO] [logger:55] - 迁移视频 26: user6 -> test4
[2025-07-16 19:07:48,519] [WARNING] [logger:66] - 新路径不存在，跳过迁移视频 26: workstore/test4/人性弱点智慧/output.mp4
[2025-07-16 19:07:48,519] [INFO] [logger:55] - 迁移视频 27: user6 -> test4
[2025-07-16 19:07:48,520] [WARNING] [logger:66] - 新路径不存在，跳过迁移视频 27: workstore/test4/达克效应之谜/output.mp4
[2025-07-16 19:07:48,520] [INFO] [logger:55] - 迁移视频 32: user6 -> test4
[2025-07-16 19:07:48,520] [WARNING] [logger:66] - 新路径不存在，跳过迁移视频 32: workstore/test4/《金刚经》第一品：法会因由分/output.mp4
[2025-07-16 19:07:48,520] [INFO] [logger:55] - 迁移视频 33: user6 -> test4
[2025-07-16 19:07:48,520] [WARNING] [logger:66] - 新路径不存在，跳过迁移视频 33: workstore/test4/《金刚经》第二品善现启请分/output.mp4
[2025-07-16 19:07:48,520] [INFO] [logger:55] - 迁移视频 34: user1 -> admin
[2025-07-16 19:07:48,520] [WARNING] [logger:66] - 新路径不存在，跳过迁移视频 34: workstore/admin/小红帽的森林奇遇/output.mp4
[2025-07-16 19:07:48,520] [INFO] [logger:55] - 迁移视频 35: user8 -> test9
[2025-07-16 19:07:48,520] [WARNING] [logger:66] - 新路径不存在，跳过迁移视频 35: workstore/test9/《金刚经》第五品 如理实见分/output.mp4
[2025-07-16 19:07:48,520] [INFO] [logger:55] - 迁移视频 36: user8 -> test9
[2025-07-16 19:07:48,520] [WARNING] [logger:66] - 新路径不存在，跳过迁移视频 36: workstore/test9/《金刚经》第六品 正信希有分/output.mp4
[2025-07-16 19:07:48,520] [INFO] [logger:55] - 迁移视频 37: user1 -> admin
[2025-07-16 19:07:48,520] [WARNING] [logger:66] - 新路径不存在，跳过迁移视频 37: workstore/admin/停止按钮背后的故事/output.mp4
[2025-07-16 19:07:48,520] [INFO] [logger:55] - 迁移视频 38: user1 -> admin
[2025-07-16 19:07:48,520] [WARNING] [logger:66] - 新路径不存在，跳过迁移视频 38: workstore/admin/《金刚经》第八品 依法出生分/output.mp4
[2025-07-16 19:07:48,521] [INFO] [logger:55] - 视频路径迁移完成，共迁移 0 个视频
[2025-07-16 19:07:48,521] [INFO] [logger:55] - 没有发现中断的任务
[2025-07-16 19:07:48,522] [INFO] [logger:55] - 任务恢复检查完成
[2025-07-16 19:07:49,159] [INFO] [logger:55] - 正在检查并恢复中断的任务...
[2025-07-16 19:07:49,159] [INFO] [logger:55] - 检查服务器启动时是否有中断的任务需要恢复...
[2025-07-16 19:07:49,159] [INFO] [logger:55] - 开始迁移视频路径...
[2025-07-16 19:07:49,161] [INFO] [logger:55] - 迁移视频 13: user1 -> admin
[2025-07-16 19:07:49,161] [WARNING] [logger:66] - 新路径不存在，跳过迁移视频 13: workstore/admin/纳什均衡解析/output.mp4
[2025-07-16 19:07:49,161] [INFO] [logger:55] - 迁移视频 15: user1 -> admin
[2025-07-16 19:07:49,161] [WARNING] [logger:66] - 新路径不存在，跳过迁移视频 15: workstore/admin/白雪公主的童话/output.mp4
[2025-07-16 19:07:49,162] [INFO] [logger:55] - 迁移视频 18: user3 -> test2
[2025-07-16 19:07:49,162] [WARNING] [logger:66] - 新路径不存在，跳过迁移视频 18: workstore/test2/坚持的力量/output.mp4
[2025-07-16 19:07:49,162] [INFO] [logger:55] - 迁移视频 19: user6 -> test4
[2025-07-16 19:07:49,162] [WARNING] [logger:66] - 新路径不存在，跳过迁移视频 19: workstore/test4/白雪公主的故事/output.mp4
[2025-07-16 19:07:49,162] [INFO] [logger:55] - 迁移视频 26: user6 -> test4
[2025-07-16 19:07:49,162] [WARNING] [logger:66] - 新路径不存在，跳过迁移视频 26: workstore/test4/人性弱点智慧/output.mp4
[2025-07-16 19:07:49,162] [INFO] [logger:55] - 迁移视频 27: user6 -> test4
[2025-07-16 19:07:49,162] [WARNING] [logger:66] - 新路径不存在，跳过迁移视频 27: workstore/test4/达克效应之谜/output.mp4
[2025-07-16 19:07:49,162] [INFO] [logger:55] - 迁移视频 32: user6 -> test4
[2025-07-16 19:07:49,162] [WARNING] [logger:66] - 新路径不存在，跳过迁移视频 32: workstore/test4/《金刚经》第一品：法会因由分/output.mp4
[2025-07-16 19:07:49,162] [INFO] [logger:55] - 迁移视频 33: user6 -> test4
[2025-07-16 19:07:49,162] [WARNING] [logger:66] - 新路径不存在，跳过迁移视频 33: workstore/test4/《金刚经》第二品善现启请分/output.mp4
[2025-07-16 19:07:49,162] [INFO] [logger:55] - 迁移视频 34: user1 -> admin
[2025-07-16 19:07:49,162] [WARNING] [logger:66] - 新路径不存在，跳过迁移视频 34: workstore/admin/小红帽的森林奇遇/output.mp4
[2025-07-16 19:07:49,162] [INFO] [logger:55] - 迁移视频 35: user8 -> test9
[2025-07-16 19:07:49,162] [WARNING] [logger:66] - 新路径不存在，跳过迁移视频 35: workstore/test9/《金刚经》第五品 如理实见分/output.mp4
[2025-07-16 19:07:49,163] [INFO] [logger:55] - 迁移视频 36: user8 -> test9
[2025-07-16 19:07:49,163] [WARNING] [logger:66] - 新路径不存在，跳过迁移视频 36: workstore/test9/《金刚经》第六品 正信希有分/output.mp4
[2025-07-16 19:07:49,163] [INFO] [logger:55] - 迁移视频 37: user1 -> admin
[2025-07-16 19:07:49,163] [WARNING] [logger:66] - 新路径不存在，跳过迁移视频 37: workstore/admin/停止按钮背后的故事/output.mp4
[2025-07-16 19:07:49,163] [INFO] [logger:55] - 迁移视频 38: user1 -> admin
[2025-07-16 19:07:49,163] [WARNING] [logger:66] - 新路径不存在，跳过迁移视频 38: workstore/admin/《金刚经》第八品 依法出生分/output.mp4
[2025-07-16 19:07:49,163] [INFO] [logger:55] - 视频路径迁移完成，共迁移 0 个视频
[2025-07-16 19:07:49,164] [INFO] [logger:55] - 没有发现中断的任务
[2025-07-16 19:07:49,164] [INFO] [logger:55] - 任务恢复检查完成
[2025-07-16 19:43:36,788] [INFO] [logger:55] - 正在检查并恢复中断的任务...
[2025-07-16 19:43:36,788] [INFO] [logger:55] - 检查服务器启动时是否有中断的任务需要恢复...
[2025-07-16 19:43:36,788] [INFO] [logger:55] - 开始迁移视频路径...
[2025-07-16 19:43:36,791] [INFO] [logger:55] - 迁移视频 13: user1 -> admin
[2025-07-16 19:43:36,791] [WARNING] [logger:66] - 新路径不存在，跳过迁移视频 13: workstore/admin/纳什均衡解析/output.mp4
[2025-07-16 19:43:36,791] [INFO] [logger:55] - 迁移视频 15: user1 -> admin
[2025-07-16 19:43:36,791] [WARNING] [logger:66] - 新路径不存在，跳过迁移视频 15: workstore/admin/白雪公主的童话/output.mp4
[2025-07-16 19:43:36,791] [INFO] [logger:55] - 迁移视频 18: user3 -> test2
[2025-07-16 19:43:36,791] [WARNING] [logger:66] - 新路径不存在，跳过迁移视频 18: workstore/test2/坚持的力量/output.mp4
[2025-07-16 19:43:36,791] [INFO] [logger:55] - 迁移视频 19: user6 -> test4
[2025-07-16 19:43:36,791] [WARNING] [logger:66] - 新路径不存在，跳过迁移视频 19: workstore/test4/白雪公主的故事/output.mp4
[2025-07-16 19:43:36,791] [INFO] [logger:55] - 迁移视频 26: user6 -> test4
[2025-07-16 19:43:36,791] [WARNING] [logger:66] - 新路径不存在，跳过迁移视频 26: workstore/test4/人性弱点智慧/output.mp4
[2025-07-16 19:43:36,791] [INFO] [logger:55] - 迁移视频 27: user6 -> test4
[2025-07-16 19:43:36,791] [WARNING] [logger:66] - 新路径不存在，跳过迁移视频 27: workstore/test4/达克效应之谜/output.mp4
[2025-07-16 19:43:36,791] [INFO] [logger:55] - 迁移视频 32: user6 -> test4
[2025-07-16 19:43:36,791] [WARNING] [logger:66] - 新路径不存在，跳过迁移视频 32: workstore/test4/《金刚经》第一品：法会因由分/output.mp4
[2025-07-16 19:43:36,792] [INFO] [logger:55] - 迁移视频 33: user6 -> test4
[2025-07-16 19:43:36,792] [WARNING] [logger:66] - 新路径不存在，跳过迁移视频 33: workstore/test4/《金刚经》第二品善现启请分/output.mp4
[2025-07-16 19:43:36,792] [INFO] [logger:55] - 迁移视频 34: user1 -> admin
[2025-07-16 19:43:36,792] [WARNING] [logger:66] - 新路径不存在，跳过迁移视频 34: workstore/admin/小红帽的森林奇遇/output.mp4
[2025-07-16 19:43:36,792] [INFO] [logger:55] - 迁移视频 35: user8 -> test9
[2025-07-16 19:43:36,792] [WARNING] [logger:66] - 新路径不存在，跳过迁移视频 35: workstore/test9/《金刚经》第五品 如理实见分/output.mp4
[2025-07-16 19:43:36,792] [INFO] [logger:55] - 迁移视频 36: user8 -> test9
[2025-07-16 19:43:36,792] [WARNING] [logger:66] - 新路径不存在，跳过迁移视频 36: workstore/test9/《金刚经》第六品 正信希有分/output.mp4
[2025-07-16 19:43:36,792] [INFO] [logger:55] - 迁移视频 37: user1 -> admin
[2025-07-16 19:43:36,792] [WARNING] [logger:66] - 新路径不存在，跳过迁移视频 37: workstore/admin/停止按钮背后的故事/output.mp4
[2025-07-16 19:43:36,792] [INFO] [logger:55] - 迁移视频 38: user1 -> admin
[2025-07-16 19:43:36,792] [WARNING] [logger:66] - 新路径不存在，跳过迁移视频 38: workstore/admin/《金刚经》第八品 依法出生分/output.mp4
[2025-07-16 19:43:36,792] [INFO] [logger:55] - 视频路径迁移完成，共迁移 0 个视频
[2025-07-16 19:43:36,793] [INFO] [logger:55] - 没有发现中断的任务
[2025-07-16 19:43:36,793] [INFO] [logger:55] - 任务恢复检查完成
[2025-07-16 19:43:37,409] [INFO] [logger:55] - 正在检查并恢复中断的任务...
[2025-07-16 19:43:37,409] [INFO] [logger:55] - 检查服务器启动时是否有中断的任务需要恢复...
[2025-07-16 19:43:37,409] [INFO] [logger:55] - 开始迁移视频路径...
[2025-07-16 19:43:37,411] [INFO] [logger:55] - 迁移视频 13: user1 -> admin
[2025-07-16 19:43:37,411] [WARNING] [logger:66] - 新路径不存在，跳过迁移视频 13: workstore/admin/纳什均衡解析/output.mp4
[2025-07-16 19:43:37,411] [INFO] [logger:55] - 迁移视频 15: user1 -> admin
[2025-07-16 19:43:37,411] [WARNING] [logger:66] - 新路径不存在，跳过迁移视频 15: workstore/admin/白雪公主的童话/output.mp4
[2025-07-16 19:43:37,411] [INFO] [logger:55] - 迁移视频 18: user3 -> test2
[2025-07-16 19:43:37,411] [WARNING] [logger:66] - 新路径不存在，跳过迁移视频 18: workstore/test2/坚持的力量/output.mp4
[2025-07-16 19:43:37,412] [INFO] [logger:55] - 迁移视频 19: user6 -> test4
[2025-07-16 19:43:37,412] [WARNING] [logger:66] - 新路径不存在，跳过迁移视频 19: workstore/test4/白雪公主的故事/output.mp4
[2025-07-16 19:43:37,412] [INFO] [logger:55] - 迁移视频 26: user6 -> test4
[2025-07-16 19:43:37,412] [WARNING] [logger:66] - 新路径不存在，跳过迁移视频 26: workstore/test4/人性弱点智慧/output.mp4
[2025-07-16 19:43:37,412] [INFO] [logger:55] - 迁移视频 27: user6 -> test4
[2025-07-16 19:43:37,412] [WARNING] [logger:66] - 新路径不存在，跳过迁移视频 27: workstore/test4/达克效应之谜/output.mp4
[2025-07-16 19:43:37,412] [INFO] [logger:55] - 迁移视频 32: user6 -> test4
[2025-07-16 19:43:37,412] [WARNING] [logger:66] - 新路径不存在，跳过迁移视频 32: workstore/test4/《金刚经》第一品：法会因由分/output.mp4
[2025-07-16 19:43:37,412] [INFO] [logger:55] - 迁移视频 33: user6 -> test4
[2025-07-16 19:43:37,412] [WARNING] [logger:66] - 新路径不存在，跳过迁移视频 33: workstore/test4/《金刚经》第二品善现启请分/output.mp4
[2025-07-16 19:43:37,412] [INFO] [logger:55] - 迁移视频 34: user1 -> admin
[2025-07-16 19:43:37,412] [WARNING] [logger:66] - 新路径不存在，跳过迁移视频 34: workstore/admin/小红帽的森林奇遇/output.mp4
[2025-07-16 19:43:37,412] [INFO] [logger:55] - 迁移视频 35: user8 -> test9
[2025-07-16 19:43:37,412] [WARNING] [logger:66] - 新路径不存在，跳过迁移视频 35: workstore/test9/《金刚经》第五品 如理实见分/output.mp4
[2025-07-16 19:43:37,412] [INFO] [logger:55] - 迁移视频 36: user8 -> test9
[2025-07-16 19:43:37,412] [WARNING] [logger:66] - 新路径不存在，跳过迁移视频 36: workstore/test9/《金刚经》第六品 正信希有分/output.mp4
[2025-07-16 19:43:37,413] [INFO] [logger:55] - 迁移视频 37: user1 -> admin
[2025-07-16 19:43:37,413] [WARNING] [logger:66] - 新路径不存在，跳过迁移视频 37: workstore/admin/停止按钮背后的故事/output.mp4
[2025-07-16 19:43:37,413] [INFO] [logger:55] - 迁移视频 38: user1 -> admin
[2025-07-16 19:43:37,413] [WARNING] [logger:66] - 新路径不存在，跳过迁移视频 38: workstore/admin/《金刚经》第八品 依法出生分/output.mp4
[2025-07-16 19:43:37,413] [INFO] [logger:55] - 视频路径迁移完成，共迁移 0 个视频
[2025-07-16 19:43:37,414] [INFO] [logger:55] - 没有发现中断的任务
[2025-07-16 19:43:37,414] [INFO] [logger:55] - 任务恢复检查完成
[2025-07-16 19:52:19,803] [INFO] [logger:55] - 正在检查并恢复中断的任务...
[2025-07-16 19:52:19,803] [INFO] [logger:55] - 检查服务器启动时是否有中断的任务需要恢复...
[2025-07-16 19:52:19,803] [INFO] [logger:55] - 开始迁移视频路径...
[2025-07-16 19:52:19,805] [INFO] [logger:55] - 迁移视频 13: user1 -> admin
[2025-07-16 19:52:19,805] [WARNING] [logger:66] - 新路径不存在，跳过迁移视频 13: workstore/admin/纳什均衡解析/output.mp4
[2025-07-16 19:52:19,805] [INFO] [logger:55] - 迁移视频 15: user1 -> admin
[2025-07-16 19:52:19,805] [WARNING] [logger:66] - 新路径不存在，跳过迁移视频 15: workstore/admin/白雪公主的童话/output.mp4
[2025-07-16 19:52:19,805] [INFO] [logger:55] - 迁移视频 18: user3 -> test2
[2025-07-16 19:52:19,805] [WARNING] [logger:66] - 新路径不存在，跳过迁移视频 18: workstore/test2/坚持的力量/output.mp4
[2025-07-16 19:52:19,806] [INFO] [logger:55] - 迁移视频 19: user6 -> test4
[2025-07-16 19:52:19,806] [WARNING] [logger:66] - 新路径不存在，跳过迁移视频 19: workstore/test4/白雪公主的故事/output.mp4
[2025-07-16 19:52:19,806] [INFO] [logger:55] - 迁移视频 26: user6 -> test4
[2025-07-16 19:52:19,806] [WARNING] [logger:66] - 新路径不存在，跳过迁移视频 26: workstore/test4/人性弱点智慧/output.mp4
[2025-07-16 19:52:19,806] [INFO] [logger:55] - 迁移视频 27: user6 -> test4
[2025-07-16 19:52:19,806] [WARNING] [logger:66] - 新路径不存在，跳过迁移视频 27: workstore/test4/达克效应之谜/output.mp4
[2025-07-16 19:52:19,806] [INFO] [logger:55] - 迁移视频 32: user6 -> test4
[2025-07-16 19:52:19,806] [WARNING] [logger:66] - 新路径不存在，跳过迁移视频 32: workstore/test4/《金刚经》第一品：法会因由分/output.mp4
[2025-07-16 19:52:19,806] [INFO] [logger:55] - 迁移视频 33: user6 -> test4
[2025-07-16 19:52:19,806] [WARNING] [logger:66] - 新路径不存在，跳过迁移视频 33: workstore/test4/《金刚经》第二品善现启请分/output.mp4
[2025-07-16 19:52:19,806] [INFO] [logger:55] - 迁移视频 34: user1 -> admin
[2025-07-16 19:52:19,806] [WARNING] [logger:66] - 新路径不存在，跳过迁移视频 34: workstore/admin/小红帽的森林奇遇/output.mp4
[2025-07-16 19:52:19,806] [INFO] [logger:55] - 迁移视频 35: user8 -> test9
[2025-07-16 19:52:19,806] [WARNING] [logger:66] - 新路径不存在，跳过迁移视频 35: workstore/test9/《金刚经》第五品 如理实见分/output.mp4
[2025-07-16 19:52:19,806] [INFO] [logger:55] - 迁移视频 36: user8 -> test9
[2025-07-16 19:52:19,806] [WARNING] [logger:66] - 新路径不存在，跳过迁移视频 36: workstore/test9/《金刚经》第六品 正信希有分/output.mp4
[2025-07-16 19:52:19,807] [INFO] [logger:55] - 迁移视频 37: user1 -> admin
[2025-07-16 19:52:19,807] [WARNING] [logger:66] - 新路径不存在，跳过迁移视频 37: workstore/admin/停止按钮背后的故事/output.mp4
[2025-07-16 19:52:19,807] [INFO] [logger:55] - 迁移视频 38: user1 -> admin
[2025-07-16 19:52:19,807] [WARNING] [logger:66] - 新路径不存在，跳过迁移视频 38: workstore/admin/《金刚经》第八品 依法出生分/output.mp4
[2025-07-16 19:52:19,807] [INFO] [logger:55] - 视频路径迁移完成，共迁移 0 个视频
[2025-07-16 19:52:19,808] [INFO] [logger:55] - 没有发现中断的任务
[2025-07-16 19:52:19,808] [INFO] [logger:55] - 任务恢复检查完成
[2025-07-16 19:52:35,086] [INFO] [logger:55] - 正在检查并恢复中断的任务...
[2025-07-16 19:52:35,086] [INFO] [logger:55] - 检查服务器启动时是否有中断的任务需要恢复...
[2025-07-16 19:52:35,086] [INFO] [logger:55] - 开始迁移视频路径...
[2025-07-16 19:52:35,088] [INFO] [logger:55] - 迁移视频 13: user1 -> admin
[2025-07-16 19:52:35,088] [WARNING] [logger:66] - 新路径不存在，跳过迁移视频 13: workstore/admin/纳什均衡解析/output.mp4
[2025-07-16 19:52:35,088] [INFO] [logger:55] - 迁移视频 15: user1 -> admin
[2025-07-16 19:52:35,088] [WARNING] [logger:66] - 新路径不存在，跳过迁移视频 15: workstore/admin/白雪公主的童话/output.mp4
[2025-07-16 19:52:35,089] [INFO] [logger:55] - 迁移视频 18: user3 -> test2
[2025-07-16 19:52:35,089] [WARNING] [logger:66] - 新路径不存在，跳过迁移视频 18: workstore/test2/坚持的力量/output.mp4
[2025-07-16 19:52:35,089] [INFO] [logger:55] - 迁移视频 19: user6 -> test4
[2025-07-16 19:52:35,089] [WARNING] [logger:66] - 新路径不存在，跳过迁移视频 19: workstore/test4/白雪公主的故事/output.mp4
[2025-07-16 19:52:35,089] [INFO] [logger:55] - 迁移视频 26: user6 -> test4
[2025-07-16 19:52:35,089] [WARNING] [logger:66] - 新路径不存在，跳过迁移视频 26: workstore/test4/人性弱点智慧/output.mp4
[2025-07-16 19:52:35,089] [INFO] [logger:55] - 迁移视频 27: user6 -> test4
[2025-07-16 19:52:35,089] [WARNING] [logger:66] - 新路径不存在，跳过迁移视频 27: workstore/test4/达克效应之谜/output.mp4
[2025-07-16 19:52:35,089] [INFO] [logger:55] - 迁移视频 32: user6 -> test4
[2025-07-16 19:52:35,089] [WARNING] [logger:66] - 新路径不存在，跳过迁移视频 32: workstore/test4/《金刚经》第一品：法会因由分/output.mp4
[2025-07-16 19:52:35,089] [INFO] [logger:55] - 迁移视频 33: user6 -> test4
[2025-07-16 19:52:35,089] [WARNING] [logger:66] - 新路径不存在，跳过迁移视频 33: workstore/test4/《金刚经》第二品善现启请分/output.mp4
[2025-07-16 19:52:35,089] [INFO] [logger:55] - 迁移视频 34: user1 -> admin
[2025-07-16 19:52:35,089] [WARNING] [logger:66] - 新路径不存在，跳过迁移视频 34: workstore/admin/小红帽的森林奇遇/output.mp4
[2025-07-16 19:52:35,089] [INFO] [logger:55] - 迁移视频 35: user8 -> test9
[2025-07-16 19:52:35,089] [WARNING] [logger:66] - 新路径不存在，跳过迁移视频 35: workstore/test9/《金刚经》第五品 如理实见分/output.mp4
[2025-07-16 19:52:35,090] [INFO] [logger:55] - 迁移视频 36: user8 -> test9
[2025-07-16 19:52:35,090] [WARNING] [logger:66] - 新路径不存在，跳过迁移视频 36: workstore/test9/《金刚经》第六品 正信希有分/output.mp4
[2025-07-16 19:52:35,090] [INFO] [logger:55] - 迁移视频 37: user1 -> admin
[2025-07-16 19:52:35,090] [WARNING] [logger:66] - 新路径不存在，跳过迁移视频 37: workstore/admin/停止按钮背后的故事/output.mp4
[2025-07-16 19:52:35,090] [INFO] [logger:55] - 迁移视频 38: user1 -> admin
[2025-07-16 19:52:35,090] [WARNING] [logger:66] - 新路径不存在，跳过迁移视频 38: workstore/admin/《金刚经》第八品 依法出生分/output.mp4
[2025-07-16 19:52:35,090] [INFO] [logger:55] - 视频路径迁移完成，共迁移 0 个视频
[2025-07-16 19:52:35,091] [INFO] [logger:55] - 没有发现中断的任务
[2025-07-16 19:52:35,091] [INFO] [logger:55] - 任务恢复检查完成
[2025-07-16 19:53:20,153] [INFO] [logger:55] - 百速一键AI视频生成应用正在启动... 时间: 2025-07-16 19:53:20
[2025-07-16 19:53:20,153] [INFO] [logger:55] - 正在初始化数据库...
[2025-07-16 19:53:21,020] [INFO] [logger:55] - 数据库初始化完成
[2025-07-16 19:53:21,020] [INFO] [logger:55] - 正在检查并恢复中断的任务...
[2025-07-16 19:53:21,020] [INFO] [logger:55] - 检查服务器启动时是否有中断的任务需要恢复...
[2025-07-16 19:53:21,020] [INFO] [logger:55] - 开始迁移视频路径...
[2025-07-16 19:53:21,027] [INFO] [logger:55] - 迁移视频 13: user1 -> admin
[2025-07-16 19:53:21,027] [WARNING] [logger:66] - 新路径不存在，跳过迁移视频 13: workstore/admin/纳什均衡解析/output.mp4
[2025-07-16 19:53:21,027] [INFO] [logger:55] - 迁移视频 15: user1 -> admin
[2025-07-16 19:53:21,027] [WARNING] [logger:66] - 新路径不存在，跳过迁移视频 15: workstore/admin/白雪公主的童话/output.mp4
[2025-07-16 19:53:21,028] [INFO] [logger:55] - 迁移视频 18: user3 -> test2
[2025-07-16 19:53:21,028] [WARNING] [logger:66] - 新路径不存在，跳过迁移视频 18: workstore/test2/坚持的力量/output.mp4
[2025-07-16 19:53:21,028] [INFO] [logger:55] - 迁移视频 19: user6 -> test4
[2025-07-16 19:53:21,028] [WARNING] [logger:66] - 新路径不存在，跳过迁移视频 19: workstore/test4/白雪公主的故事/output.mp4
[2025-07-16 19:53:21,028] [INFO] [logger:55] - 迁移视频 26: user6 -> test4
[2025-07-16 19:53:21,028] [WARNING] [logger:66] - 新路径不存在，跳过迁移视频 26: workstore/test4/人性弱点智慧/output.mp4
[2025-07-16 19:53:21,028] [INFO] [logger:55] - 迁移视频 27: user6 -> test4
[2025-07-16 19:53:21,028] [WARNING] [logger:66] - 新路径不存在，跳过迁移视频 27: workstore/test4/达克效应之谜/output.mp4
[2025-07-16 19:53:21,028] [INFO] [logger:55] - 迁移视频 32: user6 -> test4
[2025-07-16 19:53:21,028] [WARNING] [logger:66] - 新路径不存在，跳过迁移视频 32: workstore/test4/《金刚经》第一品：法会因由分/output.mp4
[2025-07-16 19:53:21,028] [INFO] [logger:55] - 迁移视频 33: user6 -> test4
[2025-07-16 19:53:21,028] [WARNING] [logger:66] - 新路径不存在，跳过迁移视频 33: workstore/test4/《金刚经》第二品善现启请分/output.mp4
[2025-07-16 19:53:21,028] [INFO] [logger:55] - 迁移视频 34: user1 -> admin
[2025-07-16 19:53:21,028] [WARNING] [logger:66] - 新路径不存在，跳过迁移视频 34: workstore/admin/小红帽的森林奇遇/output.mp4
[2025-07-16 19:53:21,028] [INFO] [logger:55] - 迁移视频 35: user8 -> test9
[2025-07-16 19:53:21,028] [WARNING] [logger:66] - 新路径不存在，跳过迁移视频 35: workstore/test9/《金刚经》第五品 如理实见分/output.mp4
[2025-07-16 19:53:21,028] [INFO] [logger:55] - 迁移视频 36: user8 -> test9
[2025-07-16 19:53:21,028] [WARNING] [logger:66] - 新路径不存在，跳过迁移视频 36: workstore/test9/《金刚经》第六品 正信希有分/output.mp4
[2025-07-16 19:53:21,029] [INFO] [logger:55] - 迁移视频 37: user1 -> admin
[2025-07-16 19:53:21,029] [WARNING] [logger:66] - 新路径不存在，跳过迁移视频 37: workstore/admin/停止按钮背后的故事/output.mp4
[2025-07-16 19:53:21,029] [INFO] [logger:55] - 迁移视频 38: user1 -> admin
[2025-07-16 19:53:21,029] [WARNING] [logger:66] - 新路径不存在，跳过迁移视频 38: workstore/admin/《金刚经》第八品 依法出生分/output.mp4
[2025-07-16 19:53:21,029] [INFO] [logger:55] - 视频路径迁移完成，共迁移 0 个视频
[2025-07-16 19:53:21,030] [INFO] [logger:55] - 没有发现中断的任务
[2025-07-16 19:53:21,030] [INFO] [logger:55] - 任务恢复检查完成
[2025-07-16 19:53:21,030] [INFO] [logger:55] - 百速一键AI视频生成应用服务器已启动，监听端口: 5002
[2025-07-16 19:53:21,099] [INFO] [logger:55] - 百速一键AI视频生成应用正在启动... 时间: 2025-07-16 19:53:21
[2025-07-16 19:53:21,099] [INFO] [logger:55] - 正在初始化数据库...
[2025-07-16 19:53:21,675] [INFO] [logger:55] - 数据库初始化完成
[2025-07-16 19:53:21,675] [INFO] [logger:55] - 正在检查并恢复中断的任务...
[2025-07-16 19:53:21,675] [INFO] [logger:55] - 检查服务器启动时是否有中断的任务需要恢复...
[2025-07-16 19:53:21,675] [INFO] [logger:55] - 开始迁移视频路径...
[2025-07-16 19:53:21,681] [INFO] [logger:55] - 迁移视频 13: user1 -> admin
[2025-07-16 19:53:21,682] [WARNING] [logger:66] - 新路径不存在，跳过迁移视频 13: workstore/admin/纳什均衡解析/output.mp4
[2025-07-16 19:53:21,682] [INFO] [logger:55] - 迁移视频 15: user1 -> admin
[2025-07-16 19:53:21,682] [WARNING] [logger:66] - 新路径不存在，跳过迁移视频 15: workstore/admin/白雪公主的童话/output.mp4
[2025-07-16 19:53:21,682] [INFO] [logger:55] - 迁移视频 18: user3 -> test2
[2025-07-16 19:53:21,682] [WARNING] [logger:66] - 新路径不存在，跳过迁移视频 18: workstore/test2/坚持的力量/output.mp4
[2025-07-16 19:53:21,682] [INFO] [logger:55] - 迁移视频 19: user6 -> test4
[2025-07-16 19:53:21,682] [WARNING] [logger:66] - 新路径不存在，跳过迁移视频 19: workstore/test4/白雪公主的故事/output.mp4
[2025-07-16 19:53:21,682] [INFO] [logger:55] - 迁移视频 26: user6 -> test4
[2025-07-16 19:53:21,682] [WARNING] [logger:66] - 新路径不存在，跳过迁移视频 26: workstore/test4/人性弱点智慧/output.mp4
[2025-07-16 19:53:21,682] [INFO] [logger:55] - 迁移视频 27: user6 -> test4
[2025-07-16 19:53:21,682] [WARNING] [logger:66] - 新路径不存在，跳过迁移视频 27: workstore/test4/达克效应之谜/output.mp4
[2025-07-16 19:53:21,682] [INFO] [logger:55] - 迁移视频 32: user6 -> test4
[2025-07-16 19:53:21,682] [WARNING] [logger:66] - 新路径不存在，跳过迁移视频 32: workstore/test4/《金刚经》第一品：法会因由分/output.mp4
[2025-07-16 19:53:21,682] [INFO] [logger:55] - 迁移视频 33: user6 -> test4
[2025-07-16 19:53:21,682] [WARNING] [logger:66] - 新路径不存在，跳过迁移视频 33: workstore/test4/《金刚经》第二品善现启请分/output.mp4
[2025-07-16 19:53:21,682] [INFO] [logger:55] - 迁移视频 34: user1 -> admin
[2025-07-16 19:53:21,682] [WARNING] [logger:66] - 新路径不存在，跳过迁移视频 34: workstore/admin/小红帽的森林奇遇/output.mp4
[2025-07-16 19:53:21,682] [INFO] [logger:55] - 迁移视频 35: user8 -> test9
[2025-07-16 19:53:21,683] [WARNING] [logger:66] - 新路径不存在，跳过迁移视频 35: workstore/test9/《金刚经》第五品 如理实见分/output.mp4
[2025-07-16 19:53:21,683] [INFO] [logger:55] - 迁移视频 36: user8 -> test9
[2025-07-16 19:53:21,683] [WARNING] [logger:66] - 新路径不存在，跳过迁移视频 36: workstore/test9/《金刚经》第六品 正信希有分/output.mp4
[2025-07-16 19:53:21,683] [INFO] [logger:55] - 迁移视频 37: user1 -> admin
[2025-07-16 19:53:21,683] [WARNING] [logger:66] - 新路径不存在，跳过迁移视频 37: workstore/admin/停止按钮背后的故事/output.mp4
[2025-07-16 19:53:21,683] [INFO] [logger:55] - 迁移视频 38: user1 -> admin
[2025-07-16 19:53:21,683] [WARNING] [logger:66] - 新路径不存在，跳过迁移视频 38: workstore/admin/《金刚经》第八品 依法出生分/output.mp4
[2025-07-16 19:53:21,683] [INFO] [logger:55] - 视频路径迁移完成，共迁移 0 个视频
[2025-07-16 19:53:21,684] [INFO] [logger:55] - 没有发现中断的任务
[2025-07-16 19:53:21,684] [INFO] [logger:55] - 任务恢复检查完成
[2025-07-16 19:53:21,684] [INFO] [logger:55] - 百速一键AI视频生成应用服务器已启动，监听端口: 5002
[2025-07-16 19:57:00,599] [INFO] [logger:55] - 正在检查并恢复中断的任务...
[2025-07-16 19:57:00,599] [INFO] [logger:55] - 检查服务器启动时是否有中断的任务需要恢复...
[2025-07-16 19:57:00,599] [INFO] [logger:55] - 开始迁移视频路径...
[2025-07-16 19:57:00,601] [INFO] [logger:55] - 迁移视频 13: user1 -> admin
[2025-07-16 19:57:00,602] [WARNING] [logger:66] - 新路径不存在，跳过迁移视频 13: workstore/admin/纳什均衡解析/output.mp4
[2025-07-16 19:57:00,602] [INFO] [logger:55] - 迁移视频 15: user1 -> admin
[2025-07-16 19:57:00,602] [WARNING] [logger:66] - 新路径不存在，跳过迁移视频 15: workstore/admin/白雪公主的童话/output.mp4
[2025-07-16 19:57:00,602] [INFO] [logger:55] - 迁移视频 18: user3 -> test2
[2025-07-16 19:57:00,602] [WARNING] [logger:66] - 新路径不存在，跳过迁移视频 18: workstore/test2/坚持的力量/output.mp4
[2025-07-16 19:57:00,602] [INFO] [logger:55] - 迁移视频 19: user6 -> test4
[2025-07-16 19:57:00,602] [WARNING] [logger:66] - 新路径不存在，跳过迁移视频 19: workstore/test4/白雪公主的故事/output.mp4
[2025-07-16 19:57:00,602] [INFO] [logger:55] - 迁移视频 26: user6 -> test4
[2025-07-16 19:57:00,602] [WARNING] [logger:66] - 新路径不存在，跳过迁移视频 26: workstore/test4/人性弱点智慧/output.mp4
[2025-07-16 19:57:00,602] [INFO] [logger:55] - 迁移视频 27: user6 -> test4
[2025-07-16 19:57:00,602] [WARNING] [logger:66] - 新路径不存在，跳过迁移视频 27: workstore/test4/达克效应之谜/output.mp4
[2025-07-16 19:57:00,602] [INFO] [logger:55] - 迁移视频 32: user6 -> test4
[2025-07-16 19:57:00,602] [WARNING] [logger:66] - 新路径不存在，跳过迁移视频 32: workstore/test4/《金刚经》第一品：法会因由分/output.mp4
[2025-07-16 19:57:00,602] [INFO] [logger:55] - 迁移视频 33: user6 -> test4
[2025-07-16 19:57:00,602] [WARNING] [logger:66] - 新路径不存在，跳过迁移视频 33: workstore/test4/《金刚经》第二品善现启请分/output.mp4
[2025-07-16 19:57:00,603] [INFO] [logger:55] - 迁移视频 34: user1 -> admin
[2025-07-16 19:57:00,603] [WARNING] [logger:66] - 新路径不存在，跳过迁移视频 34: workstore/admin/小红帽的森林奇遇/output.mp4
[2025-07-16 19:57:00,603] [INFO] [logger:55] - 迁移视频 35: user8 -> test9
[2025-07-16 19:57:00,603] [WARNING] [logger:66] - 新路径不存在，跳过迁移视频 35: workstore/test9/《金刚经》第五品 如理实见分/output.mp4
[2025-07-16 19:57:00,603] [INFO] [logger:55] - 迁移视频 36: user8 -> test9
[2025-07-16 19:57:00,603] [WARNING] [logger:66] - 新路径不存在，跳过迁移视频 36: workstore/test9/《金刚经》第六品 正信希有分/output.mp4
[2025-07-16 19:57:00,603] [INFO] [logger:55] - 迁移视频 37: user1 -> admin
[2025-07-16 19:57:00,603] [WARNING] [logger:66] - 新路径不存在，跳过迁移视频 37: workstore/admin/停止按钮背后的故事/output.mp4
[2025-07-16 19:57:00,603] [INFO] [logger:55] - 迁移视频 38: user1 -> admin
[2025-07-16 19:57:00,603] [WARNING] [logger:66] - 新路径不存在，跳过迁移视频 38: workstore/admin/《金刚经》第八品 依法出生分/output.mp4
[2025-07-16 19:57:00,603] [INFO] [logger:55] - 视频路径迁移完成，共迁移 0 个视频
[2025-07-16 19:57:00,604] [INFO] [logger:55] - 没有发现中断的任务
[2025-07-16 19:57:00,604] [INFO] [logger:55] - 任务恢复检查完成
[2025-07-16 19:57:01,242] [INFO] [logger:55] - 正在检查并恢复中断的任务...
[2025-07-16 19:57:01,242] [INFO] [logger:55] - 检查服务器启动时是否有中断的任务需要恢复...
[2025-07-16 19:57:01,242] [INFO] [logger:55] - 开始迁移视频路径...
[2025-07-16 19:57:01,244] [INFO] [logger:55] - 迁移视频 13: user1 -> admin
[2025-07-16 19:57:01,244] [WARNING] [logger:66] - 新路径不存在，跳过迁移视频 13: workstore/admin/纳什均衡解析/output.mp4
[2025-07-16 19:57:01,244] [INFO] [logger:55] - 迁移视频 15: user1 -> admin
[2025-07-16 19:57:01,244] [WARNING] [logger:66] - 新路径不存在，跳过迁移视频 15: workstore/admin/白雪公主的童话/output.mp4
[2025-07-16 19:57:01,244] [INFO] [logger:55] - 迁移视频 18: user3 -> test2
[2025-07-16 19:57:01,244] [WARNING] [logger:66] - 新路径不存在，跳过迁移视频 18: workstore/test2/坚持的力量/output.mp4
[2025-07-16 19:57:01,244] [INFO] [logger:55] - 迁移视频 19: user6 -> test4
[2025-07-16 19:57:01,244] [WARNING] [logger:66] - 新路径不存在，跳过迁移视频 19: workstore/test4/白雪公主的故事/output.mp4
[2025-07-16 19:57:01,244] [INFO] [logger:55] - 迁移视频 26: user6 -> test4
[2025-07-16 19:57:01,245] [WARNING] [logger:66] - 新路径不存在，跳过迁移视频 26: workstore/test4/人性弱点智慧/output.mp4
[2025-07-16 19:57:01,245] [INFO] [logger:55] - 迁移视频 27: user6 -> test4
[2025-07-16 19:57:01,245] [WARNING] [logger:66] - 新路径不存在，跳过迁移视频 27: workstore/test4/达克效应之谜/output.mp4
[2025-07-16 19:57:01,245] [INFO] [logger:55] - 迁移视频 32: user6 -> test4
[2025-07-16 19:57:01,245] [WARNING] [logger:66] - 新路径不存在，跳过迁移视频 32: workstore/test4/《金刚经》第一品：法会因由分/output.mp4
[2025-07-16 19:57:01,245] [INFO] [logger:55] - 迁移视频 33: user6 -> test4
[2025-07-16 19:57:01,245] [WARNING] [logger:66] - 新路径不存在，跳过迁移视频 33: workstore/test4/《金刚经》第二品善现启请分/output.mp4
[2025-07-16 19:57:01,245] [INFO] [logger:55] - 迁移视频 34: user1 -> admin
[2025-07-16 19:57:01,245] [WARNING] [logger:66] - 新路径不存在，跳过迁移视频 34: workstore/admin/小红帽的森林奇遇/output.mp4
[2025-07-16 19:57:01,245] [INFO] [logger:55] - 迁移视频 35: user8 -> test9
[2025-07-16 19:57:01,245] [WARNING] [logger:66] - 新路径不存在，跳过迁移视频 35: workstore/test9/《金刚经》第五品 如理实见分/output.mp4
[2025-07-16 19:57:01,245] [INFO] [logger:55] - 迁移视频 36: user8 -> test9
[2025-07-16 19:57:01,245] [WARNING] [logger:66] - 新路径不存在，跳过迁移视频 36: workstore/test9/《金刚经》第六品 正信希有分/output.mp4
[2025-07-16 19:57:01,245] [INFO] [logger:55] - 迁移视频 37: user1 -> admin
[2025-07-16 19:57:01,245] [WARNING] [logger:66] - 新路径不存在，跳过迁移视频 37: workstore/admin/停止按钮背后的故事/output.mp4
[2025-07-16 19:57:01,245] [INFO] [logger:55] - 迁移视频 38: user1 -> admin
[2025-07-16 19:57:01,246] [WARNING] [logger:66] - 新路径不存在，跳过迁移视频 38: workstore/admin/《金刚经》第八品 依法出生分/output.mp4
[2025-07-16 19:57:01,246] [INFO] [logger:55] - 视频路径迁移完成，共迁移 0 个视频
[2025-07-16 19:57:01,246] [INFO] [logger:55] - 没有发现中断的任务
[2025-07-16 19:57:01,246] [INFO] [logger:55] - 任务恢复检查完成
[2025-07-16 20:00:21,334] [INFO] [logger:55] - 正在检查并恢复中断的任务...
[2025-07-16 20:00:21,334] [INFO] [logger:55] - 检查服务器启动时是否有中断的任务需要恢复...
[2025-07-16 20:00:21,334] [INFO] [logger:55] - 开始迁移视频路径...
[2025-07-16 20:00:21,336] [INFO] [logger:55] - 迁移视频 13: user1 -> admin
[2025-07-16 20:00:21,336] [WARNING] [logger:66] - 新路径不存在，跳过迁移视频 13: workstore/admin/纳什均衡解析/output.mp4
[2025-07-16 20:00:21,336] [INFO] [logger:55] - 迁移视频 15: user1 -> admin
[2025-07-16 20:00:21,336] [WARNING] [logger:66] - 新路径不存在，跳过迁移视频 15: workstore/admin/白雪公主的童话/output.mp4
[2025-07-16 20:00:21,336] [INFO] [logger:55] - 迁移视频 18: user3 -> test2
[2025-07-16 20:00:21,336] [WARNING] [logger:66] - 新路径不存在，跳过迁移视频 18: workstore/test2/坚持的力量/output.mp4
[2025-07-16 20:00:21,337] [INFO] [logger:55] - 迁移视频 19: user6 -> test4
[2025-07-16 20:00:21,337] [WARNING] [logger:66] - 新路径不存在，跳过迁移视频 19: workstore/test4/白雪公主的故事/output.mp4
[2025-07-16 20:00:21,337] [INFO] [logger:55] - 迁移视频 26: user6 -> test4
[2025-07-16 20:00:21,337] [WARNING] [logger:66] - 新路径不存在，跳过迁移视频 26: workstore/test4/人性弱点智慧/output.mp4
[2025-07-16 20:00:21,337] [INFO] [logger:55] - 迁移视频 27: user6 -> test4
[2025-07-16 20:00:21,337] [WARNING] [logger:66] - 新路径不存在，跳过迁移视频 27: workstore/test4/达克效应之谜/output.mp4
[2025-07-16 20:00:21,337] [INFO] [logger:55] - 迁移视频 32: user6 -> test4
[2025-07-16 20:00:21,337] [WARNING] [logger:66] - 新路径不存在，跳过迁移视频 32: workstore/test4/《金刚经》第一品：法会因由分/output.mp4
[2025-07-16 20:00:21,337] [INFO] [logger:55] - 迁移视频 33: user6 -> test4
[2025-07-16 20:00:21,337] [WARNING] [logger:66] - 新路径不存在，跳过迁移视频 33: workstore/test4/《金刚经》第二品善现启请分/output.mp4
[2025-07-16 20:00:21,337] [INFO] [logger:55] - 迁移视频 34: user1 -> admin
[2025-07-16 20:00:21,337] [WARNING] [logger:66] - 新路径不存在，跳过迁移视频 34: workstore/admin/小红帽的森林奇遇/output.mp4
[2025-07-16 20:00:21,337] [INFO] [logger:55] - 迁移视频 35: user8 -> test9
[2025-07-16 20:00:21,337] [WARNING] [logger:66] - 新路径不存在，跳过迁移视频 35: workstore/test9/《金刚经》第五品 如理实见分/output.mp4
[2025-07-16 20:00:21,337] [INFO] [logger:55] - 迁移视频 36: user8 -> test9
[2025-07-16 20:00:21,337] [WARNING] [logger:66] - 新路径不存在，跳过迁移视频 36: workstore/test9/《金刚经》第六品 正信希有分/output.mp4
[2025-07-16 20:00:21,337] [INFO] [logger:55] - 迁移视频 37: user1 -> admin
[2025-07-16 20:00:21,338] [WARNING] [logger:66] - 新路径不存在，跳过迁移视频 37: workstore/admin/停止按钮背后的故事/output.mp4
[2025-07-16 20:00:21,338] [INFO] [logger:55] - 迁移视频 38: user1 -> admin
[2025-07-16 20:00:21,338] [WARNING] [logger:66] - 新路径不存在，跳过迁移视频 38: workstore/admin/《金刚经》第八品 依法出生分/output.mp4
[2025-07-16 20:00:21,338] [INFO] [logger:55] - 视频路径迁移完成，共迁移 0 个视频
[2025-07-16 20:00:21,338] [INFO] [logger:55] - 没有发现中断的任务
[2025-07-16 20:00:21,338] [INFO] [logger:55] - 任务恢复检查完成
[2025-07-16 20:00:46,838] [INFO] [logger:55] - 百速一键AI视频生成应用正在启动... 时间: 2025-07-16 20:00:46
[2025-07-16 20:00:46,838] [INFO] [logger:55] - 正在初始化数据库...
[2025-07-16 20:00:47,428] [INFO] [logger:55] - 数据库初始化完成
[2025-07-16 20:00:47,428] [INFO] [logger:55] - 正在检查并恢复中断的任务...
[2025-07-16 20:00:47,428] [INFO] [logger:55] - 检查服务器启动时是否有中断的任务需要恢复...
[2025-07-16 20:00:47,428] [INFO] [logger:55] - 开始迁移视频路径...
[2025-07-16 20:00:47,435] [INFO] [logger:55] - 迁移视频 13: user1 -> admin
[2025-07-16 20:00:47,435] [WARNING] [logger:66] - 新路径不存在，跳过迁移视频 13: workstore/admin/纳什均衡解析/output.mp4
[2025-07-16 20:00:47,435] [INFO] [logger:55] - 迁移视频 15: user1 -> admin
[2025-07-16 20:00:47,435] [WARNING] [logger:66] - 新路径不存在，跳过迁移视频 15: workstore/admin/白雪公主的童话/output.mp4
[2025-07-16 20:00:47,435] [INFO] [logger:55] - 迁移视频 18: user3 -> test2
[2025-07-16 20:00:47,435] [WARNING] [logger:66] - 新路径不存在，跳过迁移视频 18: workstore/test2/坚持的力量/output.mp4
[2025-07-16 20:00:47,435] [INFO] [logger:55] - 迁移视频 19: user6 -> test4
[2025-07-16 20:00:47,435] [WARNING] [logger:66] - 新路径不存在，跳过迁移视频 19: workstore/test4/白雪公主的故事/output.mp4
[2025-07-16 20:00:47,435] [INFO] [logger:55] - 迁移视频 26: user6 -> test4
[2025-07-16 20:00:47,435] [WARNING] [logger:66] - 新路径不存在，跳过迁移视频 26: workstore/test4/人性弱点智慧/output.mp4
[2025-07-16 20:00:47,435] [INFO] [logger:55] - 迁移视频 27: user6 -> test4
[2025-07-16 20:00:47,435] [WARNING] [logger:66] - 新路径不存在，跳过迁移视频 27: workstore/test4/达克效应之谜/output.mp4
[2025-07-16 20:00:47,435] [INFO] [logger:55] - 迁移视频 32: user6 -> test4
[2025-07-16 20:00:47,435] [WARNING] [logger:66] - 新路径不存在，跳过迁移视频 32: workstore/test4/《金刚经》第一品：法会因由分/output.mp4
[2025-07-16 20:00:47,435] [INFO] [logger:55] - 迁移视频 33: user6 -> test4
[2025-07-16 20:00:47,435] [WARNING] [logger:66] - 新路径不存在，跳过迁移视频 33: workstore/test4/《金刚经》第二品善现启请分/output.mp4
[2025-07-16 20:00:47,435] [INFO] [logger:55] - 迁移视频 34: user1 -> admin
[2025-07-16 20:00:47,435] [WARNING] [logger:66] - 新路径不存在，跳过迁移视频 34: workstore/admin/小红帽的森林奇遇/output.mp4
[2025-07-16 20:00:47,436] [INFO] [logger:55] - 迁移视频 35: user8 -> test9
[2025-07-16 20:00:47,436] [WARNING] [logger:66] - 新路径不存在，跳过迁移视频 35: workstore/test9/《金刚经》第五品 如理实见分/output.mp4
[2025-07-16 20:00:47,436] [INFO] [logger:55] - 迁移视频 36: user8 -> test9
[2025-07-16 20:00:47,436] [WARNING] [logger:66] - 新路径不存在，跳过迁移视频 36: workstore/test9/《金刚经》第六品 正信希有分/output.mp4
[2025-07-16 20:00:47,436] [INFO] [logger:55] - 迁移视频 37: user1 -> admin
[2025-07-16 20:00:47,436] [WARNING] [logger:66] - 新路径不存在，跳过迁移视频 37: workstore/admin/停止按钮背后的故事/output.mp4
[2025-07-16 20:00:47,436] [INFO] [logger:55] - 迁移视频 38: user1 -> admin
[2025-07-16 20:00:47,436] [WARNING] [logger:66] - 新路径不存在，跳过迁移视频 38: workstore/admin/《金刚经》第八品 依法出生分/output.mp4
[2025-07-16 20:00:47,436] [INFO] [logger:55] - 视频路径迁移完成，共迁移 0 个视频
[2025-07-16 20:00:47,437] [INFO] [logger:55] - 没有发现中断的任务
[2025-07-16 20:00:47,437] [INFO] [logger:55] - 任务恢复检查完成
[2025-07-16 20:00:47,437] [INFO] [logger:55] - 百速一键AI视频生成应用服务器已启动，监听端口: 5002
[2025-07-16 20:00:47,514] [INFO] [logger:55] - 百速一键AI视频生成应用正在启动... 时间: 2025-07-16 20:00:47
[2025-07-16 20:00:47,514] [INFO] [logger:55] - 正在初始化数据库...
[2025-07-16 20:00:48,089] [INFO] [logger:55] - 数据库初始化完成
[2025-07-16 20:00:48,089] [INFO] [logger:55] - 正在检查并恢复中断的任务...
[2025-07-16 20:00:48,089] [INFO] [logger:55] - 检查服务器启动时是否有中断的任务需要恢复...
[2025-07-16 20:00:48,089] [INFO] [logger:55] - 开始迁移视频路径...
[2025-07-16 20:00:48,096] [INFO] [logger:55] - 迁移视频 13: user1 -> admin
[2025-07-16 20:00:48,096] [WARNING] [logger:66] - 新路径不存在，跳过迁移视频 13: workstore/admin/纳什均衡解析/output.mp4
[2025-07-16 20:00:48,096] [INFO] [logger:55] - 迁移视频 15: user1 -> admin
[2025-07-16 20:00:48,096] [WARNING] [logger:66] - 新路径不存在，跳过迁移视频 15: workstore/admin/白雪公主的童话/output.mp4
[2025-07-16 20:00:48,096] [INFO] [logger:55] - 迁移视频 18: user3 -> test2
[2025-07-16 20:00:48,096] [WARNING] [logger:66] - 新路径不存在，跳过迁移视频 18: workstore/test2/坚持的力量/output.mp4
[2025-07-16 20:00:48,096] [INFO] [logger:55] - 迁移视频 19: user6 -> test4
[2025-07-16 20:00:48,096] [WARNING] [logger:66] - 新路径不存在，跳过迁移视频 19: workstore/test4/白雪公主的故事/output.mp4
[2025-07-16 20:00:48,097] [INFO] [logger:55] - 迁移视频 26: user6 -> test4
[2025-07-16 20:00:48,097] [WARNING] [logger:66] - 新路径不存在，跳过迁移视频 26: workstore/test4/人性弱点智慧/output.mp4
[2025-07-16 20:00:48,097] [INFO] [logger:55] - 迁移视频 27: user6 -> test4
[2025-07-16 20:00:48,097] [WARNING] [logger:66] - 新路径不存在，跳过迁移视频 27: workstore/test4/达克效应之谜/output.mp4
[2025-07-16 20:00:48,097] [INFO] [logger:55] - 迁移视频 32: user6 -> test4
[2025-07-16 20:00:48,097] [WARNING] [logger:66] - 新路径不存在，跳过迁移视频 32: workstore/test4/《金刚经》第一品：法会因由分/output.mp4
[2025-07-16 20:00:48,097] [INFO] [logger:55] - 迁移视频 33: user6 -> test4
[2025-07-16 20:00:48,097] [WARNING] [logger:66] - 新路径不存在，跳过迁移视频 33: workstore/test4/《金刚经》第二品善现启请分/output.mp4
[2025-07-16 20:00:48,097] [INFO] [logger:55] - 迁移视频 34: user1 -> admin
[2025-07-16 20:00:48,097] [WARNING] [logger:66] - 新路径不存在，跳过迁移视频 34: workstore/admin/小红帽的森林奇遇/output.mp4
[2025-07-16 20:00:48,097] [INFO] [logger:55] - 迁移视频 35: user8 -> test9
[2025-07-16 20:00:48,097] [WARNING] [logger:66] - 新路径不存在，跳过迁移视频 35: workstore/test9/《金刚经》第五品 如理实见分/output.mp4
[2025-07-16 20:00:48,097] [INFO] [logger:55] - 迁移视频 36: user8 -> test9
[2025-07-16 20:00:48,097] [WARNING] [logger:66] - 新路径不存在，跳过迁移视频 36: workstore/test9/《金刚经》第六品 正信希有分/output.mp4
[2025-07-16 20:00:48,097] [INFO] [logger:55] - 迁移视频 37: user1 -> admin
[2025-07-16 20:00:48,097] [WARNING] [logger:66] - 新路径不存在，跳过迁移视频 37: workstore/admin/停止按钮背后的故事/output.mp4
[2025-07-16 20:00:48,097] [INFO] [logger:55] - 迁移视频 38: user1 -> admin
[2025-07-16 20:00:48,097] [WARNING] [logger:66] - 新路径不存在，跳过迁移视频 38: workstore/admin/《金刚经》第八品 依法出生分/output.mp4
[2025-07-16 20:00:48,097] [INFO] [logger:55] - 视频路径迁移完成，共迁移 0 个视频
[2025-07-16 20:00:48,098] [INFO] [logger:55] - 没有发现中断的任务
[2025-07-16 20:00:48,099] [INFO] [logger:55] - 任务恢复检查完成
[2025-07-16 20:00:48,099] [INFO] [logger:55] - 百速一键AI视频生成应用服务器已启动，监听端口: 5002
[2025-07-16 20:03:06,342] [INFO] [logger:55] - 百速一键AI视频生成应用正在启动... 时间: 2025-07-16 20:03:06
[2025-07-16 20:03:06,342] [INFO] [logger:55] - 正在初始化数据库...
[2025-07-16 20:03:07,200] [INFO] [logger:55] - 数据库初始化完成
[2025-07-16 20:03:07,200] [INFO] [logger:55] - 正在检查并恢复中断的任务...
[2025-07-16 20:03:07,200] [INFO] [logger:55] - 检查服务器启动时是否有中断的任务需要恢复...
[2025-07-16 20:03:07,200] [INFO] [logger:55] - 开始迁移视频路径...
[2025-07-16 20:03:07,207] [INFO] [logger:55] - 迁移视频 13: user1 -> admin
[2025-07-16 20:03:07,207] [WARNING] [logger:66] - 新路径不存在，跳过迁移视频 13: workstore/admin/纳什均衡解析/output.mp4
[2025-07-16 20:03:07,207] [INFO] [logger:55] - 迁移视频 15: user1 -> admin
[2025-07-16 20:03:07,207] [WARNING] [logger:66] - 新路径不存在，跳过迁移视频 15: workstore/admin/白雪公主的童话/output.mp4
[2025-07-16 20:03:07,207] [INFO] [logger:55] - 迁移视频 18: user3 -> test2
[2025-07-16 20:03:07,207] [WARNING] [logger:66] - 新路径不存在，跳过迁移视频 18: workstore/test2/坚持的力量/output.mp4
[2025-07-16 20:03:07,207] [INFO] [logger:55] - 迁移视频 19: user6 -> test4
[2025-07-16 20:03:07,207] [WARNING] [logger:66] - 新路径不存在，跳过迁移视频 19: workstore/test4/白雪公主的故事/output.mp4
[2025-07-16 20:03:07,207] [INFO] [logger:55] - 迁移视频 26: user6 -> test4
[2025-07-16 20:03:07,207] [WARNING] [logger:66] - 新路径不存在，跳过迁移视频 26: workstore/test4/人性弱点智慧/output.mp4
[2025-07-16 20:03:07,207] [INFO] [logger:55] - 迁移视频 27: user6 -> test4
[2025-07-16 20:03:07,207] [WARNING] [logger:66] - 新路径不存在，跳过迁移视频 27: workstore/test4/达克效应之谜/output.mp4
[2025-07-16 20:03:07,207] [INFO] [logger:55] - 迁移视频 32: user6 -> test4
[2025-07-16 20:03:07,207] [WARNING] [logger:66] - 新路径不存在，跳过迁移视频 32: workstore/test4/《金刚经》第一品：法会因由分/output.mp4
[2025-07-16 20:03:07,207] [INFO] [logger:55] - 迁移视频 33: user6 -> test4
[2025-07-16 20:03:07,207] [WARNING] [logger:66] - 新路径不存在，跳过迁移视频 33: workstore/test4/《金刚经》第二品善现启请分/output.mp4
[2025-07-16 20:03:07,208] [INFO] [logger:55] - 迁移视频 34: user1 -> admin
[2025-07-16 20:03:07,208] [WARNING] [logger:66] - 新路径不存在，跳过迁移视频 34: workstore/admin/小红帽的森林奇遇/output.mp4
[2025-07-16 20:03:07,208] [INFO] [logger:55] - 迁移视频 35: user8 -> test9
[2025-07-16 20:03:07,208] [WARNING] [logger:66] - 新路径不存在，跳过迁移视频 35: workstore/test9/《金刚经》第五品 如理实见分/output.mp4
[2025-07-16 20:03:07,208] [INFO] [logger:55] - 迁移视频 36: user8 -> test9
[2025-07-16 20:03:07,208] [WARNING] [logger:66] - 新路径不存在，跳过迁移视频 36: workstore/test9/《金刚经》第六品 正信希有分/output.mp4
[2025-07-16 20:03:07,208] [INFO] [logger:55] - 迁移视频 37: user1 -> admin
[2025-07-16 20:03:07,208] [WARNING] [logger:66] - 新路径不存在，跳过迁移视频 37: workstore/admin/停止按钮背后的故事/output.mp4
[2025-07-16 20:03:07,208] [INFO] [logger:55] - 迁移视频 38: user1 -> admin
[2025-07-16 20:03:07,208] [WARNING] [logger:66] - 新路径不存在，跳过迁移视频 38: workstore/admin/《金刚经》第八品 依法出生分/output.mp4
[2025-07-16 20:03:07,208] [INFO] [logger:55] - 视频路径迁移完成，共迁移 0 个视频
[2025-07-16 20:03:07,209] [INFO] [logger:55] - 没有发现中断的任务
[2025-07-16 20:03:07,209] [INFO] [logger:55] - 任务恢复检查完成
[2025-07-16 20:03:07,209] [INFO] [logger:55] - 百速一键AI视频生成应用服务器已启动，监听端口: 5002
[2025-07-16 20:03:14,687] [INFO] [logger:55] - 百速一键AI视频生成应用正在启动... 时间: 2025-07-16 20:03:14
[2025-07-16 20:03:14,687] [INFO] [logger:55] - 正在初始化数据库...
[2025-07-16 20:03:15,253] [INFO] [logger:55] - 数据库初始化完成
[2025-07-16 20:03:15,253] [INFO] [logger:55] - 正在检查并恢复中断的任务...
[2025-07-16 20:03:15,253] [INFO] [logger:55] - 检查服务器启动时是否有中断的任务需要恢复...
[2025-07-16 20:03:15,253] [INFO] [logger:55] - 开始迁移视频路径...
[2025-07-16 20:03:15,261] [INFO] [logger:55] - 迁移视频 13: user1 -> admin
[2025-07-16 20:03:15,261] [WARNING] [logger:66] - 新路径不存在，跳过迁移视频 13: workstore/admin/纳什均衡解析/output.mp4
[2025-07-16 20:03:15,261] [INFO] [logger:55] - 迁移视频 15: user1 -> admin
[2025-07-16 20:03:15,261] [WARNING] [logger:66] - 新路径不存在，跳过迁移视频 15: workstore/admin/白雪公主的童话/output.mp4
[2025-07-16 20:03:15,261] [INFO] [logger:55] - 迁移视频 18: user3 -> test2
[2025-07-16 20:03:15,261] [WARNING] [logger:66] - 新路径不存在，跳过迁移视频 18: workstore/test2/坚持的力量/output.mp4
[2025-07-16 20:03:15,261] [INFO] [logger:55] - 迁移视频 19: user6 -> test4
[2025-07-16 20:03:15,261] [WARNING] [logger:66] - 新路径不存在，跳过迁移视频 19: workstore/test4/白雪公主的故事/output.mp4
[2025-07-16 20:03:15,261] [INFO] [logger:55] - 迁移视频 26: user6 -> test4
[2025-07-16 20:03:15,261] [WARNING] [logger:66] - 新路径不存在，跳过迁移视频 26: workstore/test4/人性弱点智慧/output.mp4
[2025-07-16 20:03:15,261] [INFO] [logger:55] - 迁移视频 27: user6 -> test4
[2025-07-16 20:03:15,261] [WARNING] [logger:66] - 新路径不存在，跳过迁移视频 27: workstore/test4/达克效应之谜/output.mp4
[2025-07-16 20:03:15,261] [INFO] [logger:55] - 迁移视频 32: user6 -> test4
[2025-07-16 20:03:15,261] [WARNING] [logger:66] - 新路径不存在，跳过迁移视频 32: workstore/test4/《金刚经》第一品：法会因由分/output.mp4
[2025-07-16 20:03:15,261] [INFO] [logger:55] - 迁移视频 33: user6 -> test4
[2025-07-16 20:03:15,261] [WARNING] [logger:66] - 新路径不存在，跳过迁移视频 33: workstore/test4/《金刚经》第二品善现启请分/output.mp4
[2025-07-16 20:03:15,262] [INFO] [logger:55] - 迁移视频 34: user1 -> admin
[2025-07-16 20:03:15,262] [WARNING] [logger:66] - 新路径不存在，跳过迁移视频 34: workstore/admin/小红帽的森林奇遇/output.mp4
[2025-07-16 20:03:15,262] [INFO] [logger:55] - 迁移视频 35: user8 -> test9
[2025-07-16 20:03:15,262] [WARNING] [logger:66] - 新路径不存在，跳过迁移视频 35: workstore/test9/《金刚经》第五品 如理实见分/output.mp4
[2025-07-16 20:03:15,262] [INFO] [logger:55] - 迁移视频 36: user8 -> test9
[2025-07-16 20:03:15,262] [WARNING] [logger:66] - 新路径不存在，跳过迁移视频 36: workstore/test9/《金刚经》第六品 正信希有分/output.mp4
[2025-07-16 20:03:15,262] [INFO] [logger:55] - 迁移视频 37: user1 -> admin
[2025-07-16 20:03:15,262] [WARNING] [logger:66] - 新路径不存在，跳过迁移视频 37: workstore/admin/停止按钮背后的故事/output.mp4
[2025-07-16 20:03:15,262] [INFO] [logger:55] - 迁移视频 38: user1 -> admin
[2025-07-16 20:03:15,262] [WARNING] [logger:66] - 新路径不存在，跳过迁移视频 38: workstore/admin/《金刚经》第八品 依法出生分/output.mp4
[2025-07-16 20:03:15,262] [INFO] [logger:55] - 视频路径迁移完成，共迁移 0 个视频
[2025-07-16 20:03:15,264] [INFO] [logger:55] - 没有发现中断的任务
[2025-07-16 20:03:15,264] [INFO] [logger:55] - 任务恢复检查完成
[2025-07-16 20:03:15,264] [INFO] [logger:55] - 百速一键AI视频生成应用服务器已启动，监听端口: 5002
[2025-07-16 20:03:43,522] [INFO] [logger:55] - 百速一键AI视频生成应用正在启动... 时间: 2025-07-16 20:03:43
[2025-07-16 20:03:43,523] [INFO] [logger:55] - 正在初始化数据库...
[2025-07-16 20:03:44,320] [INFO] [logger:55] - 数据库初始化完成
[2025-07-16 20:03:44,320] [INFO] [logger:55] - 正在检查并恢复中断的任务...
[2025-07-16 20:03:44,320] [INFO] [logger:55] - 检查服务器启动时是否有中断的任务需要恢复...
[2025-07-16 20:03:44,320] [INFO] [logger:55] - 开始迁移视频路径...
[2025-07-16 20:03:44,326] [INFO] [logger:55] - 迁移视频 13: user1 -> admin
[2025-07-16 20:03:44,326] [WARNING] [logger:66] - 新路径不存在，跳过迁移视频 13: workstore/admin/纳什均衡解析/output.mp4
[2025-07-16 20:03:44,327] [INFO] [logger:55] - 迁移视频 15: user1 -> admin
[2025-07-16 20:03:44,327] [WARNING] [logger:66] - 新路径不存在，跳过迁移视频 15: workstore/admin/白雪公主的童话/output.mp4
[2025-07-16 20:03:44,327] [INFO] [logger:55] - 迁移视频 18: user3 -> test2
[2025-07-16 20:03:44,327] [WARNING] [logger:66] - 新路径不存在，跳过迁移视频 18: workstore/test2/坚持的力量/output.mp4
[2025-07-16 20:03:44,327] [INFO] [logger:55] - 迁移视频 19: user6 -> test4
[2025-07-16 20:03:44,327] [WARNING] [logger:66] - 新路径不存在，跳过迁移视频 19: workstore/test4/白雪公主的故事/output.mp4
[2025-07-16 20:03:44,327] [INFO] [logger:55] - 迁移视频 26: user6 -> test4
[2025-07-16 20:03:44,327] [WARNING] [logger:66] - 新路径不存在，跳过迁移视频 26: workstore/test4/人性弱点智慧/output.mp4
[2025-07-16 20:03:44,327] [INFO] [logger:55] - 迁移视频 27: user6 -> test4
[2025-07-16 20:03:44,327] [WARNING] [logger:66] - 新路径不存在，跳过迁移视频 27: workstore/test4/达克效应之谜/output.mp4
[2025-07-16 20:03:44,327] [INFO] [logger:55] - 迁移视频 32: user6 -> test4
[2025-07-16 20:03:44,327] [WARNING] [logger:66] - 新路径不存在，跳过迁移视频 32: workstore/test4/《金刚经》第一品：法会因由分/output.mp4
[2025-07-16 20:03:44,327] [INFO] [logger:55] - 迁移视频 33: user6 -> test4
[2025-07-16 20:03:44,327] [WARNING] [logger:66] - 新路径不存在，跳过迁移视频 33: workstore/test4/《金刚经》第二品善现启请分/output.mp4
[2025-07-16 20:03:44,327] [INFO] [logger:55] - 迁移视频 34: user1 -> admin
[2025-07-16 20:03:44,327] [WARNING] [logger:66] - 新路径不存在，跳过迁移视频 34: workstore/admin/小红帽的森林奇遇/output.mp4
[2025-07-16 20:03:44,327] [INFO] [logger:55] - 迁移视频 35: user8 -> test9
[2025-07-16 20:03:44,327] [WARNING] [logger:66] - 新路径不存在，跳过迁移视频 35: workstore/test9/《金刚经》第五品 如理实见分/output.mp4
[2025-07-16 20:03:44,327] [INFO] [logger:55] - 迁移视频 36: user8 -> test9
[2025-07-16 20:03:44,328] [WARNING] [logger:66] - 新路径不存在，跳过迁移视频 36: workstore/test9/《金刚经》第六品 正信希有分/output.mp4
[2025-07-16 20:03:44,328] [INFO] [logger:55] - 迁移视频 37: user1 -> admin
[2025-07-16 20:03:44,328] [WARNING] [logger:66] - 新路径不存在，跳过迁移视频 37: workstore/admin/停止按钮背后的故事/output.mp4
[2025-07-16 20:03:44,328] [INFO] [logger:55] - 迁移视频 38: user1 -> admin
[2025-07-16 20:03:44,328] [WARNING] [logger:66] - 新路径不存在，跳过迁移视频 38: workstore/admin/《金刚经》第八品 依法出生分/output.mp4
[2025-07-16 20:03:44,328] [INFO] [logger:55] - 视频路径迁移完成，共迁移 0 个视频
[2025-07-16 20:03:44,329] [INFO] [logger:55] - 没有发现中断的任务
[2025-07-16 20:03:44,329] [INFO] [logger:55] - 任务恢复检查完成
[2025-07-16 20:03:44,329] [INFO] [logger:55] - 百速一键AI视频生成应用服务器已启动，监听端口: 5002
[2025-07-16 20:03:49,694] [INFO] [logger:55] - 百速一键AI视频生成应用正在启动... 时间: 2025-07-16 20:03:49
[2025-07-16 20:03:49,694] [INFO] [logger:55] - 正在初始化数据库...
[2025-07-16 20:03:50,251] [INFO] [logger:55] - 数据库初始化完成
[2025-07-16 20:03:50,251] [INFO] [logger:55] - 正在检查并恢复中断的任务...
[2025-07-16 20:03:50,251] [INFO] [logger:55] - 检查服务器启动时是否有中断的任务需要恢复...
[2025-07-16 20:03:50,252] [INFO] [logger:55] - 开始迁移视频路径...
[2025-07-16 20:03:50,258] [INFO] [logger:55] - 迁移视频 13: user1 -> admin
[2025-07-16 20:03:50,258] [WARNING] [logger:66] - 新路径不存在，跳过迁移视频 13: workstore/admin/纳什均衡解析/output.mp4
[2025-07-16 20:03:50,258] [INFO] [logger:55] - 迁移视频 15: user1 -> admin
[2025-07-16 20:03:50,258] [WARNING] [logger:66] - 新路径不存在，跳过迁移视频 15: workstore/admin/白雪公主的童话/output.mp4
[2025-07-16 20:03:50,258] [INFO] [logger:55] - 迁移视频 18: user3 -> test2
[2025-07-16 20:03:50,258] [WARNING] [logger:66] - 新路径不存在，跳过迁移视频 18: workstore/test2/坚持的力量/output.mp4
[2025-07-16 20:03:50,258] [INFO] [logger:55] - 迁移视频 19: user6 -> test4
[2025-07-16 20:03:50,258] [WARNING] [logger:66] - 新路径不存在，跳过迁移视频 19: workstore/test4/白雪公主的故事/output.mp4
[2025-07-16 20:03:50,258] [INFO] [logger:55] - 迁移视频 26: user6 -> test4
[2025-07-16 20:03:50,258] [WARNING] [logger:66] - 新路径不存在，跳过迁移视频 26: workstore/test4/人性弱点智慧/output.mp4
[2025-07-16 20:03:50,258] [INFO] [logger:55] - 迁移视频 27: user6 -> test4
[2025-07-16 20:03:50,258] [WARNING] [logger:66] - 新路径不存在，跳过迁移视频 27: workstore/test4/达克效应之谜/output.mp4
[2025-07-16 20:03:50,259] [INFO] [logger:55] - 迁移视频 32: user6 -> test4
[2025-07-16 20:03:50,259] [WARNING] [logger:66] - 新路径不存在，跳过迁移视频 32: workstore/test4/《金刚经》第一品：法会因由分/output.mp4
[2025-07-16 20:03:50,259] [INFO] [logger:55] - 迁移视频 33: user6 -> test4
[2025-07-16 20:03:50,259] [WARNING] [logger:66] - 新路径不存在，跳过迁移视频 33: workstore/test4/《金刚经》第二品善现启请分/output.mp4
[2025-07-16 20:03:50,259] [INFO] [logger:55] - 迁移视频 34: user1 -> admin
[2025-07-16 20:03:50,259] [WARNING] [logger:66] - 新路径不存在，跳过迁移视频 34: workstore/admin/小红帽的森林奇遇/output.mp4
[2025-07-16 20:03:50,259] [INFO] [logger:55] - 迁移视频 35: user8 -> test9
[2025-07-16 20:03:50,259] [WARNING] [logger:66] - 新路径不存在，跳过迁移视频 35: workstore/test9/《金刚经》第五品 如理实见分/output.mp4
[2025-07-16 20:03:50,259] [INFO] [logger:55] - 迁移视频 36: user8 -> test9
[2025-07-16 20:03:50,259] [WARNING] [logger:66] - 新路径不存在，跳过迁移视频 36: workstore/test9/《金刚经》第六品 正信希有分/output.mp4
[2025-07-16 20:03:50,259] [INFO] [logger:55] - 迁移视频 37: user1 -> admin
[2025-07-16 20:03:50,259] [WARNING] [logger:66] - 新路径不存在，跳过迁移视频 37: workstore/admin/停止按钮背后的故事/output.mp4
[2025-07-16 20:03:50,259] [INFO] [logger:55] - 迁移视频 38: user1 -> admin
[2025-07-16 20:03:50,259] [WARNING] [logger:66] - 新路径不存在，跳过迁移视频 38: workstore/admin/《金刚经》第八品 依法出生分/output.mp4
[2025-07-16 20:03:50,259] [INFO] [logger:55] - 视频路径迁移完成，共迁移 0 个视频
[2025-07-16 20:03:50,260] [INFO] [logger:55] - 没有发现中断的任务
[2025-07-16 20:03:50,260] [INFO] [logger:55] - 任务恢复检查完成
[2025-07-16 20:03:50,260] [INFO] [logger:55] - 百速一键AI视频生成应用服务器已启动，监听端口: 5002
[2025-07-16 20:04:35,992] [INFO] [logger:55] - 百速一键AI视频生成应用正在启动... 时间: 2025-07-16 20:04:35
[2025-07-16 20:04:35,992] [INFO] [logger:55] - 正在初始化数据库...
[2025-07-16 20:04:36,765] [INFO] [logger:55] - 数据库初始化完成
[2025-07-16 20:04:36,765] [INFO] [logger:55] - 正在检查并恢复中断的任务...
[2025-07-16 20:04:36,766] [INFO] [logger:55] - 检查服务器启动时是否有中断的任务需要恢复...
[2025-07-16 20:04:36,766] [INFO] [logger:55] - 开始迁移视频路径...
[2025-07-16 20:04:36,772] [INFO] [logger:55] - 迁移视频 13: user1 -> admin
[2025-07-16 20:04:36,772] [WARNING] [logger:66] - 新路径不存在，跳过迁移视频 13: workstore/admin/纳什均衡解析/output.mp4
[2025-07-16 20:04:36,772] [INFO] [logger:55] - 迁移视频 15: user1 -> admin
[2025-07-16 20:04:36,772] [WARNING] [logger:66] - 新路径不存在，跳过迁移视频 15: workstore/admin/白雪公主的童话/output.mp4
[2025-07-16 20:04:36,772] [INFO] [logger:55] - 迁移视频 18: user3 -> test2
[2025-07-16 20:04:36,772] [WARNING] [logger:66] - 新路径不存在，跳过迁移视频 18: workstore/test2/坚持的力量/output.mp4
[2025-07-16 20:04:36,772] [INFO] [logger:55] - 迁移视频 19: user6 -> test4
[2025-07-16 20:04:36,772] [WARNING] [logger:66] - 新路径不存在，跳过迁移视频 19: workstore/test4/白雪公主的故事/output.mp4
[2025-07-16 20:04:36,772] [INFO] [logger:55] - 迁移视频 26: user6 -> test4
[2025-07-16 20:04:36,772] [WARNING] [logger:66] - 新路径不存在，跳过迁移视频 26: workstore/test4/人性弱点智慧/output.mp4
[2025-07-16 20:04:36,772] [INFO] [logger:55] - 迁移视频 27: user6 -> test4
[2025-07-16 20:04:36,772] [WARNING] [logger:66] - 新路径不存在，跳过迁移视频 27: workstore/test4/达克效应之谜/output.mp4
[2025-07-16 20:04:36,772] [INFO] [logger:55] - 迁移视频 32: user6 -> test4
[2025-07-16 20:04:36,772] [WARNING] [logger:66] - 新路径不存在，跳过迁移视频 32: workstore/test4/《金刚经》第一品：法会因由分/output.mp4
[2025-07-16 20:04:36,772] [INFO] [logger:55] - 迁移视频 33: user6 -> test4
[2025-07-16 20:04:36,772] [WARNING] [logger:66] - 新路径不存在，跳过迁移视频 33: workstore/test4/《金刚经》第二品善现启请分/output.mp4
[2025-07-16 20:04:36,773] [INFO] [logger:55] - 迁移视频 34: user1 -> admin
[2025-07-16 20:04:36,773] [WARNING] [logger:66] - 新路径不存在，跳过迁移视频 34: workstore/admin/小红帽的森林奇遇/output.mp4
[2025-07-16 20:04:36,773] [INFO] [logger:55] - 迁移视频 35: user8 -> test9
[2025-07-16 20:04:36,773] [WARNING] [logger:66] - 新路径不存在，跳过迁移视频 35: workstore/test9/《金刚经》第五品 如理实见分/output.mp4
[2025-07-16 20:04:36,773] [INFO] [logger:55] - 迁移视频 36: user8 -> test9
[2025-07-16 20:04:36,773] [WARNING] [logger:66] - 新路径不存在，跳过迁移视频 36: workstore/test9/《金刚经》第六品 正信希有分/output.mp4
[2025-07-16 20:04:36,773] [INFO] [logger:55] - 迁移视频 37: user1 -> admin
[2025-07-16 20:04:36,773] [WARNING] [logger:66] - 新路径不存在，跳过迁移视频 37: workstore/admin/停止按钮背后的故事/output.mp4
[2025-07-16 20:04:36,773] [INFO] [logger:55] - 迁移视频 38: user1 -> admin
[2025-07-16 20:04:36,773] [WARNING] [logger:66] - 新路径不存在，跳过迁移视频 38: workstore/admin/《金刚经》第八品 依法出生分/output.mp4
[2025-07-16 20:04:36,773] [INFO] [logger:55] - 视频路径迁移完成，共迁移 0 个视频
[2025-07-16 20:04:36,774] [INFO] [logger:55] - 没有发现中断的任务
[2025-07-16 20:04:36,775] [INFO] [logger:55] - 任务恢复检查完成
[2025-07-16 20:04:36,775] [INFO] [logger:55] - 百速一键AI视频生成应用服务器已启动，监听端口: 5002
[2025-07-16 20:04:36,847] [INFO] [logger:55] - 百速一键AI视频生成应用正在启动... 时间: 2025-07-16 20:04:36
[2025-07-16 20:04:36,847] [INFO] [logger:55] - 正在初始化数据库...
[2025-07-16 20:04:37,399] [INFO] [logger:55] - 数据库初始化完成
[2025-07-16 20:04:37,399] [INFO] [logger:55] - 正在检查并恢复中断的任务...
[2025-07-16 20:04:37,399] [INFO] [logger:55] - 检查服务器启动时是否有中断的任务需要恢复...
[2025-07-16 20:04:37,399] [INFO] [logger:55] - 开始迁移视频路径...
[2025-07-16 20:04:37,405] [INFO] [logger:55] - 迁移视频 13: user1 -> admin
[2025-07-16 20:04:37,405] [WARNING] [logger:66] - 新路径不存在，跳过迁移视频 13: workstore/admin/纳什均衡解析/output.mp4
[2025-07-16 20:04:37,405] [INFO] [logger:55] - 迁移视频 15: user1 -> admin
[2025-07-16 20:04:37,405] [WARNING] [logger:66] - 新路径不存在，跳过迁移视频 15: workstore/admin/白雪公主的童话/output.mp4
[2025-07-16 20:04:37,405] [INFO] [logger:55] - 迁移视频 18: user3 -> test2
[2025-07-16 20:04:37,405] [WARNING] [logger:66] - 新路径不存在，跳过迁移视频 18: workstore/test2/坚持的力量/output.mp4
[2025-07-16 20:04:37,405] [INFO] [logger:55] - 迁移视频 19: user6 -> test4
[2025-07-16 20:04:37,405] [WARNING] [logger:66] - 新路径不存在，跳过迁移视频 19: workstore/test4/白雪公主的故事/output.mp4
[2025-07-16 20:04:37,405] [INFO] [logger:55] - 迁移视频 26: user6 -> test4
[2025-07-16 20:04:37,405] [WARNING] [logger:66] - 新路径不存在，跳过迁移视频 26: workstore/test4/人性弱点智慧/output.mp4
[2025-07-16 20:04:37,405] [INFO] [logger:55] - 迁移视频 27: user6 -> test4
[2025-07-16 20:04:37,405] [WARNING] [logger:66] - 新路径不存在，跳过迁移视频 27: workstore/test4/达克效应之谜/output.mp4
[2025-07-16 20:04:37,405] [INFO] [logger:55] - 迁移视频 32: user6 -> test4
[2025-07-16 20:04:37,405] [WARNING] [logger:66] - 新路径不存在，跳过迁移视频 32: workstore/test4/《金刚经》第一品：法会因由分/output.mp4
[2025-07-16 20:04:37,406] [INFO] [logger:55] - 迁移视频 33: user6 -> test4
[2025-07-16 20:04:37,406] [WARNING] [logger:66] - 新路径不存在，跳过迁移视频 33: workstore/test4/《金刚经》第二品善现启请分/output.mp4
[2025-07-16 20:04:37,406] [INFO] [logger:55] - 迁移视频 34: user1 -> admin
[2025-07-16 20:04:37,406] [WARNING] [logger:66] - 新路径不存在，跳过迁移视频 34: workstore/admin/小红帽的森林奇遇/output.mp4
[2025-07-16 20:04:37,406] [INFO] [logger:55] - 迁移视频 35: user8 -> test9
[2025-07-16 20:04:37,406] [WARNING] [logger:66] - 新路径不存在，跳过迁移视频 35: workstore/test9/《金刚经》第五品 如理实见分/output.mp4
[2025-07-16 20:04:37,406] [INFO] [logger:55] - 迁移视频 36: user8 -> test9
[2025-07-16 20:04:37,406] [WARNING] [logger:66] - 新路径不存在，跳过迁移视频 36: workstore/test9/《金刚经》第六品 正信希有分/output.mp4
[2025-07-16 20:04:37,406] [INFO] [logger:55] - 迁移视频 37: user1 -> admin
[2025-07-16 20:04:37,406] [WARNING] [logger:66] - 新路径不存在，跳过迁移视频 37: workstore/admin/停止按钮背后的故事/output.mp4
[2025-07-16 20:04:37,406] [INFO] [logger:55] - 迁移视频 38: user1 -> admin
[2025-07-16 20:04:37,406] [WARNING] [logger:66] - 新路径不存在，跳过迁移视频 38: workstore/admin/《金刚经》第八品 依法出生分/output.mp4
[2025-07-16 20:04:37,406] [INFO] [logger:55] - 视频路径迁移完成，共迁移 0 个视频
[2025-07-16 20:04:37,407] [INFO] [logger:55] - 没有发现中断的任务
[2025-07-16 20:04:37,407] [INFO] [logger:55] - 任务恢复检查完成
[2025-07-16 20:04:37,407] [INFO] [logger:55] - 百速一键AI视频生成应用服务器已启动，监听端口: 5002
[2025-07-16 20:06:56,704] [INFO] [logger:55] - 百速一键AI视频生成应用正在启动... 时间: 2025-07-16 20:06:56
[2025-07-16 20:06:56,704] [INFO] [logger:55] - 正在初始化数据库...
[2025-07-16 20:06:57,326] [INFO] [logger:55] - 数据库初始化完成
[2025-07-16 20:06:57,326] [INFO] [logger:55] - 正在检查并恢复中断的任务...
[2025-07-16 20:06:57,326] [INFO] [logger:55] - 检查服务器启动时是否有中断的任务需要恢复...
[2025-07-16 20:06:57,326] [INFO] [logger:55] - 开始迁移视频路径...
[2025-07-16 20:06:57,332] [INFO] [logger:55] - 迁移视频 13: user1 -> admin
[2025-07-16 20:06:57,333] [WARNING] [logger:66] - 新路径不存在，跳过迁移视频 13: workstore/admin/纳什均衡解析/output.mp4
[2025-07-16 20:06:57,333] [INFO] [logger:55] - 迁移视频 15: user1 -> admin
[2025-07-16 20:06:57,333] [WARNING] [logger:66] - 新路径不存在，跳过迁移视频 15: workstore/admin/白雪公主的童话/output.mp4
[2025-07-16 20:06:57,333] [INFO] [logger:55] - 迁移视频 18: user3 -> test2
[2025-07-16 20:06:57,333] [WARNING] [logger:66] - 新路径不存在，跳过迁移视频 18: workstore/test2/坚持的力量/output.mp4
[2025-07-16 20:06:57,333] [INFO] [logger:55] - 迁移视频 19: user6 -> test4
[2025-07-16 20:06:57,333] [WARNING] [logger:66] - 新路径不存在，跳过迁移视频 19: workstore/test4/白雪公主的故事/output.mp4
[2025-07-16 20:06:57,333] [INFO] [logger:55] - 迁移视频 26: user6 -> test4
[2025-07-16 20:06:57,333] [WARNING] [logger:66] - 新路径不存在，跳过迁移视频 26: workstore/test4/人性弱点智慧/output.mp4
[2025-07-16 20:06:57,333] [INFO] [logger:55] - 迁移视频 27: user6 -> test4
[2025-07-16 20:06:57,333] [WARNING] [logger:66] - 新路径不存在，跳过迁移视频 27: workstore/test4/达克效应之谜/output.mp4
[2025-07-16 20:06:57,333] [INFO] [logger:55] - 迁移视频 32: user6 -> test4
[2025-07-16 20:06:57,333] [WARNING] [logger:66] - 新路径不存在，跳过迁移视频 32: workstore/test4/《金刚经》第一品：法会因由分/output.mp4
[2025-07-16 20:06:57,333] [INFO] [logger:55] - 迁移视频 33: user6 -> test4
[2025-07-16 20:06:57,333] [WARNING] [logger:66] - 新路径不存在，跳过迁移视频 33: workstore/test4/《金刚经》第二品善现启请分/output.mp4
[2025-07-16 20:06:57,333] [INFO] [logger:55] - 迁移视频 34: user1 -> admin
[2025-07-16 20:06:57,333] [WARNING] [logger:66] - 新路径不存在，跳过迁移视频 34: workstore/admin/小红帽的森林奇遇/output.mp4
[2025-07-16 20:06:57,333] [INFO] [logger:55] - 迁移视频 35: user8 -> test9
[2025-07-16 20:06:57,333] [WARNING] [logger:66] - 新路径不存在，跳过迁移视频 35: workstore/test9/《金刚经》第五品 如理实见分/output.mp4
[2025-07-16 20:06:57,333] [INFO] [logger:55] - 迁移视频 36: user8 -> test9
[2025-07-16 20:06:57,334] [WARNING] [logger:66] - 新路径不存在，跳过迁移视频 36: workstore/test9/《金刚经》第六品 正信希有分/output.mp4
[2025-07-16 20:06:57,334] [INFO] [logger:55] - 迁移视频 37: user1 -> admin
[2025-07-16 20:06:57,334] [WARNING] [logger:66] - 新路径不存在，跳过迁移视频 37: workstore/admin/停止按钮背后的故事/output.mp4
[2025-07-16 20:06:57,334] [INFO] [logger:55] - 迁移视频 38: user1 -> admin
[2025-07-16 20:06:57,334] [WARNING] [logger:66] - 新路径不存在，跳过迁移视频 38: workstore/admin/《金刚经》第八品 依法出生分/output.mp4
[2025-07-16 20:06:57,334] [INFO] [logger:55] - 视频路径迁移完成，共迁移 0 个视频
[2025-07-16 20:06:57,335] [INFO] [logger:55] - 没有发现中断的任务
[2025-07-16 20:06:57,335] [INFO] [logger:55] - 任务恢复检查完成
[2025-07-16 20:06:57,335] [INFO] [logger:55] - 百速一键AI视频生成应用服务器已启动，监听端口: 5002
[2025-07-16 20:08:43,089] [INFO] [logger:55] - 正在检查并恢复中断的任务...
[2025-07-16 20:08:43,090] [INFO] [logger:55] - 检查服务器启动时是否有中断的任务需要恢复...
[2025-07-16 20:08:43,090] [INFO] [logger:55] - 开始迁移视频路径...
[2025-07-16 20:08:43,092] [INFO] [logger:55] - 迁移视频 13: user1 -> admin
[2025-07-16 20:08:43,092] [WARNING] [logger:66] - 新路径不存在，跳过迁移视频 13: workstore/admin/纳什均衡解析/output.mp4
[2025-07-16 20:08:43,092] [INFO] [logger:55] - 迁移视频 15: user1 -> admin
[2025-07-16 20:08:43,092] [WARNING] [logger:66] - 新路径不存在，跳过迁移视频 15: workstore/admin/白雪公主的童话/output.mp4
[2025-07-16 20:08:43,092] [INFO] [logger:55] - 迁移视频 18: user3 -> test2
[2025-07-16 20:08:43,092] [WARNING] [logger:66] - 新路径不存在，跳过迁移视频 18: workstore/test2/坚持的力量/output.mp4
[2025-07-16 20:08:43,092] [INFO] [logger:55] - 迁移视频 19: user6 -> test4
[2025-07-16 20:08:43,092] [WARNING] [logger:66] - 新路径不存在，跳过迁移视频 19: workstore/test4/白雪公主的故事/output.mp4
[2025-07-16 20:08:43,092] [INFO] [logger:55] - 迁移视频 26: user6 -> test4
[2025-07-16 20:08:43,092] [WARNING] [logger:66] - 新路径不存在，跳过迁移视频 26: workstore/test4/人性弱点智慧/output.mp4
[2025-07-16 20:08:43,092] [INFO] [logger:55] - 迁移视频 27: user6 -> test4
[2025-07-16 20:08:43,092] [WARNING] [logger:66] - 新路径不存在，跳过迁移视频 27: workstore/test4/达克效应之谜/output.mp4
[2025-07-16 20:08:43,092] [INFO] [logger:55] - 迁移视频 32: user6 -> test4
[2025-07-16 20:08:43,092] [WARNING] [logger:66] - 新路径不存在，跳过迁移视频 32: workstore/test4/《金刚经》第一品：法会因由分/output.mp4
[2025-07-16 20:08:43,092] [INFO] [logger:55] - 迁移视频 33: user6 -> test4
[2025-07-16 20:08:43,092] [WARNING] [logger:66] - 新路径不存在，跳过迁移视频 33: workstore/test4/《金刚经》第二品善现启请分/output.mp4
[2025-07-16 20:08:43,093] [INFO] [logger:55] - 迁移视频 34: user1 -> admin
[2025-07-16 20:08:43,093] [WARNING] [logger:66] - 新路径不存在，跳过迁移视频 34: workstore/admin/小红帽的森林奇遇/output.mp4
[2025-07-16 20:08:43,093] [INFO] [logger:55] - 迁移视频 35: user8 -> test9
[2025-07-16 20:08:43,093] [WARNING] [logger:66] - 新路径不存在，跳过迁移视频 35: workstore/test9/《金刚经》第五品 如理实见分/output.mp4
[2025-07-16 20:08:43,093] [INFO] [logger:55] - 迁移视频 36: user8 -> test9
[2025-07-16 20:08:43,093] [WARNING] [logger:66] - 新路径不存在，跳过迁移视频 36: workstore/test9/《金刚经》第六品 正信希有分/output.mp4
[2025-07-16 20:08:43,093] [INFO] [logger:55] - 迁移视频 37: user1 -> admin
[2025-07-16 20:08:43,093] [WARNING] [logger:66] - 新路径不存在，跳过迁移视频 37: workstore/admin/停止按钮背后的故事/output.mp4
[2025-07-16 20:08:43,093] [INFO] [logger:55] - 迁移视频 38: user1 -> admin
[2025-07-16 20:08:43,093] [WARNING] [logger:66] - 新路径不存在，跳过迁移视频 38: workstore/admin/《金刚经》第八品 依法出生分/output.mp4
[2025-07-16 20:08:43,093] [INFO] [logger:55] - 视频路径迁移完成，共迁移 0 个视频
[2025-07-16 20:08:43,094] [INFO] [logger:55] - 没有发现中断的任务
[2025-07-16 20:08:43,094] [INFO] [logger:55] - 任务恢复检查完成
[2025-07-16 20:08:43,727] [INFO] [logger:55] - 正在检查并恢复中断的任务...
[2025-07-16 20:08:43,727] [INFO] [logger:55] - 检查服务器启动时是否有中断的任务需要恢复...
[2025-07-16 20:08:43,727] [INFO] [logger:55] - 开始迁移视频路径...
[2025-07-16 20:08:43,729] [INFO] [logger:55] - 迁移视频 13: user1 -> admin
[2025-07-16 20:08:43,729] [WARNING] [logger:66] - 新路径不存在，跳过迁移视频 13: workstore/admin/纳什均衡解析/output.mp4
[2025-07-16 20:08:43,729] [INFO] [logger:55] - 迁移视频 15: user1 -> admin
[2025-07-16 20:08:43,729] [WARNING] [logger:66] - 新路径不存在，跳过迁移视频 15: workstore/admin/白雪公主的童话/output.mp4
[2025-07-16 20:08:43,729] [INFO] [logger:55] - 迁移视频 18: user3 -> test2
[2025-07-16 20:08:43,729] [WARNING] [logger:66] - 新路径不存在，跳过迁移视频 18: workstore/test2/坚持的力量/output.mp4
[2025-07-16 20:08:43,729] [INFO] [logger:55] - 迁移视频 19: user6 -> test4
[2025-07-16 20:08:43,729] [WARNING] [logger:66] - 新路径不存在，跳过迁移视频 19: workstore/test4/白雪公主的故事/output.mp4
[2025-07-16 20:08:43,729] [INFO] [logger:55] - 迁移视频 26: user6 -> test4
[2025-07-16 20:08:43,729] [WARNING] [logger:66] - 新路径不存在，跳过迁移视频 26: workstore/test4/人性弱点智慧/output.mp4
[2025-07-16 20:08:43,729] [INFO] [logger:55] - 迁移视频 27: user6 -> test4
[2025-07-16 20:08:43,729] [WARNING] [logger:66] - 新路径不存在，跳过迁移视频 27: workstore/test4/达克效应之谜/output.mp4
[2025-07-16 20:08:43,730] [INFO] [logger:55] - 迁移视频 32: user6 -> test4
[2025-07-16 20:08:43,730] [WARNING] [logger:66] - 新路径不存在，跳过迁移视频 32: workstore/test4/《金刚经》第一品：法会因由分/output.mp4
[2025-07-16 20:08:43,730] [INFO] [logger:55] - 迁移视频 33: user6 -> test4
[2025-07-16 20:08:43,730] [WARNING] [logger:66] - 新路径不存在，跳过迁移视频 33: workstore/test4/《金刚经》第二品善现启请分/output.mp4
[2025-07-16 20:08:43,730] [INFO] [logger:55] - 迁移视频 34: user1 -> admin
[2025-07-16 20:08:43,730] [WARNING] [logger:66] - 新路径不存在，跳过迁移视频 34: workstore/admin/小红帽的森林奇遇/output.mp4
[2025-07-16 20:08:43,730] [INFO] [logger:55] - 迁移视频 35: user8 -> test9
[2025-07-16 20:08:43,730] [WARNING] [logger:66] - 新路径不存在，跳过迁移视频 35: workstore/test9/《金刚经》第五品 如理实见分/output.mp4
[2025-07-16 20:08:43,730] [INFO] [logger:55] - 迁移视频 36: user8 -> test9
[2025-07-16 20:08:43,730] [WARNING] [logger:66] - 新路径不存在，跳过迁移视频 36: workstore/test9/《金刚经》第六品 正信希有分/output.mp4
[2025-07-16 20:08:43,730] [INFO] [logger:55] - 迁移视频 37: user1 -> admin
[2025-07-16 20:08:43,730] [WARNING] [logger:66] - 新路径不存在，跳过迁移视频 37: workstore/admin/停止按钮背后的故事/output.mp4
[2025-07-16 20:08:43,730] [INFO] [logger:55] - 迁移视频 38: user1 -> admin
[2025-07-16 20:08:43,730] [WARNING] [logger:66] - 新路径不存在，跳过迁移视频 38: workstore/admin/《金刚经》第八品 依法出生分/output.mp4
[2025-07-16 20:08:43,731] [INFO] [logger:55] - 视频路径迁移完成，共迁移 0 个视频
[2025-07-16 20:08:43,731] [INFO] [logger:55] - 没有发现中断的任务
[2025-07-16 20:08:43,731] [INFO] [logger:55] - 任务恢复检查完成
[2025-07-16 20:10:14,203] [INFO] [logger:55] - 正在检查并恢复中断的任务...
[2025-07-16 20:10:14,203] [INFO] [logger:55] - 检查服务器启动时是否有中断的任务需要恢复...
[2025-07-16 20:10:14,204] [INFO] [logger:55] - 开始迁移视频路径...
[2025-07-16 20:10:14,206] [INFO] [logger:55] - 迁移视频 13: user1 -> admin
[2025-07-16 20:10:14,206] [WARNING] [logger:66] - 新路径不存在，跳过迁移视频 13: workstore/admin/纳什均衡解析/output.mp4
[2025-07-16 20:10:14,206] [INFO] [logger:55] - 迁移视频 15: user1 -> admin
[2025-07-16 20:10:14,206] [WARNING] [logger:66] - 新路径不存在，跳过迁移视频 15: workstore/admin/白雪公主的童话/output.mp4
[2025-07-16 20:10:14,206] [INFO] [logger:55] - 迁移视频 18: user3 -> test2
[2025-07-16 20:10:14,206] [WARNING] [logger:66] - 新路径不存在，跳过迁移视频 18: workstore/test2/坚持的力量/output.mp4
[2025-07-16 20:10:14,206] [INFO] [logger:55] - 迁移视频 19: user6 -> test4
[2025-07-16 20:10:14,206] [WARNING] [logger:66] - 新路径不存在，跳过迁移视频 19: workstore/test4/白雪公主的故事/output.mp4
[2025-07-16 20:10:14,206] [INFO] [logger:55] - 迁移视频 26: user6 -> test4
[2025-07-16 20:10:14,206] [WARNING] [logger:66] - 新路径不存在，跳过迁移视频 26: workstore/test4/人性弱点智慧/output.mp4
[2025-07-16 20:10:14,206] [INFO] [logger:55] - 迁移视频 27: user6 -> test4
[2025-07-16 20:10:14,206] [WARNING] [logger:66] - 新路径不存在，跳过迁移视频 27: workstore/test4/达克效应之谜/output.mp4
[2025-07-16 20:10:14,206] [INFO] [logger:55] - 迁移视频 32: user6 -> test4
[2025-07-16 20:10:14,206] [WARNING] [logger:66] - 新路径不存在，跳过迁移视频 32: workstore/test4/《金刚经》第一品：法会因由分/output.mp4
[2025-07-16 20:10:14,206] [INFO] [logger:55] - 迁移视频 33: user6 -> test4
[2025-07-16 20:10:14,206] [WARNING] [logger:66] - 新路径不存在，跳过迁移视频 33: workstore/test4/《金刚经》第二品善现启请分/output.mp4
[2025-07-16 20:10:14,207] [INFO] [logger:55] - 迁移视频 34: user1 -> admin
[2025-07-16 20:10:14,207] [WARNING] [logger:66] - 新路径不存在，跳过迁移视频 34: workstore/admin/小红帽的森林奇遇/output.mp4
[2025-07-16 20:10:14,207] [INFO] [logger:55] - 迁移视频 35: user8 -> test9
[2025-07-16 20:10:14,207] [WARNING] [logger:66] - 新路径不存在，跳过迁移视频 35: workstore/test9/《金刚经》第五品 如理实见分/output.mp4
[2025-07-16 20:10:14,207] [INFO] [logger:55] - 迁移视频 36: user8 -> test9
[2025-07-16 20:10:14,207] [WARNING] [logger:66] - 新路径不存在，跳过迁移视频 36: workstore/test9/《金刚经》第六品 正信希有分/output.mp4
[2025-07-16 20:10:14,207] [INFO] [logger:55] - 迁移视频 37: user1 -> admin
[2025-07-16 20:10:14,207] [WARNING] [logger:66] - 新路径不存在，跳过迁移视频 37: workstore/admin/停止按钮背后的故事/output.mp4
[2025-07-16 20:10:14,207] [INFO] [logger:55] - 迁移视频 38: user1 -> admin
[2025-07-16 20:10:14,207] [WARNING] [logger:66] - 新路径不存在，跳过迁移视频 38: workstore/admin/《金刚经》第八品 依法出生分/output.mp4
[2025-07-16 20:10:14,207] [INFO] [logger:55] - 视频路径迁移完成，共迁移 0 个视频
[2025-07-16 20:10:14,208] [INFO] [logger:55] - 没有发现中断的任务
[2025-07-16 20:10:14,208] [INFO] [logger:55] - 任务恢复检查完成
[2025-07-16 20:10:14,843] [INFO] [logger:55] - 正在检查并恢复中断的任务...
[2025-07-16 20:10:14,843] [INFO] [logger:55] - 检查服务器启动时是否有中断的任务需要恢复...
[2025-07-16 20:10:14,843] [INFO] [logger:55] - 开始迁移视频路径...
[2025-07-16 20:10:14,845] [INFO] [logger:55] - 迁移视频 13: user1 -> admin
[2025-07-16 20:10:14,845] [WARNING] [logger:66] - 新路径不存在，跳过迁移视频 13: workstore/admin/纳什均衡解析/output.mp4
[2025-07-16 20:10:14,845] [INFO] [logger:55] - 迁移视频 15: user1 -> admin
[2025-07-16 20:10:14,845] [WARNING] [logger:66] - 新路径不存在，跳过迁移视频 15: workstore/admin/白雪公主的童话/output.mp4
[2025-07-16 20:10:14,845] [INFO] [logger:55] - 迁移视频 18: user3 -> test2
[2025-07-16 20:10:14,845] [WARNING] [logger:66] - 新路径不存在，跳过迁移视频 18: workstore/test2/坚持的力量/output.mp4
[2025-07-16 20:10:14,845] [INFO] [logger:55] - 迁移视频 19: user6 -> test4
[2025-07-16 20:10:14,845] [WARNING] [logger:66] - 新路径不存在，跳过迁移视频 19: workstore/test4/白雪公主的故事/output.mp4
[2025-07-16 20:10:14,845] [INFO] [logger:55] - 迁移视频 26: user6 -> test4
[2025-07-16 20:10:14,845] [WARNING] [logger:66] - 新路径不存在，跳过迁移视频 26: workstore/test4/人性弱点智慧/output.mp4
[2025-07-16 20:10:14,845] [INFO] [logger:55] - 迁移视频 27: user6 -> test4
[2025-07-16 20:10:14,845] [WARNING] [logger:66] - 新路径不存在，跳过迁移视频 27: workstore/test4/达克效应之谜/output.mp4
[2025-07-16 20:10:14,846] [INFO] [logger:55] - 迁移视频 32: user6 -> test4
[2025-07-16 20:10:14,846] [WARNING] [logger:66] - 新路径不存在，跳过迁移视频 32: workstore/test4/《金刚经》第一品：法会因由分/output.mp4
[2025-07-16 20:10:14,846] [INFO] [logger:55] - 迁移视频 33: user6 -> test4
[2025-07-16 20:10:14,846] [WARNING] [logger:66] - 新路径不存在，跳过迁移视频 33: workstore/test4/《金刚经》第二品善现启请分/output.mp4
[2025-07-16 20:10:14,846] [INFO] [logger:55] - 迁移视频 34: user1 -> admin
[2025-07-16 20:10:14,846] [WARNING] [logger:66] - 新路径不存在，跳过迁移视频 34: workstore/admin/小红帽的森林奇遇/output.mp4
[2025-07-16 20:10:14,846] [INFO] [logger:55] - 迁移视频 35: user8 -> test9
[2025-07-16 20:10:14,846] [WARNING] [logger:66] - 新路径不存在，跳过迁移视频 35: workstore/test9/《金刚经》第五品 如理实见分/output.mp4
[2025-07-16 20:10:14,846] [INFO] [logger:55] - 迁移视频 36: user8 -> test9
[2025-07-16 20:10:14,846] [WARNING] [logger:66] - 新路径不存在，跳过迁移视频 36: workstore/test9/《金刚经》第六品 正信希有分/output.mp4
[2025-07-16 20:10:14,846] [INFO] [logger:55] - 迁移视频 37: user1 -> admin
[2025-07-16 20:10:14,846] [WARNING] [logger:66] - 新路径不存在，跳过迁移视频 37: workstore/admin/停止按钮背后的故事/output.mp4
[2025-07-16 20:10:14,846] [INFO] [logger:55] - 迁移视频 38: user1 -> admin
[2025-07-16 20:10:14,846] [WARNING] [logger:66] - 新路径不存在，跳过迁移视频 38: workstore/admin/《金刚经》第八品 依法出生分/output.mp4
[2025-07-16 20:10:14,847] [INFO] [logger:55] - 视频路径迁移完成，共迁移 0 个视频
[2025-07-16 20:10:14,847] [INFO] [logger:55] - 没有发现中断的任务
[2025-07-16 20:10:14,847] [INFO] [logger:55] - 任务恢复检查完成
[2025-07-16 20:22:07,828] [INFO] [logger:55] - 百速一键AI视频生成应用正在启动... 时间: 2025-07-16 20:22:07
[2025-07-16 20:22:07,828] [INFO] [logger:55] - 正在初始化数据库...
[2025-07-16 20:22:08,674] [INFO] [logger:55] - 数据库初始化完成
[2025-07-16 20:22:08,674] [INFO] [logger:55] - 正在检查并恢复中断的任务...
[2025-07-16 20:22:08,674] [INFO] [logger:55] - 检查服务器启动时是否有中断的任务需要恢复...
[2025-07-16 20:22:08,674] [INFO] [logger:55] - 开始迁移视频路径...
[2025-07-16 20:22:08,680] [INFO] [logger:55] - 迁移视频 13: user1 -> admin
[2025-07-16 20:22:08,680] [WARNING] [logger:66] - 新路径不存在，跳过迁移视频 13: workstore/admin/纳什均衡解析/output.mp4
[2025-07-16 20:22:08,680] [INFO] [logger:55] - 迁移视频 15: user1 -> admin
[2025-07-16 20:22:08,680] [WARNING] [logger:66] - 新路径不存在，跳过迁移视频 15: workstore/admin/白雪公主的童话/output.mp4
[2025-07-16 20:22:08,680] [INFO] [logger:55] - 迁移视频 18: user3 -> test2
[2025-07-16 20:22:08,680] [WARNING] [logger:66] - 新路径不存在，跳过迁移视频 18: workstore/test2/坚持的力量/output.mp4
[2025-07-16 20:22:08,681] [INFO] [logger:55] - 迁移视频 19: user6 -> test4
[2025-07-16 20:22:08,681] [WARNING] [logger:66] - 新路径不存在，跳过迁移视频 19: workstore/test4/白雪公主的故事/output.mp4
[2025-07-16 20:22:08,681] [INFO] [logger:55] - 迁移视频 26: user6 -> test4
[2025-07-16 20:22:08,681] [WARNING] [logger:66] - 新路径不存在，跳过迁移视频 26: workstore/test4/人性弱点智慧/output.mp4
[2025-07-16 20:22:08,681] [INFO] [logger:55] - 迁移视频 27: user6 -> test4
[2025-07-16 20:22:08,681] [WARNING] [logger:66] - 新路径不存在，跳过迁移视频 27: workstore/test4/达克效应之谜/output.mp4
[2025-07-16 20:22:08,681] [INFO] [logger:55] - 迁移视频 32: user6 -> test4
[2025-07-16 20:22:08,681] [WARNING] [logger:66] - 新路径不存在，跳过迁移视频 32: workstore/test4/《金刚经》第一品：法会因由分/output.mp4
[2025-07-16 20:22:08,681] [INFO] [logger:55] - 迁移视频 33: user6 -> test4
[2025-07-16 20:22:08,681] [WARNING] [logger:66] - 新路径不存在，跳过迁移视频 33: workstore/test4/《金刚经》第二品善现启请分/output.mp4
[2025-07-16 20:22:08,681] [INFO] [logger:55] - 迁移视频 34: user1 -> admin
[2025-07-16 20:22:08,681] [WARNING] [logger:66] - 新路径不存在，跳过迁移视频 34: workstore/admin/小红帽的森林奇遇/output.mp4
[2025-07-16 20:22:08,681] [INFO] [logger:55] - 迁移视频 35: user8 -> test9
[2025-07-16 20:22:08,681] [WARNING] [logger:66] - 新路径不存在，跳过迁移视频 35: workstore/test9/《金刚经》第五品 如理实见分/output.mp4
[2025-07-16 20:22:08,681] [INFO] [logger:55] - 迁移视频 36: user8 -> test9
[2025-07-16 20:22:08,681] [WARNING] [logger:66] - 新路径不存在，跳过迁移视频 36: workstore/test9/《金刚经》第六品 正信希有分/output.mp4
[2025-07-16 20:22:08,681] [INFO] [logger:55] - 迁移视频 37: user1 -> admin
[2025-07-16 20:22:08,681] [WARNING] [logger:66] - 新路径不存在，跳过迁移视频 37: workstore/admin/停止按钮背后的故事/output.mp4
[2025-07-16 20:22:08,681] [INFO] [logger:55] - 迁移视频 38: user1 -> admin
[2025-07-16 20:22:08,681] [WARNING] [logger:66] - 新路径不存在，跳过迁移视频 38: workstore/admin/《金刚经》第八品 依法出生分/output.mp4
[2025-07-16 20:22:08,681] [INFO] [logger:55] - 视频路径迁移完成，共迁移 0 个视频
[2025-07-16 20:22:08,682] [INFO] [logger:55] - 没有发现中断的任务
[2025-07-16 20:22:08,683] [INFO] [logger:55] - 任务恢复检查完成
[2025-07-16 20:22:08,683] [INFO] [logger:55] - 百速一键AI视频生成应用服务器已启动，监听端口: 5002
[2025-07-16 20:35:00,306] [INFO] [logger:55] - 百速一键AI视频生成应用正在启动... 时间: 2025-07-16 20:35:00
[2025-07-16 20:35:00,306] [INFO] [logger:55] - 正在初始化数据库...
[2025-07-16 20:35:01,182] [INFO] [logger:55] - 数据库初始化完成
[2025-07-16 20:35:01,182] [INFO] [logger:55] - 正在检查并恢复中断的任务...
[2025-07-16 20:35:01,182] [INFO] [logger:55] - 检查服务器启动时是否有中断的任务需要恢复...
[2025-07-16 20:35:01,182] [INFO] [logger:55] - 开始迁移视频路径...
[2025-07-16 20:35:01,189] [INFO] [logger:55] - 迁移视频 13: user1 -> admin
[2025-07-16 20:35:01,189] [WARNING] [logger:66] - 新路径不存在，跳过迁移视频 13: workstore/admin/纳什均衡解析/output.mp4
[2025-07-16 20:35:01,189] [INFO] [logger:55] - 迁移视频 15: user1 -> admin
[2025-07-16 20:35:01,189] [WARNING] [logger:66] - 新路径不存在，跳过迁移视频 15: workstore/admin/白雪公主的童话/output.mp4
[2025-07-16 20:35:01,189] [INFO] [logger:55] - 迁移视频 18: user3 -> test2
[2025-07-16 20:35:01,189] [WARNING] [logger:66] - 新路径不存在，跳过迁移视频 18: workstore/test2/坚持的力量/output.mp4
[2025-07-16 20:35:01,189] [INFO] [logger:55] - 迁移视频 19: user6 -> test4
[2025-07-16 20:35:01,189] [WARNING] [logger:66] - 新路径不存在，跳过迁移视频 19: workstore/test4/白雪公主的故事/output.mp4
[2025-07-16 20:35:01,189] [INFO] [logger:55] - 迁移视频 26: user6 -> test4
[2025-07-16 20:35:01,189] [WARNING] [logger:66] - 新路径不存在，跳过迁移视频 26: workstore/test4/人性弱点智慧/output.mp4
[2025-07-16 20:35:01,189] [INFO] [logger:55] - 迁移视频 27: user6 -> test4
[2025-07-16 20:35:01,189] [WARNING] [logger:66] - 新路径不存在，跳过迁移视频 27: workstore/test4/达克效应之谜/output.mp4
[2025-07-16 20:35:01,189] [INFO] [logger:55] - 迁移视频 32: user6 -> test4
[2025-07-16 20:35:01,189] [WARNING] [logger:66] - 新路径不存在，跳过迁移视频 32: workstore/test4/《金刚经》第一品：法会因由分/output.mp4
[2025-07-16 20:35:01,189] [INFO] [logger:55] - 迁移视频 33: user6 -> test4
[2025-07-16 20:35:01,189] [WARNING] [logger:66] - 新路径不存在，跳过迁移视频 33: workstore/test4/《金刚经》第二品善现启请分/output.mp4
[2025-07-16 20:35:01,190] [INFO] [logger:55] - 迁移视频 34: user1 -> admin
[2025-07-16 20:35:01,190] [WARNING] [logger:66] - 新路径不存在，跳过迁移视频 34: workstore/admin/小红帽的森林奇遇/output.mp4
[2025-07-16 20:35:01,190] [INFO] [logger:55] - 迁移视频 35: user8 -> test9
[2025-07-16 20:35:01,190] [WARNING] [logger:66] - 新路径不存在，跳过迁移视频 35: workstore/test9/《金刚经》第五品 如理实见分/output.mp4
[2025-07-16 20:35:01,190] [INFO] [logger:55] - 迁移视频 36: user8 -> test9
[2025-07-16 20:35:01,190] [WARNING] [logger:66] - 新路径不存在，跳过迁移视频 36: workstore/test9/《金刚经》第六品 正信希有分/output.mp4
[2025-07-16 20:35:01,190] [INFO] [logger:55] - 迁移视频 37: user1 -> admin
[2025-07-16 20:35:01,190] [WARNING] [logger:66] - 新路径不存在，跳过迁移视频 37: workstore/admin/停止按钮背后的故事/output.mp4
[2025-07-16 20:35:01,190] [INFO] [logger:55] - 迁移视频 38: user1 -> admin
[2025-07-16 20:35:01,190] [WARNING] [logger:66] - 新路径不存在，跳过迁移视频 38: workstore/admin/《金刚经》第八品 依法出生分/output.mp4
[2025-07-16 20:35:01,190] [INFO] [logger:55] - 视频路径迁移完成，共迁移 0 个视频
[2025-07-16 20:35:01,191] [INFO] [logger:55] - 没有发现中断的任务
[2025-07-16 20:35:01,191] [INFO] [logger:55] - 任务恢复检查完成
[2025-07-16 20:35:01,191] [INFO] [logger:55] - 百速一键AI视频生成应用服务器已启动，监听端口: 5002
[2025-07-16 20:35:01,258] [INFO] [logger:55] - 百速一键AI视频生成应用正在启动... 时间: 2025-07-16 20:35:01
[2025-07-16 20:35:01,258] [INFO] [logger:55] - 正在初始化数据库...
[2025-07-16 20:35:01,829] [INFO] [logger:55] - 数据库初始化完成
[2025-07-16 20:35:01,829] [INFO] [logger:55] - 正在检查并恢复中断的任务...
[2025-07-16 20:35:01,829] [INFO] [logger:55] - 检查服务器启动时是否有中断的任务需要恢复...
[2025-07-16 20:35:01,829] [INFO] [logger:55] - 开始迁移视频路径...
[2025-07-16 20:35:01,836] [INFO] [logger:55] - 迁移视频 13: user1 -> admin
[2025-07-16 20:35:01,837] [WARNING] [logger:66] - 新路径不存在，跳过迁移视频 13: workstore/admin/纳什均衡解析/output.mp4
[2025-07-16 20:35:01,837] [INFO] [logger:55] - 迁移视频 15: user1 -> admin
[2025-07-16 20:35:01,837] [WARNING] [logger:66] - 新路径不存在，跳过迁移视频 15: workstore/admin/白雪公主的童话/output.mp4
[2025-07-16 20:35:01,837] [INFO] [logger:55] - 迁移视频 18: user3 -> test2
[2025-07-16 20:35:01,837] [WARNING] [logger:66] - 新路径不存在，跳过迁移视频 18: workstore/test2/坚持的力量/output.mp4
[2025-07-16 20:35:01,837] [INFO] [logger:55] - 迁移视频 19: user6 -> test4
[2025-07-16 20:35:01,837] [WARNING] [logger:66] - 新路径不存在，跳过迁移视频 19: workstore/test4/白雪公主的故事/output.mp4
[2025-07-16 20:35:01,837] [INFO] [logger:55] - 迁移视频 26: user6 -> test4
[2025-07-16 20:35:01,837] [WARNING] [logger:66] - 新路径不存在，跳过迁移视频 26: workstore/test4/人性弱点智慧/output.mp4
[2025-07-16 20:35:01,837] [INFO] [logger:55] - 迁移视频 27: user6 -> test4
[2025-07-16 20:35:01,837] [WARNING] [logger:66] - 新路径不存在，跳过迁移视频 27: workstore/test4/达克效应之谜/output.mp4
[2025-07-16 20:35:01,837] [INFO] [logger:55] - 迁移视频 32: user6 -> test4
[2025-07-16 20:35:01,837] [WARNING] [logger:66] - 新路径不存在，跳过迁移视频 32: workstore/test4/《金刚经》第一品：法会因由分/output.mp4
[2025-07-16 20:35:01,837] [INFO] [logger:55] - 迁移视频 33: user6 -> test4
[2025-07-16 20:35:01,837] [WARNING] [logger:66] - 新路径不存在，跳过迁移视频 33: workstore/test4/《金刚经》第二品善现启请分/output.mp4
[2025-07-16 20:35:01,837] [INFO] [logger:55] - 迁移视频 34: user1 -> admin
[2025-07-16 20:35:01,837] [WARNING] [logger:66] - 新路径不存在，跳过迁移视频 34: workstore/admin/小红帽的森林奇遇/output.mp4
[2025-07-16 20:35:01,837] [INFO] [logger:55] - 迁移视频 35: user8 -> test9
[2025-07-16 20:35:01,837] [WARNING] [logger:66] - 新路径不存在，跳过迁移视频 35: workstore/test9/《金刚经》第五品 如理实见分/output.mp4
[2025-07-16 20:35:01,838] [INFO] [logger:55] - 迁移视频 36: user8 -> test9
[2025-07-16 20:35:01,838] [WARNING] [logger:66] - 新路径不存在，跳过迁移视频 36: workstore/test9/《金刚经》第六品 正信希有分/output.mp4
[2025-07-16 20:35:01,838] [INFO] [logger:55] - 迁移视频 37: user1 -> admin
[2025-07-16 20:35:01,838] [WARNING] [logger:66] - 新路径不存在，跳过迁移视频 37: workstore/admin/停止按钮背后的故事/output.mp4
[2025-07-16 20:35:01,838] [INFO] [logger:55] - 迁移视频 38: user1 -> admin
[2025-07-16 20:35:01,838] [WARNING] [logger:66] - 新路径不存在，跳过迁移视频 38: workstore/admin/《金刚经》第八品 依法出生分/output.mp4
[2025-07-16 20:35:01,838] [INFO] [logger:55] - 视频路径迁移完成，共迁移 0 个视频
[2025-07-16 20:35:01,839] [INFO] [logger:55] - 没有发现中断的任务
[2025-07-16 20:35:01,839] [INFO] [logger:55] - 任务恢复检查完成
[2025-07-16 20:35:01,839] [INFO] [logger:55] - 百速一键AI视频生成应用服务器已启动，监听端口: 5002
[2025-07-16 20:38:42,748] [INFO] [logger:55] - 正在检查并恢复中断的任务...
[2025-07-16 20:38:42,748] [INFO] [logger:55] - 检查服务器启动时是否有中断的任务需要恢复...
[2025-07-16 20:38:42,748] [INFO] [logger:55] - 开始迁移视频路径...
[2025-07-16 20:38:42,750] [INFO] [logger:55] - 迁移视频 13: user1 -> admin
[2025-07-16 20:38:42,750] [WARNING] [logger:66] - 新路径不存在，跳过迁移视频 13: workstore/admin/纳什均衡解析/output.mp4
[2025-07-16 20:38:42,750] [INFO] [logger:55] - 迁移视频 15: user1 -> admin
[2025-07-16 20:38:42,750] [WARNING] [logger:66] - 新路径不存在，跳过迁移视频 15: workstore/admin/白雪公主的童话/output.mp4
[2025-07-16 20:38:42,750] [INFO] [logger:55] - 迁移视频 18: user3 -> test2
[2025-07-16 20:38:42,750] [WARNING] [logger:66] - 新路径不存在，跳过迁移视频 18: workstore/test2/坚持的力量/output.mp4
[2025-07-16 20:38:42,751] [INFO] [logger:55] - 迁移视频 19: user6 -> test4
[2025-07-16 20:38:42,751] [WARNING] [logger:66] - 新路径不存在，跳过迁移视频 19: workstore/test4/白雪公主的故事/output.mp4
[2025-07-16 20:38:42,751] [INFO] [logger:55] - 迁移视频 26: user6 -> test4
[2025-07-16 20:38:42,751] [WARNING] [logger:66] - 新路径不存在，跳过迁移视频 26: workstore/test4/人性弱点智慧/output.mp4
[2025-07-16 20:38:42,751] [INFO] [logger:55] - 迁移视频 27: user6 -> test4
[2025-07-16 20:38:42,751] [WARNING] [logger:66] - 新路径不存在，跳过迁移视频 27: workstore/test4/达克效应之谜/output.mp4
[2025-07-16 20:38:42,751] [INFO] [logger:55] - 迁移视频 32: user6 -> test4
[2025-07-16 20:38:42,751] [WARNING] [logger:66] - 新路径不存在，跳过迁移视频 32: workstore/test4/《金刚经》第一品：法会因由分/output.mp4
[2025-07-16 20:38:42,751] [INFO] [logger:55] - 迁移视频 33: user6 -> test4
[2025-07-16 20:38:42,751] [WARNING] [logger:66] - 新路径不存在，跳过迁移视频 33: workstore/test4/《金刚经》第二品善现启请分/output.mp4
[2025-07-16 20:38:42,751] [INFO] [logger:55] - 迁移视频 34: user1 -> admin
[2025-07-16 20:38:42,751] [WARNING] [logger:66] - 新路径不存在，跳过迁移视频 34: workstore/admin/小红帽的森林奇遇/output.mp4
[2025-07-16 20:38:42,751] [INFO] [logger:55] - 迁移视频 35: user8 -> test9
[2025-07-16 20:38:42,751] [WARNING] [logger:66] - 新路径不存在，跳过迁移视频 35: workstore/test9/《金刚经》第五品 如理实见分/output.mp4
[2025-07-16 20:38:42,751] [INFO] [logger:55] - 迁移视频 36: user8 -> test9
[2025-07-16 20:38:42,751] [WARNING] [logger:66] - 新路径不存在，跳过迁移视频 36: workstore/test9/《金刚经》第六品 正信希有分/output.mp4
[2025-07-16 20:38:42,751] [INFO] [logger:55] - 迁移视频 37: user1 -> admin
[2025-07-16 20:38:42,751] [WARNING] [logger:66] - 新路径不存在，跳过迁移视频 37: workstore/admin/停止按钮背后的故事/output.mp4
[2025-07-16 20:38:42,751] [INFO] [logger:55] - 迁移视频 38: user1 -> admin
[2025-07-16 20:38:42,752] [WARNING] [logger:66] - 新路径不存在，跳过迁移视频 38: workstore/admin/《金刚经》第八品 依法出生分/output.mp4
[2025-07-16 20:38:42,752] [INFO] [logger:55] - 视频路径迁移完成，共迁移 0 个视频
[2025-07-16 20:38:42,752] [INFO] [logger:55] - 没有发现中断的任务
[2025-07-16 20:38:42,752] [INFO] [logger:55] - 任务恢复检查完成
[2025-07-16 20:38:43,392] [INFO] [logger:55] - 正在检查并恢复中断的任务...
[2025-07-16 20:38:43,392] [INFO] [logger:55] - 检查服务器启动时是否有中断的任务需要恢复...
[2025-07-16 20:38:43,392] [INFO] [logger:55] - 开始迁移视频路径...
[2025-07-16 20:38:43,394] [INFO] [logger:55] - 迁移视频 13: user1 -> admin
[2025-07-16 20:38:43,394] [WARNING] [logger:66] - 新路径不存在，跳过迁移视频 13: workstore/admin/纳什均衡解析/output.mp4
[2025-07-16 20:38:43,394] [INFO] [logger:55] - 迁移视频 15: user1 -> admin
[2025-07-16 20:38:43,394] [WARNING] [logger:66] - 新路径不存在，跳过迁移视频 15: workstore/admin/白雪公主的童话/output.mp4
[2025-07-16 20:38:43,394] [INFO] [logger:55] - 迁移视频 18: user3 -> test2
[2025-07-16 20:38:43,394] [WARNING] [logger:66] - 新路径不存在，跳过迁移视频 18: workstore/test2/坚持的力量/output.mp4
[2025-07-16 20:38:43,394] [INFO] [logger:55] - 迁移视频 19: user6 -> test4
[2025-07-16 20:38:43,394] [WARNING] [logger:66] - 新路径不存在，跳过迁移视频 19: workstore/test4/白雪公主的故事/output.mp4
[2025-07-16 20:38:43,394] [INFO] [logger:55] - 迁移视频 26: user6 -> test4
[2025-07-16 20:38:43,394] [WARNING] [logger:66] - 新路径不存在，跳过迁移视频 26: workstore/test4/人性弱点智慧/output.mp4
[2025-07-16 20:38:43,394] [INFO] [logger:55] - 迁移视频 27: user6 -> test4
[2025-07-16 20:38:43,395] [WARNING] [logger:66] - 新路径不存在，跳过迁移视频 27: workstore/test4/达克效应之谜/output.mp4
[2025-07-16 20:38:43,395] [INFO] [logger:55] - 迁移视频 32: user6 -> test4
[2025-07-16 20:38:43,395] [WARNING] [logger:66] - 新路径不存在，跳过迁移视频 32: workstore/test4/《金刚经》第一品：法会因由分/output.mp4
[2025-07-16 20:38:43,395] [INFO] [logger:55] - 迁移视频 33: user6 -> test4
[2025-07-16 20:38:43,395] [WARNING] [logger:66] - 新路径不存在，跳过迁移视频 33: workstore/test4/《金刚经》第二品善现启请分/output.mp4
[2025-07-16 20:38:43,395] [INFO] [logger:55] - 迁移视频 34: user1 -> admin
[2025-07-16 20:38:43,395] [WARNING] [logger:66] - 新路径不存在，跳过迁移视频 34: workstore/admin/小红帽的森林奇遇/output.mp4
[2025-07-16 20:38:43,395] [INFO] [logger:55] - 迁移视频 35: user8 -> test9
[2025-07-16 20:38:43,395] [WARNING] [logger:66] - 新路径不存在，跳过迁移视频 35: workstore/test9/《金刚经》第五品 如理实见分/output.mp4
[2025-07-16 20:38:43,395] [INFO] [logger:55] - 迁移视频 36: user8 -> test9
[2025-07-16 20:38:43,395] [WARNING] [logger:66] - 新路径不存在，跳过迁移视频 36: workstore/test9/《金刚经》第六品 正信希有分/output.mp4
[2025-07-16 20:38:43,395] [INFO] [logger:55] - 迁移视频 37: user1 -> admin
[2025-07-16 20:38:43,395] [WARNING] [logger:66] - 新路径不存在，跳过迁移视频 37: workstore/admin/停止按钮背后的故事/output.mp4
[2025-07-16 20:38:43,395] [INFO] [logger:55] - 迁移视频 38: user1 -> admin
[2025-07-16 20:38:43,395] [WARNING] [logger:66] - 新路径不存在，跳过迁移视频 38: workstore/admin/《金刚经》第八品 依法出生分/output.mp4
[2025-07-16 20:38:43,396] [INFO] [logger:55] - 视频路径迁移完成，共迁移 0 个视频
[2025-07-16 20:38:43,396] [INFO] [logger:55] - 没有发现中断的任务
[2025-07-16 20:38:43,396] [INFO] [logger:55] - 任务恢复检查完成
[2025-07-16 20:50:56,341] [INFO] [logger:55] - 百速一键AI视频生成应用正在启动... 时间: 2025-07-16 20:50:56
[2025-07-16 20:50:56,342] [INFO] [logger:55] - 正在初始化数据库...
[2025-07-16 20:50:57,220] [INFO] [logger:55] - 数据库初始化完成
[2025-07-16 20:50:57,220] [INFO] [logger:55] - 正在检查并恢复中断的任务...
[2025-07-16 20:50:57,220] [INFO] [logger:55] - 检查服务器启动时是否有中断的任务需要恢复...
[2025-07-16 20:50:57,220] [INFO] [logger:55] - 开始迁移视频路径...
[2025-07-16 20:50:57,227] [INFO] [logger:55] - 迁移视频 13: user1 -> admin
[2025-07-16 20:50:57,227] [WARNING] [logger:66] - 新路径不存在，跳过迁移视频 13: workstore/admin/纳什均衡解析/output.mp4
[2025-07-16 20:50:57,228] [INFO] [logger:55] - 迁移视频 15: user1 -> admin
[2025-07-16 20:50:57,228] [WARNING] [logger:66] - 新路径不存在，跳过迁移视频 15: workstore/admin/白雪公主的童话/output.mp4
[2025-07-16 20:50:57,228] [INFO] [logger:55] - 迁移视频 18: user3 -> test2
[2025-07-16 20:50:57,228] [WARNING] [logger:66] - 新路径不存在，跳过迁移视频 18: workstore/test2/坚持的力量/output.mp4
[2025-07-16 20:50:57,228] [INFO] [logger:55] - 迁移视频 19: user6 -> test4
[2025-07-16 20:50:57,228] [WARNING] [logger:66] - 新路径不存在，跳过迁移视频 19: workstore/test4/白雪公主的故事/output.mp4
[2025-07-16 20:50:57,228] [INFO] [logger:55] - 迁移视频 26: user6 -> test4
[2025-07-16 20:50:57,228] [WARNING] [logger:66] - 新路径不存在，跳过迁移视频 26: workstore/test4/人性弱点智慧/output.mp4
[2025-07-16 20:50:57,228] [INFO] [logger:55] - 迁移视频 27: user6 -> test4
[2025-07-16 20:50:57,228] [WARNING] [logger:66] - 新路径不存在，跳过迁移视频 27: workstore/test4/达克效应之谜/output.mp4
[2025-07-16 20:50:57,228] [INFO] [logger:55] - 迁移视频 32: user6 -> test4
[2025-07-16 20:50:57,228] [WARNING] [logger:66] - 新路径不存在，跳过迁移视频 32: workstore/test4/《金刚经》第一品：法会因由分/output.mp4
[2025-07-16 20:50:57,228] [INFO] [logger:55] - 迁移视频 33: user6 -> test4
[2025-07-16 20:50:57,228] [WARNING] [logger:66] - 新路径不存在，跳过迁移视频 33: workstore/test4/《金刚经》第二品善现启请分/output.mp4
[2025-07-16 20:50:57,228] [INFO] [logger:55] - 迁移视频 34: user1 -> admin
[2025-07-16 20:50:57,228] [WARNING] [logger:66] - 新路径不存在，跳过迁移视频 34: workstore/admin/小红帽的森林奇遇/output.mp4
[2025-07-16 20:50:57,229] [INFO] [logger:55] - 迁移视频 35: user8 -> test9
[2025-07-16 20:50:57,229] [WARNING] [logger:66] - 新路径不存在，跳过迁移视频 35: workstore/test9/《金刚经》第五品 如理实见分/output.mp4
[2025-07-16 20:50:57,229] [INFO] [logger:55] - 迁移视频 36: user8 -> test9
[2025-07-16 20:50:57,229] [WARNING] [logger:66] - 新路径不存在，跳过迁移视频 36: workstore/test9/《金刚经》第六品 正信希有分/output.mp4
[2025-07-16 20:50:57,229] [INFO] [logger:55] - 迁移视频 37: user1 -> admin
[2025-07-16 20:50:57,229] [WARNING] [logger:66] - 新路径不存在，跳过迁移视频 37: workstore/admin/停止按钮背后的故事/output.mp4
[2025-07-16 20:50:57,229] [INFO] [logger:55] - 迁移视频 38: user1 -> admin
[2025-07-16 20:50:57,229] [WARNING] [logger:66] - 新路径不存在，跳过迁移视频 38: workstore/admin/《金刚经》第八品 依法出生分/output.mp4
[2025-07-16 20:50:57,229] [INFO] [logger:55] - 视频路径迁移完成，共迁移 0 个视频
[2025-07-16 20:50:57,230] [INFO] [logger:55] - 没有发现中断的任务
[2025-07-16 20:50:57,230] [INFO] [logger:55] - 任务恢复检查完成
[2025-07-16 20:50:57,230] [INFO] [logger:55] - 百速一键AI视频生成应用服务器已启动，监听端口: 5002
[2025-07-16 20:50:57,300] [INFO] [logger:55] - 百速一键AI视频生成应用正在启动... 时间: 2025-07-16 20:50:57
[2025-07-16 20:50:57,300] [INFO] [logger:55] - 正在初始化数据库...
[2025-07-16 20:50:57,902] [INFO] [logger:55] - 数据库初始化完成
[2025-07-16 20:50:57,902] [INFO] [logger:55] - 正在检查并恢复中断的任务...
[2025-07-16 20:50:57,902] [INFO] [logger:55] - 检查服务器启动时是否有中断的任务需要恢复...
[2025-07-16 20:50:57,902] [INFO] [logger:55] - 开始迁移视频路径...
[2025-07-16 20:50:57,908] [INFO] [logger:55] - 迁移视频 13: user1 -> admin
[2025-07-16 20:50:57,908] [WARNING] [logger:66] - 新路径不存在，跳过迁移视频 13: workstore/admin/纳什均衡解析/output.mp4
[2025-07-16 20:50:57,908] [INFO] [logger:55] - 迁移视频 15: user1 -> admin
[2025-07-16 20:50:57,908] [WARNING] [logger:66] - 新路径不存在，跳过迁移视频 15: workstore/admin/白雪公主的童话/output.mp4
[2025-07-16 20:50:57,909] [INFO] [logger:55] - 迁移视频 18: user3 -> test2
[2025-07-16 20:50:57,909] [WARNING] [logger:66] - 新路径不存在，跳过迁移视频 18: workstore/test2/坚持的力量/output.mp4
[2025-07-16 20:50:57,909] [INFO] [logger:55] - 迁移视频 19: user6 -> test4
[2025-07-16 20:50:57,909] [WARNING] [logger:66] - 新路径不存在，跳过迁移视频 19: workstore/test4/白雪公主的故事/output.mp4
[2025-07-16 20:50:57,909] [INFO] [logger:55] - 迁移视频 26: user6 -> test4
[2025-07-16 20:50:57,909] [WARNING] [logger:66] - 新路径不存在，跳过迁移视频 26: workstore/test4/人性弱点智慧/output.mp4
[2025-07-16 20:50:57,909] [INFO] [logger:55] - 迁移视频 27: user6 -> test4
[2025-07-16 20:50:57,909] [WARNING] [logger:66] - 新路径不存在，跳过迁移视频 27: workstore/test4/达克效应之谜/output.mp4
[2025-07-16 20:50:57,909] [INFO] [logger:55] - 迁移视频 32: user6 -> test4
[2025-07-16 20:50:57,909] [WARNING] [logger:66] - 新路径不存在，跳过迁移视频 32: workstore/test4/《金刚经》第一品：法会因由分/output.mp4
[2025-07-16 20:50:57,909] [INFO] [logger:55] - 迁移视频 33: user6 -> test4
[2025-07-16 20:50:57,909] [WARNING] [logger:66] - 新路径不存在，跳过迁移视频 33: workstore/test4/《金刚经》第二品善现启请分/output.mp4
[2025-07-16 20:50:57,910] [INFO] [logger:55] - 迁移视频 34: user1 -> admin
[2025-07-16 20:50:57,910] [WARNING] [logger:66] - 新路径不存在，跳过迁移视频 34: workstore/admin/小红帽的森林奇遇/output.mp4
[2025-07-16 20:50:57,910] [INFO] [logger:55] - 迁移视频 35: user8 -> test9
[2025-07-16 20:50:57,910] [WARNING] [logger:66] - 新路径不存在，跳过迁移视频 35: workstore/test9/《金刚经》第五品 如理实见分/output.mp4
[2025-07-16 20:50:57,910] [INFO] [logger:55] - 迁移视频 36: user8 -> test9
[2025-07-16 20:50:57,910] [WARNING] [logger:66] - 新路径不存在，跳过迁移视频 36: workstore/test9/《金刚经》第六品 正信希有分/output.mp4
[2025-07-16 20:50:57,910] [INFO] [logger:55] - 迁移视频 37: user1 -> admin
[2025-07-16 20:50:57,910] [WARNING] [logger:66] - 新路径不存在，跳过迁移视频 37: workstore/admin/停止按钮背后的故事/output.mp4
[2025-07-16 20:50:57,910] [INFO] [logger:55] - 迁移视频 38: user1 -> admin
[2025-07-16 20:50:57,910] [WARNING] [logger:66] - 新路径不存在，跳过迁移视频 38: workstore/admin/《金刚经》第八品 依法出生分/output.mp4
[2025-07-16 20:50:57,910] [INFO] [logger:55] - 视频路径迁移完成，共迁移 0 个视频
[2025-07-16 20:50:57,912] [INFO] [logger:55] - 没有发现中断的任务
[2025-07-16 20:50:57,912] [INFO] [logger:55] - 任务恢复检查完成
[2025-07-16 20:50:57,912] [INFO] [logger:55] - 百速一键AI视频生成应用服务器已启动，监听端口: 5002
[2025-07-16 20:53:49,388] [INFO] [logger:55] - 百速一键AI视频生成应用正在启动... 时间: 2025-07-16 20:53:49
[2025-07-16 20:53:49,388] [INFO] [logger:55] - 正在初始化数据库...
[2025-07-16 20:53:50,228] [INFO] [logger:55] - 数据库初始化完成
[2025-07-16 20:53:50,229] [INFO] [logger:55] - 正在检查并恢复中断的任务...
[2025-07-16 20:53:50,229] [INFO] [logger:55] - 检查服务器启动时是否有中断的任务需要恢复...
[2025-07-16 20:53:50,229] [INFO] [logger:55] - 开始迁移视频路径...
[2025-07-16 20:53:50,235] [INFO] [logger:55] - 迁移视频 13: user1 -> admin
[2025-07-16 20:53:50,235] [WARNING] [logger:66] - 新路径不存在，跳过迁移视频 13: workstore/admin/纳什均衡解析/output.mp4
[2025-07-16 20:53:50,235] [INFO] [logger:55] - 迁移视频 15: user1 -> admin
[2025-07-16 20:53:50,235] [WARNING] [logger:66] - 新路径不存在，跳过迁移视频 15: workstore/admin/白雪公主的童话/output.mp4
[2025-07-16 20:53:50,236] [INFO] [logger:55] - 迁移视频 18: user3 -> test2
[2025-07-16 20:53:50,236] [WARNING] [logger:66] - 新路径不存在，跳过迁移视频 18: workstore/test2/坚持的力量/output.mp4
[2025-07-16 20:53:50,236] [INFO] [logger:55] - 迁移视频 19: user6 -> test4
[2025-07-16 20:53:50,236] [WARNING] [logger:66] - 新路径不存在，跳过迁移视频 19: workstore/test4/白雪公主的故事/output.mp4
[2025-07-16 20:53:50,236] [INFO] [logger:55] - 迁移视频 26: user6 -> test4
[2025-07-16 20:53:50,236] [WARNING] [logger:66] - 新路径不存在，跳过迁移视频 26: workstore/test4/人性弱点智慧/output.mp4
[2025-07-16 20:53:50,236] [INFO] [logger:55] - 迁移视频 27: user6 -> test4
[2025-07-16 20:53:50,236] [WARNING] [logger:66] - 新路径不存在，跳过迁移视频 27: workstore/test4/达克效应之谜/output.mp4
[2025-07-16 20:53:50,236] [INFO] [logger:55] - 迁移视频 32: user6 -> test4
[2025-07-16 20:53:50,236] [WARNING] [logger:66] - 新路径不存在，跳过迁移视频 32: workstore/test4/《金刚经》第一品：法会因由分/output.mp4
[2025-07-16 20:53:50,236] [INFO] [logger:55] - 迁移视频 33: user6 -> test4
[2025-07-16 20:53:50,236] [WARNING] [logger:66] - 新路径不存在，跳过迁移视频 33: workstore/test4/《金刚经》第二品善现启请分/output.mp4
[2025-07-16 20:53:50,236] [INFO] [logger:55] - 迁移视频 34: user1 -> admin
[2025-07-16 20:53:50,236] [WARNING] [logger:66] - 新路径不存在，跳过迁移视频 34: workstore/admin/小红帽的森林奇遇/output.mp4
[2025-07-16 20:53:50,236] [INFO] [logger:55] - 迁移视频 35: user8 -> test9
[2025-07-16 20:53:50,236] [WARNING] [logger:66] - 新路径不存在，跳过迁移视频 35: workstore/test9/《金刚经》第五品 如理实见分/output.mp4
[2025-07-16 20:53:50,236] [INFO] [logger:55] - 迁移视频 36: user8 -> test9
[2025-07-16 20:53:50,236] [WARNING] [logger:66] - 新路径不存在，跳过迁移视频 36: workstore/test9/《金刚经》第六品 正信希有分/output.mp4
[2025-07-16 20:53:50,236] [INFO] [logger:55] - 迁移视频 37: user1 -> admin
[2025-07-16 20:53:50,236] [WARNING] [logger:66] - 新路径不存在，跳过迁移视频 37: workstore/admin/停止按钮背后的故事/output.mp4
[2025-07-16 20:53:50,237] [INFO] [logger:55] - 迁移视频 38: user1 -> admin
[2025-07-16 20:53:50,237] [WARNING] [logger:66] - 新路径不存在，跳过迁移视频 38: workstore/admin/《金刚经》第八品 依法出生分/output.mp4
[2025-07-16 20:53:50,237] [INFO] [logger:55] - 视频路径迁移完成，共迁移 0 个视频
[2025-07-16 20:53:50,238] [INFO] [logger:55] - 没有发现中断的任务
[2025-07-16 20:53:50,238] [INFO] [logger:55] - 任务恢复检查完成
[2025-07-16 20:53:50,238] [INFO] [logger:55] - 百速一键AI视频生成应用服务器已启动，监听端口: 5001
[2025-07-16 20:54:07,272] [INFO] [logger:55] - 百速一键AI视频生成应用正在启动... 时间: 2025-07-16 20:54:07
[2025-07-16 20:54:07,272] [INFO] [logger:55] - 正在初始化数据库...
[2025-07-16 20:54:07,871] [INFO] [logger:55] - 数据库初始化完成
[2025-07-16 20:54:07,871] [INFO] [logger:55] - 正在检查并恢复中断的任务...
[2025-07-16 20:54:07,871] [INFO] [logger:55] - 检查服务器启动时是否有中断的任务需要恢复...
[2025-07-16 20:54:07,871] [INFO] [logger:55] - 开始迁移视频路径...
[2025-07-16 20:54:07,878] [INFO] [logger:55] - 迁移视频 13: user1 -> admin
[2025-07-16 20:54:07,878] [WARNING] [logger:66] - 新路径不存在，跳过迁移视频 13: workstore/admin/纳什均衡解析/output.mp4
[2025-07-16 20:54:07,878] [INFO] [logger:55] - 迁移视频 15: user1 -> admin
[2025-07-16 20:54:07,878] [WARNING] [logger:66] - 新路径不存在，跳过迁移视频 15: workstore/admin/白雪公主的童话/output.mp4
[2025-07-16 20:54:07,878] [INFO] [logger:55] - 迁移视频 18: user3 -> test2
[2025-07-16 20:54:07,878] [WARNING] [logger:66] - 新路径不存在，跳过迁移视频 18: workstore/test2/坚持的力量/output.mp4
[2025-07-16 20:54:07,879] [INFO] [logger:55] - 迁移视频 19: user6 -> test4
[2025-07-16 20:54:07,879] [WARNING] [logger:66] - 新路径不存在，跳过迁移视频 19: workstore/test4/白雪公主的故事/output.mp4
[2025-07-16 20:54:07,879] [INFO] [logger:55] - 迁移视频 26: user6 -> test4
[2025-07-16 20:54:07,879] [WARNING] [logger:66] - 新路径不存在，跳过迁移视频 26: workstore/test4/人性弱点智慧/output.mp4
[2025-07-16 20:54:07,879] [INFO] [logger:55] - 迁移视频 27: user6 -> test4
[2025-07-16 20:54:07,879] [WARNING] [logger:66] - 新路径不存在，跳过迁移视频 27: workstore/test4/达克效应之谜/output.mp4
[2025-07-16 20:54:07,879] [INFO] [logger:55] - 迁移视频 32: user6 -> test4
[2025-07-16 20:54:07,879] [WARNING] [logger:66] - 新路径不存在，跳过迁移视频 32: workstore/test4/《金刚经》第一品：法会因由分/output.mp4
[2025-07-16 20:54:07,879] [INFO] [logger:55] - 迁移视频 33: user6 -> test4
[2025-07-16 20:54:07,879] [WARNING] [logger:66] - 新路径不存在，跳过迁移视频 33: workstore/test4/《金刚经》第二品善现启请分/output.mp4
[2025-07-16 20:54:07,879] [INFO] [logger:55] - 迁移视频 34: user1 -> admin
[2025-07-16 20:54:07,879] [WARNING] [logger:66] - 新路径不存在，跳过迁移视频 34: workstore/admin/小红帽的森林奇遇/output.mp4
[2025-07-16 20:54:07,879] [INFO] [logger:55] - 迁移视频 35: user8 -> test9
[2025-07-16 20:54:07,879] [WARNING] [logger:66] - 新路径不存在，跳过迁移视频 35: workstore/test9/《金刚经》第五品 如理实见分/output.mp4
[2025-07-16 20:54:07,879] [INFO] [logger:55] - 迁移视频 36: user8 -> test9
[2025-07-16 20:54:07,879] [WARNING] [logger:66] - 新路径不存在，跳过迁移视频 36: workstore/test9/《金刚经》第六品 正信希有分/output.mp4
[2025-07-16 20:54:07,879] [INFO] [logger:55] - 迁移视频 37: user1 -> admin
[2025-07-16 20:54:07,879] [WARNING] [logger:66] - 新路径不存在，跳过迁移视频 37: workstore/admin/停止按钮背后的故事/output.mp4
[2025-07-16 20:54:07,879] [INFO] [logger:55] - 迁移视频 38: user1 -> admin
[2025-07-16 20:54:07,879] [WARNING] [logger:66] - 新路径不存在，跳过迁移视频 38: workstore/admin/《金刚经》第八品 依法出生分/output.mp4
[2025-07-16 20:54:07,880] [INFO] [logger:55] - 视频路径迁移完成，共迁移 0 个视频
[2025-07-16 20:54:07,881] [INFO] [logger:55] - 没有发现中断的任务
[2025-07-16 20:54:07,881] [INFO] [logger:55] - 任务恢复检查完成
[2025-07-16 20:54:07,881] [INFO] [logger:55] - 百速一键AI视频生成应用服务器已启动，监听端口: 5001
[2025-07-16 20:54:07,950] [INFO] [logger:55] - 百速一键AI视频生成应用正在启动... 时间: 2025-07-16 20:54:07
[2025-07-16 20:54:07,950] [INFO] [logger:55] - 正在初始化数据库...
[2025-07-16 20:54:08,533] [INFO] [logger:55] - 数据库初始化完成
[2025-07-16 20:54:08,533] [INFO] [logger:55] - 正在检查并恢复中断的任务...
[2025-07-16 20:54:08,533] [INFO] [logger:55] - 检查服务器启动时是否有中断的任务需要恢复...
[2025-07-16 20:54:08,533] [INFO] [logger:55] - 开始迁移视频路径...
[2025-07-16 20:54:08,539] [INFO] [logger:55] - 迁移视频 13: user1 -> admin
[2025-07-16 20:54:08,539] [WARNING] [logger:66] - 新路径不存在，跳过迁移视频 13: workstore/admin/纳什均衡解析/output.mp4
[2025-07-16 20:54:08,539] [INFO] [logger:55] - 迁移视频 15: user1 -> admin
[2025-07-16 20:54:08,539] [WARNING] [logger:66] - 新路径不存在，跳过迁移视频 15: workstore/admin/白雪公主的童话/output.mp4
[2025-07-16 20:54:08,539] [INFO] [logger:55] - 迁移视频 18: user3 -> test2
[2025-07-16 20:54:08,539] [WARNING] [logger:66] - 新路径不存在，跳过迁移视频 18: workstore/test2/坚持的力量/output.mp4
[2025-07-16 20:54:08,539] [INFO] [logger:55] - 迁移视频 19: user6 -> test4
[2025-07-16 20:54:08,540] [WARNING] [logger:66] - 新路径不存在，跳过迁移视频 19: workstore/test4/白雪公主的故事/output.mp4
[2025-07-16 20:54:08,540] [INFO] [logger:55] - 迁移视频 26: user6 -> test4
[2025-07-16 20:54:08,540] [WARNING] [logger:66] - 新路径不存在，跳过迁移视频 26: workstore/test4/人性弱点智慧/output.mp4
[2025-07-16 20:54:08,540] [INFO] [logger:55] - 迁移视频 27: user6 -> test4
[2025-07-16 20:54:08,540] [WARNING] [logger:66] - 新路径不存在，跳过迁移视频 27: workstore/test4/达克效应之谜/output.mp4
[2025-07-16 20:54:08,540] [INFO] [logger:55] - 迁移视频 32: user6 -> test4
[2025-07-16 20:54:08,540] [WARNING] [logger:66] - 新路径不存在，跳过迁移视频 32: workstore/test4/《金刚经》第一品：法会因由分/output.mp4
[2025-07-16 20:54:08,540] [INFO] [logger:55] - 迁移视频 33: user6 -> test4
[2025-07-16 20:54:08,540] [WARNING] [logger:66] - 新路径不存在，跳过迁移视频 33: workstore/test4/《金刚经》第二品善现启请分/output.mp4
[2025-07-16 20:54:08,540] [INFO] [logger:55] - 迁移视频 34: user1 -> admin
[2025-07-16 20:54:08,540] [WARNING] [logger:66] - 新路径不存在，跳过迁移视频 34: workstore/admin/小红帽的森林奇遇/output.mp4
[2025-07-16 20:54:08,540] [INFO] [logger:55] - 迁移视频 35: user8 -> test9
[2025-07-16 20:54:08,540] [WARNING] [logger:66] - 新路径不存在，跳过迁移视频 35: workstore/test9/《金刚经》第五品 如理实见分/output.mp4
[2025-07-16 20:54:08,540] [INFO] [logger:55] - 迁移视频 36: user8 -> test9
[2025-07-16 20:54:08,540] [WARNING] [logger:66] - 新路径不存在，跳过迁移视频 36: workstore/test9/《金刚经》第六品 正信希有分/output.mp4
[2025-07-16 20:54:08,540] [INFO] [logger:55] - 迁移视频 37: user1 -> admin
[2025-07-16 20:54:08,540] [WARNING] [logger:66] - 新路径不存在，跳过迁移视频 37: workstore/admin/停止按钮背后的故事/output.mp4
[2025-07-16 20:54:08,540] [INFO] [logger:55] - 迁移视频 38: user1 -> admin
[2025-07-16 20:54:08,540] [WARNING] [logger:66] - 新路径不存在，跳过迁移视频 38: workstore/admin/《金刚经》第八品 依法出生分/output.mp4
[2025-07-16 20:54:08,540] [INFO] [logger:55] - 视频路径迁移完成，共迁移 0 个视频
[2025-07-16 20:54:08,541] [INFO] [logger:55] - 没有发现中断的任务
[2025-07-16 20:54:08,541] [INFO] [logger:55] - 任务恢复检查完成
[2025-07-16 20:54:08,541] [INFO] [logger:55] - 百速一键AI视频生成应用服务器已启动，监听端口: 5001
[2025-07-16 20:58:06,371] [INFO] [logger:55] - 用户 admin 生成视频扣除了 1 条额度，剩余 90 条
[2025-07-16 20:58:06,377] [INFO] [logger:55] - 用户 admin 的任务已加入队列，任务ID: 1
[2025-07-16 20:58:06,390] [INFO] [logger:55] - 开始处理用户 admin 的队列任务，任务ID: 1, 视频ID: 39
[2025-07-16 20:59:12,846] [INFO] [logger:55] - 用户 admin 生成视频扣除了 1 条额度，剩余 89 条
[2025-07-16 20:59:12,850] [INFO] [logger:55] - 用户 admin 的任务已加入队列，任务ID: 2
[2025-07-16 21:00:59,956] [INFO] [logger:55] - 用户 admin 查看我的视频页面，共 6 个视频
[2025-07-16 21:01:00,085] [INFO] [app:2383] - 请求 workstore 文件: user1/《金刚经》第八品 依法出生分/covers/cover_4:3.png
[2025-07-16 21:01:00,086] [INFO] [app:2383] - 请求 workstore 文件: user1/停止按钮背后的故事/covers/cover_4:3.png
[2025-07-16 21:01:00,089] [INFO] [app:2383] - 请求 workstore 文件: user1/小红帽的森林奇遇/covers/cover_4:3.png
[2025-07-16 21:01:00,092] [INFO] [app:2383] - 请求 workstore 文件: user1/纳什均衡解析/covers/cover_4:3.png
[2025-07-16 21:01:00,092] [INFO] [app:2383] - 请求 workstore 文件: user1/白雪公主的童话/covers/cover_4:3.png
[2025-07-16 21:03:45,088] [INFO] [logger:55] - 更新视频路径: workstore/admin/《金刚经》第二十五品 化无所化分/output.mp4
[2025-07-16 21:03:45,089] [INFO] [logger:55] - 更新封面路径: workstore/admin/《金刚经》第二十五品 化无所化分/covers/cover_4:3.png
[2025-07-16 21:03:45,091] [INFO] [logger:55] - 队列任务完成，任务ID: 1, 视频ID: 39
[2025-07-16 21:03:45,094] [INFO] [logger:55] - 开始处理用户 admin 的队列任务，任务ID: 2, 视频ID: 40
[2025-07-16 21:10:23,094] [INFO] [logger:55] - 更新视频路径: workstore/admin/《金刚经》第二十六品 法身非相分/output.mp4
[2025-07-16 21:10:23,094] [INFO] [logger:55] - 更新封面路径: workstore/admin/《金刚经》第二十六品 法身非相分/covers/cover_4:3.png
[2025-07-16 21:10:23,095] [INFO] [logger:55] - 队列任务完成，任务ID: 2, 视频ID: 40
[2025-07-16 21:13:44,207] [INFO] [logger:55] - 用户 admin 查看我的视频页面，共 7 个视频
[2025-07-16 21:13:44,468] [INFO] [app:2383] - 请求 workstore 文件: admin/《金刚经》第二十六品 法身非相分/covers/cover_4:3.png
[2025-07-16 21:13:44,469] [INFO] [app:2383] - 请求 workstore 文件: user1/停止按钮背后的故事/covers/cover_4:3.png
[2025-07-16 21:13:44,471] [INFO] [app:2383] - 请求 workstore 文件: admin/《金刚经》第二十五品 化无所化分/covers/cover_4:3.png
[2025-07-16 21:13:44,471] [INFO] [app:2383] - 请求 workstore 文件: user1/《金刚经》第八品 依法出生分/covers/cover_4:3.png
[2025-07-16 21:13:44,472] [INFO] [app:2383] - 请求 workstore 文件: user1/小红帽的森林奇遇/covers/cover_4:3.png
[2025-07-16 21:13:44,474] [INFO] [app:2383] - 请求 workstore 文件: user1/白雪公主的童话/covers/cover_4:3.png
[2025-07-16 21:13:44,485] [INFO] [app:2383] - 请求 workstore 文件: user1/纳什均衡解析/covers/cover_4:3.png
[2025-07-16 21:16:18,376] [INFO] [logger:55] - 用户 admin 查看我的视频页面，共 7 个视频
[2025-07-16 21:16:18,482] [INFO] [app:2383] - 请求 workstore 文件: user1/《金刚经》第八品 依法出生分/covers/cover_4:3.png
[2025-07-16 21:16:18,484] [INFO] [app:2383] - 请求 workstore 文件: admin/《金刚经》第二十六品 法身非相分/covers/cover_4:3.png
[2025-07-16 21:16:18,485] [INFO] [app:2383] - 请求 workstore 文件: admin/《金刚经》第二十五品 化无所化分/covers/cover_4:3.png
[2025-07-16 21:16:18,490] [INFO] [app:2383] - 请求 workstore 文件: user1/停止按钮背后的故事/covers/cover_4:3.png
[2025-07-16 21:16:18,491] [INFO] [app:2383] - 请求 workstore 文件: user1/白雪公主的童话/covers/cover_4:3.png
[2025-07-16 21:16:18,491] [INFO] [app:2383] - 请求 workstore 文件: user1/小红帽的森林奇遇/covers/cover_4:3.png
[2025-07-16 21:16:18,493] [INFO] [app:2383] - 请求 workstore 文件: user1/纳什均衡解析/covers/cover_4:3.png
[2025-07-16 21:16:40,255] [INFO] [logger:55] - 用户 admin 查看我的视频页面，共 7 个视频
[2025-07-16 21:16:40,354] [INFO] [app:2383] - 请求 workstore 文件: admin/《金刚经》第二十六品 法身非相分/covers/cover_4:3.png
[2025-07-16 21:16:40,357] [INFO] [app:2383] - 请求 workstore 文件: admin/《金刚经》第二十五品 化无所化分/covers/cover_4:3.png
[2025-07-16 21:16:40,357] [INFO] [app:2383] - 请求 workstore 文件: user1/《金刚经》第八品 依法出生分/covers/cover_4:3.png
[2025-07-16 21:16:40,359] [INFO] [app:2383] - 请求 workstore 文件: user1/停止按钮背后的故事/covers/cover_4:3.png
[2025-07-16 21:16:40,361] [INFO] [app:2383] - 请求 workstore 文件: user1/小红帽的森林奇遇/covers/cover_4:3.png
[2025-07-16 21:16:40,362] [INFO] [app:2383] - 请求 workstore 文件: user1/白雪公主的童话/covers/cover_4:3.png
[2025-07-16 21:16:40,368] [INFO] [app:2383] - 请求 workstore 文件: user1/纳什均衡解析/covers/cover_4:3.png
[2025-07-16 21:16:42,184] [INFO] [app:2383] - 请求 workstore 文件: admin/《金刚经》第二十六品 法身非相分/output.mp4
[2025-07-16 21:16:42,197] [INFO] [app:2383] - 请求 workstore 文件: admin/《金刚经》第二十六品 法身非相分/output.mp4
[2025-07-16 21:16:42,370] [INFO] [app:2383] - 请求 workstore 文件: admin/《金刚经》第二十六品 法身非相分/output.mp4
[2025-07-16 21:16:42,374] [INFO] [app:2383] - 请求 workstore 文件: admin/《金刚经》第二十六品 法身非相分/output.mp4
[2025-07-16 21:16:46,104] [INFO] [app:2383] - 请求 workstore 文件: admin/《金刚经》第二十六品 法身非相分/output.mp4
[2025-07-16 21:21:22,679] [INFO] [app:2383] - 请求 workstore 文件: admin/《金刚经》第二十五品 化无所化分/output.mp4
[2025-07-16 21:21:22,691] [INFO] [app:2383] - 请求 workstore 文件: admin/《金刚经》第二十五品 化无所化分/output.mp4
[2025-07-16 21:21:22,697] [INFO] [app:2383] - 请求 workstore 文件: admin/《金刚经》第二十五品 化无所化分/output.mp4
[2025-07-16 21:21:22,701] [INFO] [app:2383] - 请求 workstore 文件: admin/《金刚经》第二十五品 化无所化分/output.mp4
[2025-07-16 21:21:27,568] [INFO] [app:2383] - 请求 workstore 文件: admin/《金刚经》第二十五品 化无所化分/output.mp4
[2025-07-16 21:21:34,857] [INFO] [app:2383] - 请求 workstore 文件: admin/《金刚经》第二十五品 化无所化分/output.mp4
[2025-07-16 21:21:34,887] [INFO] [app:2383] - 请求 workstore 文件: admin/《金刚经》第二十五品 化无所化分/output.mp4
[2025-07-16 21:21:39,127] [INFO] [app:2383] - 请求 workstore 文件: admin/《金刚经》第二十五品 化无所化分/output.mp4
[2025-07-16 21:27:09,076] [INFO] [app:2301] - 用户 1 请求下载视频 40, 路径: workstore/admin/《金刚经》第二十六品 法身非相分/output.mp4
[2025-07-16 21:27:09,078] [INFO] [app:2328] - 解析的基础目录: workstore/admin/《金刚经》第二十六品 法身非相分
[2025-07-16 21:27:09,564] [INFO] [app:2342] - 已添加视频文件到ZIP: workstore/admin/《金刚经》第二十六品 法身非相分/output.mp4
[2025-07-16 21:27:09,579] [INFO] [app:2354] - 已添加封面文件到ZIP: workstore/admin/《金刚经》第二十六品 法身非相分/covers/cover_3:4.png
[2025-07-16 21:27:09,593] [INFO] [app:2354] - 已添加封面文件到ZIP: workstore/admin/《金刚经》第二十六品 法身非相分/covers/cover_4:3.png
[2025-07-16 21:27:09,593] [INFO] [app:2363] - 开始下载，文件名: video_40_20250716212709.zip
[2025-07-16 21:27:19,569] [INFO] [app:2301] - 用户 1 请求下载视频 39, 路径: workstore/admin/《金刚经》第二十五品 化无所化分/output.mp4
[2025-07-16 21:27:19,570] [INFO] [app:2328] - 解析的基础目录: workstore/admin/《金刚经》第二十五品 化无所化分
[2025-07-16 21:27:20,019] [INFO] [app:2342] - 已添加视频文件到ZIP: workstore/admin/《金刚经》第二十五品 化无所化分/output.mp4
[2025-07-16 21:27:20,034] [INFO] [app:2354] - 已添加封面文件到ZIP: workstore/admin/《金刚经》第二十五品 化无所化分/covers/cover_3:4.png
[2025-07-16 21:27:20,049] [INFO] [app:2354] - 已添加封面文件到ZIP: workstore/admin/《金刚经》第二十五品 化无所化分/covers/cover_4:3.png
[2025-07-16 21:27:20,049] [INFO] [app:2363] - 开始下载，文件名: video_39_20250716212720.zip
[2025-07-16 22:02:44,585] [INFO] [logger:55] - 百速一键AI视频生成应用正在启动... 时间: 2025-07-16 22:02:44
[2025-07-16 22:02:44,585] [INFO] [logger:55] - 正在初始化数据库...
[2025-07-16 22:02:45,561] [INFO] [logger:55] - 数据库初始化完成
[2025-07-16 22:02:45,561] [INFO] [logger:55] - 正在检查并恢复中断的任务...
[2025-07-16 22:02:45,562] [INFO] [logger:55] - 检查服务器启动时是否有中断的任务需要恢复...
[2025-07-16 22:02:45,568] [INFO] [logger:55] - 开始迁移视频路径...
[2025-07-16 22:02:45,569] [INFO] [logger:55] - 迁移视频 13: user1 -> admin
[2025-07-16 22:02:45,569] [WARNING] [logger:66] - 新路径不存在，跳过迁移视频 13: workstore/admin/纳什均衡解析/output.mp4
[2025-07-16 22:02:45,569] [INFO] [logger:55] - 迁移视频 15: user1 -> admin
[2025-07-16 22:02:45,569] [WARNING] [logger:66] - 新路径不存在，跳过迁移视频 15: workstore/admin/白雪公主的童话/output.mp4
[2025-07-16 22:02:45,569] [INFO] [logger:55] - 迁移视频 18: user3 -> test2
[2025-07-16 22:02:45,569] [WARNING] [logger:66] - 新路径不存在，跳过迁移视频 18: workstore/test2/坚持的力量/output.mp4
[2025-07-16 22:02:45,569] [INFO] [logger:55] - 迁移视频 19: user6 -> test4
[2025-07-16 22:02:45,569] [WARNING] [logger:66] - 新路径不存在，跳过迁移视频 19: workstore/test4/白雪公主的故事/output.mp4
[2025-07-16 22:02:45,569] [INFO] [logger:55] - 迁移视频 26: user6 -> test4
[2025-07-16 22:02:45,569] [WARNING] [logger:66] - 新路径不存在，跳过迁移视频 26: workstore/test4/人性弱点智慧/output.mp4
[2025-07-16 22:02:45,569] [INFO] [logger:55] - 迁移视频 27: user6 -> test4
[2025-07-16 22:02:45,569] [WARNING] [logger:66] - 新路径不存在，跳过迁移视频 27: workstore/test4/达克效应之谜/output.mp4
[2025-07-16 22:02:45,569] [INFO] [logger:55] - 迁移视频 32: user6 -> test4
[2025-07-16 22:02:45,569] [WARNING] [logger:66] - 新路径不存在，跳过迁移视频 32: workstore/test4/《金刚经》第一品：法会因由分/output.mp4
[2025-07-16 22:02:45,569] [INFO] [logger:55] - 迁移视频 33: user6 -> test4
[2025-07-16 22:02:45,569] [WARNING] [logger:66] - 新路径不存在，跳过迁移视频 33: workstore/test4/《金刚经》第二品善现启请分/output.mp4
[2025-07-16 22:02:45,570] [INFO] [logger:55] - 迁移视频 34: user1 -> admin
[2025-07-16 22:02:45,570] [WARNING] [logger:66] - 新路径不存在，跳过迁移视频 34: workstore/admin/小红帽的森林奇遇/output.mp4
[2025-07-16 22:02:45,570] [INFO] [logger:55] - 迁移视频 35: user8 -> test9
[2025-07-16 22:02:45,570] [WARNING] [logger:66] - 新路径不存在，跳过迁移视频 35: workstore/test9/《金刚经》第五品 如理实见分/output.mp4
[2025-07-16 22:02:45,570] [INFO] [logger:55] - 迁移视频 36: user8 -> test9
[2025-07-16 22:02:45,570] [WARNING] [logger:66] - 新路径不存在，跳过迁移视频 36: workstore/test9/《金刚经》第六品 正信希有分/output.mp4
[2025-07-16 22:02:45,570] [INFO] [logger:55] - 迁移视频 37: user1 -> admin
[2025-07-16 22:02:45,570] [WARNING] [logger:66] - 新路径不存在，跳过迁移视频 37: workstore/admin/停止按钮背后的故事/output.mp4
[2025-07-16 22:02:45,570] [INFO] [logger:55] - 迁移视频 38: user1 -> admin
[2025-07-16 22:02:45,570] [WARNING] [logger:66] - 新路径不存在，跳过迁移视频 38: workstore/admin/《金刚经》第八品 依法出生分/output.mp4
[2025-07-16 22:02:45,570] [INFO] [logger:55] - 视频路径迁移完成，共迁移 0 个视频
[2025-07-16 22:02:45,572] [INFO] [logger:55] - 没有发现中断的任务
[2025-07-16 22:02:45,572] [INFO] [logger:55] - 任务恢复检查完成
[2025-07-16 22:02:45,572] [INFO] [logger:55] - 百速一键AI视频生成应用服务器已启动，监听端口: 5001
[2025-07-16 22:02:45,645] [INFO] [logger:55] - 百速一键AI视频生成应用正在启动... 时间: 2025-07-16 22:02:45
[2025-07-16 22:02:45,645] [INFO] [logger:55] - 正在初始化数据库...
[2025-07-16 22:02:46,260] [INFO] [logger:55] - 数据库初始化完成
[2025-07-16 22:02:46,260] [INFO] [logger:55] - 正在检查并恢复中断的任务...
[2025-07-16 22:02:46,260] [INFO] [logger:55] - 检查服务器启动时是否有中断的任务需要恢复...
[2025-07-16 22:02:46,267] [INFO] [logger:55] - 开始迁移视频路径...
[2025-07-16 22:02:46,267] [INFO] [logger:55] - 迁移视频 13: user1 -> admin
[2025-07-16 22:02:46,267] [WARNING] [logger:66] - 新路径不存在，跳过迁移视频 13: workstore/admin/纳什均衡解析/output.mp4
[2025-07-16 22:02:46,267] [INFO] [logger:55] - 迁移视频 15: user1 -> admin
[2025-07-16 22:02:46,267] [WARNING] [logger:66] - 新路径不存在，跳过迁移视频 15: workstore/admin/白雪公主的童话/output.mp4
[2025-07-16 22:02:46,267] [INFO] [logger:55] - 迁移视频 18: user3 -> test2
[2025-07-16 22:02:46,267] [WARNING] [logger:66] - 新路径不存在，跳过迁移视频 18: workstore/test2/坚持的力量/output.mp4
[2025-07-16 22:02:46,267] [INFO] [logger:55] - 迁移视频 19: user6 -> test4
[2025-07-16 22:02:46,267] [WARNING] [logger:66] - 新路径不存在，跳过迁移视频 19: workstore/test4/白雪公主的故事/output.mp4
[2025-07-16 22:02:46,267] [INFO] [logger:55] - 迁移视频 26: user6 -> test4
[2025-07-16 22:02:46,267] [WARNING] [logger:66] - 新路径不存在，跳过迁移视频 26: workstore/test4/人性弱点智慧/output.mp4
[2025-07-16 22:02:46,267] [INFO] [logger:55] - 迁移视频 27: user6 -> test4
[2025-07-16 22:02:46,267] [WARNING] [logger:66] - 新路径不存在，跳过迁移视频 27: workstore/test4/达克效应之谜/output.mp4
[2025-07-16 22:02:46,267] [INFO] [logger:55] - 迁移视频 32: user6 -> test4
[2025-07-16 22:02:46,267] [WARNING] [logger:66] - 新路径不存在，跳过迁移视频 32: workstore/test4/《金刚经》第一品：法会因由分/output.mp4
[2025-07-16 22:02:46,267] [INFO] [logger:55] - 迁移视频 33: user6 -> test4
[2025-07-16 22:02:46,267] [WARNING] [logger:66] - 新路径不存在，跳过迁移视频 33: workstore/test4/《金刚经》第二品善现启请分/output.mp4
[2025-07-16 22:02:46,267] [INFO] [logger:55] - 迁移视频 34: user1 -> admin
[2025-07-16 22:02:46,267] [WARNING] [logger:66] - 新路径不存在，跳过迁移视频 34: workstore/admin/小红帽的森林奇遇/output.mp4
[2025-07-16 22:02:46,268] [INFO] [logger:55] - 迁移视频 35: user8 -> test9
[2025-07-16 22:02:46,268] [WARNING] [logger:66] - 新路径不存在，跳过迁移视频 35: workstore/test9/《金刚经》第五品 如理实见分/output.mp4
[2025-07-16 22:02:46,268] [INFO] [logger:55] - 迁移视频 36: user8 -> test9
[2025-07-16 22:02:46,268] [WARNING] [logger:66] - 新路径不存在，跳过迁移视频 36: workstore/test9/《金刚经》第六品 正信希有分/output.mp4
[2025-07-16 22:02:46,268] [INFO] [logger:55] - 迁移视频 37: user1 -> admin
[2025-07-16 22:02:46,268] [WARNING] [logger:66] - 新路径不存在，跳过迁移视频 37: workstore/admin/停止按钮背后的故事/output.mp4
[2025-07-16 22:02:46,268] [INFO] [logger:55] - 迁移视频 38: user1 -> admin
[2025-07-16 22:02:46,268] [WARNING] [logger:66] - 新路径不存在，跳过迁移视频 38: workstore/admin/《金刚经》第八品 依法出生分/output.mp4
[2025-07-16 22:02:46,268] [INFO] [logger:55] - 视频路径迁移完成，共迁移 0 个视频
[2025-07-16 22:02:46,269] [INFO] [logger:55] - 没有发现中断的任务
[2025-07-16 22:02:46,269] [INFO] [logger:55] - 任务恢复检查完成
[2025-07-16 22:02:46,269] [INFO] [logger:55] - 百速一键AI视频生成应用服务器已启动，监听端口: 5001
[2025-07-16 22:06:12,680] [INFO] [logger:55] - 正在检查并恢复中断的任务...
[2025-07-16 22:06:12,680] [INFO] [logger:55] - 检查服务器启动时是否有中断的任务需要恢复...
[2025-07-16 22:06:12,683] [INFO] [logger:55] - 开始迁移视频路径...
[2025-07-16 22:06:12,683] [INFO] [logger:55] - 迁移视频 13: user1 -> admin
[2025-07-16 22:06:12,683] [WARNING] [logger:66] - 新路径不存在，跳过迁移视频 13: workstore/admin/纳什均衡解析/output.mp4
[2025-07-16 22:06:12,683] [INFO] [logger:55] - 迁移视频 15: user1 -> admin
[2025-07-16 22:06:12,683] [WARNING] [logger:66] - 新路径不存在，跳过迁移视频 15: workstore/admin/白雪公主的童话/output.mp4
[2025-07-16 22:06:12,683] [INFO] [logger:55] - 迁移视频 18: user3 -> test2
[2025-07-16 22:06:12,683] [WARNING] [logger:66] - 新路径不存在，跳过迁移视频 18: workstore/test2/坚持的力量/output.mp4
[2025-07-16 22:06:12,683] [INFO] [logger:55] - 迁移视频 19: user6 -> test4
[2025-07-16 22:06:12,683] [WARNING] [logger:66] - 新路径不存在，跳过迁移视频 19: workstore/test4/白雪公主的故事/output.mp4
[2025-07-16 22:06:12,683] [INFO] [logger:55] - 迁移视频 26: user6 -> test4
[2025-07-16 22:06:12,683] [WARNING] [logger:66] - 新路径不存在，跳过迁移视频 26: workstore/test4/人性弱点智慧/output.mp4
[2025-07-16 22:06:12,683] [INFO] [logger:55] - 迁移视频 27: user6 -> test4
[2025-07-16 22:06:12,683] [WARNING] [logger:66] - 新路径不存在，跳过迁移视频 27: workstore/test4/达克效应之谜/output.mp4
[2025-07-16 22:06:12,683] [INFO] [logger:55] - 迁移视频 32: user6 -> test4
[2025-07-16 22:06:12,683] [WARNING] [logger:66] - 新路径不存在，跳过迁移视频 32: workstore/test4/《金刚经》第一品：法会因由分/output.mp4
[2025-07-16 22:06:12,683] [INFO] [logger:55] - 迁移视频 33: user6 -> test4
[2025-07-16 22:06:12,683] [WARNING] [logger:66] - 新路径不存在，跳过迁移视频 33: workstore/test4/《金刚经》第二品善现启请分/output.mp4
[2025-07-16 22:06:12,684] [INFO] [logger:55] - 迁移视频 34: user1 -> admin
[2025-07-16 22:06:12,684] [WARNING] [logger:66] - 新路径不存在，跳过迁移视频 34: workstore/admin/小红帽的森林奇遇/output.mp4
[2025-07-16 22:06:12,684] [INFO] [logger:55] - 迁移视频 35: user8 -> test9
[2025-07-16 22:06:12,684] [WARNING] [logger:66] - 新路径不存在，跳过迁移视频 35: workstore/test9/《金刚经》第五品 如理实见分/output.mp4
[2025-07-16 22:06:12,684] [INFO] [logger:55] - 迁移视频 36: user8 -> test9
[2025-07-16 22:06:12,684] [WARNING] [logger:66] - 新路径不存在，跳过迁移视频 36: workstore/test9/《金刚经》第六品 正信希有分/output.mp4
[2025-07-16 22:06:12,684] [INFO] [logger:55] - 迁移视频 37: user1 -> admin
[2025-07-16 22:06:12,684] [WARNING] [logger:66] - 新路径不存在，跳过迁移视频 37: workstore/admin/停止按钮背后的故事/output.mp4
[2025-07-16 22:06:12,684] [INFO] [logger:55] - 迁移视频 38: user1 -> admin
[2025-07-16 22:06:12,684] [WARNING] [logger:66] - 新路径不存在，跳过迁移视频 38: workstore/admin/《金刚经》第八品 依法出生分/output.mp4
[2025-07-16 22:06:12,684] [INFO] [logger:55] - 视频路径迁移完成，共迁移 0 个视频
[2025-07-16 22:06:12,685] [INFO] [logger:55] - 没有发现中断的任务
[2025-07-16 22:06:12,685] [INFO] [logger:55] - 任务恢复检查完成
[2025-07-16 22:06:31,480] [INFO] [logger:55] - 用户 admin 查看我的视频页面，共 7 个视频
[2025-07-16 22:06:31,589] [INFO] [app:2396] - 请求 workstore 文件: admin/《金刚经》第二十五品 化无所化分/covers/cover_4:3.png
[2025-07-16 22:06:31,590] [INFO] [app:2396] - 请求 workstore 文件: admin/《金刚经》第二十六品 法身非相分/covers/cover_4:3.png
[2025-07-16 22:06:31,590] [INFO] [app:2396] - 请求 workstore 文件: user1/停止按钮背后的故事/covers/cover_4:3.png
[2025-07-16 22:06:31,592] [INFO] [app:2396] - 请求 workstore 文件: user1/《金刚经》第八品 依法出生分/covers/cover_4:3.png
[2025-07-16 22:06:31,592] [INFO] [app:2396] - 请求 workstore 文件: user1/小红帽的森林奇遇/covers/cover_4:3.png
[2025-07-16 22:06:31,592] [INFO] [app:2396] - 请求 workstore 文件: user1/白雪公主的童话/covers/cover_4:3.png
[2025-07-16 22:06:31,597] [INFO] [app:2396] - 请求 workstore 文件: user1/纳什均衡解析/covers/cover_4:3.png
[2025-07-16 22:06:36,215] [INFO] [logger:55] - 用户 admin 查看我的视频页面，共 7 个视频
[2025-07-16 22:06:36,308] [INFO] [app:2396] - 请求 workstore 文件: admin/《金刚经》第二十六品 法身非相分/covers/cover_4:3.png
[2025-07-16 22:06:36,308] [INFO] [app:2396] - 请求 workstore 文件: admin/《金刚经》第二十五品 化无所化分/covers/cover_4:3.png
[2025-07-16 22:06:36,310] [INFO] [app:2396] - 请求 workstore 文件: user1/《金刚经》第八品 依法出生分/covers/cover_4:3.png
[2025-07-16 22:06:36,310] [INFO] [app:2396] - 请求 workstore 文件: user1/停止按钮背后的故事/covers/cover_4:3.png
[2025-07-16 22:06:36,313] [INFO] [app:2396] - 请求 workstore 文件: user1/小红帽的森林奇遇/covers/cover_4:3.png
[2025-07-16 22:06:36,313] [INFO] [app:2396] - 请求 workstore 文件: user1/白雪公主的童话/covers/cover_4:3.png
[2025-07-16 22:06:36,319] [INFO] [app:2396] - 请求 workstore 文件: user1/纳什均衡解析/covers/cover_4:3.png
[2025-07-16 22:06:52,544] [INFO] [logger:55] - 用户 admin 查看我的视频页面，共 7 个视频
[2025-07-16 22:06:52,651] [INFO] [app:2396] - 请求 workstore 文件: admin/《金刚经》第二十六品 法身非相分/covers/cover_4:3.png
[2025-07-16 22:06:52,652] [INFO] [app:2396] - 请求 workstore 文件: admin/《金刚经》第二十五品 化无所化分/covers/cover_4:3.png
[2025-07-16 22:06:52,655] [INFO] [app:2396] - 请求 workstore 文件: user1/白雪公主的童话/covers/cover_4:3.png
[2025-07-16 22:06:52,659] [INFO] [app:2396] - 请求 workstore 文件: user1/《金刚经》第八品 依法出生分/covers/cover_4:3.png
[2025-07-16 22:06:52,660] [INFO] [app:2396] - 请求 workstore 文件: user1/停止按钮背后的故事/covers/cover_4:3.png
[2025-07-16 22:06:52,660] [INFO] [app:2396] - 请求 workstore 文件: user1/小红帽的森林奇遇/covers/cover_4:3.png
[2025-07-16 22:06:52,665] [INFO] [app:2396] - 请求 workstore 文件: user1/纳什均衡解析/covers/cover_4:3.png
[2025-07-16 22:07:41,932] [INFO] [logger:55] - 用户 admin 生成视频扣除了 1 条额度，剩余 88 条
[2025-07-16 22:07:41,938] [INFO] [logger:55] - 用户 admin 的任务已加入队列，任务ID: 3
[2025-07-16 22:07:41,949] [INFO] [logger:55] - 开始处理用户 admin 的队列任务，任务ID: 3, 视频ID: 41
[2025-07-16 22:08:51,079] [INFO] [logger:55] - 用户 admin 生成视频扣除了 1 条额度，剩余 87 条
[2025-07-16 22:08:51,082] [INFO] [logger:55] - 用户 admin 的任务已加入队列，任务ID: 4
[2025-07-16 22:10:13,580] [INFO] [logger:55] - 用户 admin 生成视频扣除了 1 条额度，剩余 86 条
[2025-07-16 22:10:13,583] [INFO] [logger:55] - 用户 admin 的任务已加入队列，任务ID: 4
[2025-07-17 08:32:16,635] [INFO] [logger:55] - 正在检查并恢复中断的任务...
[2025-07-17 08:32:16,635] [INFO] [logger:55] - 检查服务器启动时是否有中断的任务需要恢复...
[2025-07-17 08:32:16,639] [INFO] [logger:55] - 开始迁移视频路径...
[2025-07-17 08:32:16,639] [INFO] [logger:55] - 迁移视频 13: user1 -> admin
[2025-07-17 08:32:16,639] [WARNING] [logger:66] - 新路径不存在，跳过迁移视频 13: workstore/admin/纳什均衡解析/output.mp4
[2025-07-17 08:32:16,639] [INFO] [logger:55] - 迁移视频 15: user1 -> admin
[2025-07-17 08:32:16,639] [WARNING] [logger:66] - 新路径不存在，跳过迁移视频 15: workstore/admin/白雪公主的童话/output.mp4
[2025-07-17 08:32:16,639] [INFO] [logger:55] - 迁移视频 18: user3 -> test2
[2025-07-17 08:32:16,639] [WARNING] [logger:66] - 新路径不存在，跳过迁移视频 18: workstore/test2/坚持的力量/output.mp4
[2025-07-17 08:32:16,640] [INFO] [logger:55] - 迁移视频 19: user6 -> test4
[2025-07-17 08:32:16,640] [WARNING] [logger:66] - 新路径不存在，跳过迁移视频 19: workstore/test4/白雪公主的故事/output.mp4
[2025-07-17 08:32:16,640] [INFO] [logger:55] - 迁移视频 26: user6 -> test4
[2025-07-17 08:32:16,640] [WARNING] [logger:66] - 新路径不存在，跳过迁移视频 26: workstore/test4/人性弱点智慧/output.mp4
[2025-07-17 08:32:16,640] [INFO] [logger:55] - 迁移视频 27: user6 -> test4
[2025-07-17 08:32:16,640] [WARNING] [logger:66] - 新路径不存在，跳过迁移视频 27: workstore/test4/达克效应之谜/output.mp4
[2025-07-17 08:32:16,640] [INFO] [logger:55] - 迁移视频 32: user6 -> test4
[2025-07-17 08:32:16,640] [WARNING] [logger:66] - 新路径不存在，跳过迁移视频 32: workstore/test4/《金刚经》第一品：法会因由分/output.mp4
[2025-07-17 08:32:16,640] [INFO] [logger:55] - 迁移视频 33: user6 -> test4
[2025-07-17 08:32:16,640] [WARNING] [logger:66] - 新路径不存在，跳过迁移视频 33: workstore/test4/《金刚经》第二品善现启请分/output.mp4
[2025-07-17 08:32:16,641] [INFO] [logger:55] - 迁移视频 34: user1 -> admin
[2025-07-17 08:32:16,641] [WARNING] [logger:66] - 新路径不存在，跳过迁移视频 34: workstore/admin/小红帽的森林奇遇/output.mp4
[2025-07-17 08:32:16,641] [INFO] [logger:55] - 迁移视频 35: user8 -> test9
[2025-07-17 08:32:16,641] [WARNING] [logger:66] - 新路径不存在，跳过迁移视频 35: workstore/test9/《金刚经》第五品 如理实见分/output.mp4
[2025-07-17 08:32:16,641] [INFO] [logger:55] - 迁移视频 36: user8 -> test9
[2025-07-17 08:32:16,641] [WARNING] [logger:66] - 新路径不存在，跳过迁移视频 36: workstore/test9/《金刚经》第六品 正信希有分/output.mp4
[2025-07-17 08:32:16,641] [INFO] [logger:55] - 迁移视频 37: user1 -> admin
[2025-07-17 08:32:16,641] [WARNING] [logger:66] - 新路径不存在，跳过迁移视频 37: workstore/admin/停止按钮背后的故事/output.mp4
[2025-07-17 08:32:16,642] [INFO] [logger:55] - 迁移视频 38: user1 -> admin
[2025-07-17 08:32:16,642] [WARNING] [logger:66] - 新路径不存在，跳过迁移视频 38: workstore/admin/《金刚经》第八品 依法出生分/output.mp4
[2025-07-17 08:32:16,642] [INFO] [logger:55] - 视频路径迁移完成，共迁移 0 个视频
[2025-07-17 08:32:16,643] [INFO] [logger:55] - 发现 1 个中断的任务，开始恢复...
[2025-07-17 08:32:16,644] [INFO] [logger:55] - 重置视频ID 41 状态为pending
[2025-07-17 08:32:16,646] [INFO] [logger:55] - 恢复任务 3，用户 1，标题: “金刚经 第二十七品 无断无灭分

须菩提。汝若作是念。...
[2025-07-17 08:32:16,646] [INFO] [logger:55] - 任务 3 已重新启动
[2025-07-17 08:32:16,646] [INFO] [logger:55] - 任务恢复完成
[2025-07-17 08:32:16,647] [INFO] [logger:55] - 任务恢复检查完成
[2025-07-17 08:32:16,653] [INFO] [logger:55] - 开始处理用户 admin 的队列任务，任务ID: 3, 视频ID: 42
[2025-07-17 08:32:17,570] [INFO] [logger:55] - 正在检查并恢复中断的任务...
[2025-07-17 08:32:17,570] [INFO] [logger:55] - 检查服务器启动时是否有中断的任务需要恢复...
[2025-07-17 08:32:17,573] [INFO] [logger:55] - 开始迁移视频路径...
[2025-07-17 08:32:17,573] [INFO] [logger:55] - 迁移视频 13: user1 -> admin
[2025-07-17 08:32:17,573] [WARNING] [logger:66] - 新路径不存在，跳过迁移视频 13: workstore/admin/纳什均衡解析/output.mp4
[2025-07-17 08:32:17,573] [INFO] [logger:55] - 迁移视频 15: user1 -> admin
[2025-07-17 08:32:17,573] [WARNING] [logger:66] - 新路径不存在，跳过迁移视频 15: workstore/admin/白雪公主的童话/output.mp4
[2025-07-17 08:32:17,574] [INFO] [logger:55] - 迁移视频 18: user3 -> test2
[2025-07-17 08:32:17,574] [WARNING] [logger:66] - 新路径不存在，跳过迁移视频 18: workstore/test2/坚持的力量/output.mp4
[2025-07-17 08:32:17,574] [INFO] [logger:55] - 迁移视频 19: user6 -> test4
[2025-07-17 08:32:17,574] [WARNING] [logger:66] - 新路径不存在，跳过迁移视频 19: workstore/test4/白雪公主的故事/output.mp4
[2025-07-17 08:32:17,574] [INFO] [logger:55] - 迁移视频 26: user6 -> test4
[2025-07-17 08:32:17,574] [WARNING] [logger:66] - 新路径不存在，跳过迁移视频 26: workstore/test4/人性弱点智慧/output.mp4
[2025-07-17 08:32:17,574] [INFO] [logger:55] - 迁移视频 27: user6 -> test4
[2025-07-17 08:32:17,574] [WARNING] [logger:66] - 新路径不存在，跳过迁移视频 27: workstore/test4/达克效应之谜/output.mp4
[2025-07-17 08:32:17,574] [INFO] [logger:55] - 迁移视频 32: user6 -> test4
[2025-07-17 08:32:17,574] [WARNING] [logger:66] - 新路径不存在，跳过迁移视频 32: workstore/test4/《金刚经》第一品：法会因由分/output.mp4
[2025-07-17 08:32:17,574] [INFO] [logger:55] - 迁移视频 33: user6 -> test4
[2025-07-17 08:32:17,574] [WARNING] [logger:66] - 新路径不存在，跳过迁移视频 33: workstore/test4/《金刚经》第二品善现启请分/output.mp4
[2025-07-17 08:32:17,575] [INFO] [logger:55] - 迁移视频 34: user1 -> admin
[2025-07-17 08:32:17,575] [WARNING] [logger:66] - 新路径不存在，跳过迁移视频 34: workstore/admin/小红帽的森林奇遇/output.mp4
[2025-07-17 08:32:17,575] [INFO] [logger:55] - 迁移视频 35: user8 -> test9
[2025-07-17 08:32:17,575] [WARNING] [logger:66] - 新路径不存在，跳过迁移视频 35: workstore/test9/《金刚经》第五品 如理实见分/output.mp4
[2025-07-17 08:32:17,575] [INFO] [logger:55] - 迁移视频 36: user8 -> test9
[2025-07-17 08:32:17,575] [WARNING] [logger:66] - 新路径不存在，跳过迁移视频 36: workstore/test9/《金刚经》第六品 正信希有分/output.mp4
[2025-07-17 08:32:17,575] [INFO] [logger:55] - 迁移视频 37: user1 -> admin
[2025-07-17 08:32:17,575] [WARNING] [logger:66] - 新路径不存在，跳过迁移视频 37: workstore/admin/停止按钮背后的故事/output.mp4
[2025-07-17 08:32:17,576] [INFO] [logger:55] - 迁移视频 38: user1 -> admin
[2025-07-17 08:32:17,576] [WARNING] [logger:66] - 新路径不存在，跳过迁移视频 38: workstore/admin/《金刚经》第八品 依法出生分/output.mp4
[2025-07-17 08:32:17,576] [INFO] [logger:55] - 视频路径迁移完成，共迁移 0 个视频
[2025-07-17 08:32:17,577] [INFO] [logger:55] - 发现 1 个中断的任务，开始恢复...
[2025-07-17 08:32:17,579] [INFO] [logger:55] - 重置视频ID 42 状态为pending
[2025-07-17 08:32:17,580] [INFO] [logger:55] - 恢复任务 3，用户 1，标题: “金刚经 第二十七品 无断无灭分

须菩提。汝若作是念。...
[2025-07-17 08:32:17,580] [INFO] [logger:55] - 任务 3 已重新启动
[2025-07-17 08:32:17,580] [INFO] [logger:55] - 任务恢复完成
[2025-07-17 08:32:17,580] [INFO] [logger:55] - 任务恢复检查完成
[2025-07-17 08:32:17,587] [INFO] [logger:55] - 开始处理用户 admin 的队列任务，任务ID: 3, 视频ID: 43
[2025-07-17 08:32:43,950] [INFO] [logger:55] - 用户 admin 查看我的视频页面，共 10 个视频
[2025-07-17 08:32:44,133] [INFO] [app:2396] - 请求 workstore 文件: admin/《金刚经》第二十六品 法身非相分/covers/cover_4:3.png
[2025-07-17 08:32:44,133] [INFO] [app:2396] - 请求 workstore 文件: user1/小红帽的森林奇遇/covers/cover_4:3.png
[2025-07-17 08:32:44,133] [INFO] [app:2396] - 请求 workstore 文件: admin/《金刚经》第二十五品 化无所化分/covers/cover_4:3.png
[2025-07-17 08:32:44,136] [INFO] [app:2396] - 请求 workstore 文件: user1/停止按钮背后的故事/covers/cover_4:3.png
[2025-07-17 08:32:44,140] [INFO] [app:2396] - 请求 workstore 文件: user1/《金刚经》第八品 依法出生分/covers/cover_4:3.png
[2025-07-17 08:32:44,150] [INFO] [app:2396] - 请求 workstore 文件: user1/白雪公主的童话/covers/cover_4:3.png
[2025-07-17 08:32:44,151] [INFO] [app:2396] - 请求 workstore 文件: user1/纳什均衡解析/covers/cover_4:3.png
[2025-07-17 08:33:02,018] [INFO] [logger:55] - 用户 admin 查看我的视频页面，共 10 个视频
[2025-07-17 08:33:02,185] [INFO] [app:2396] - 请求 workstore 文件: user1/《金刚经》第八品 依法出生分/covers/cover_4:3.png
[2025-07-17 08:33:02,190] [INFO] [app:2396] - 请求 workstore 文件: admin/《金刚经》第二十六品 法身非相分/covers/cover_4:3.png
[2025-07-17 08:33:02,205] [INFO] [app:2396] - 请求 workstore 文件: admin/《金刚经》第二十五品 化无所化分/covers/cover_4:3.png
[2025-07-17 08:33:02,209] [INFO] [app:2396] - 请求 workstore 文件: user1/停止按钮背后的故事/covers/cover_4:3.png
[2025-07-17 08:33:02,215] [INFO] [app:2396] - 请求 workstore 文件: user1/小红帽的森林奇遇/covers/cover_4:3.png
[2025-07-17 08:33:02,218] [INFO] [app:2396] - 请求 workstore 文件: user1/白雪公主的童话/covers/cover_4:3.png
[2025-07-17 08:33:02,220] [INFO] [app:2396] - 请求 workstore 文件: user1/纳什均衡解析/covers/cover_4:3.png
[2025-07-17 08:39:08,326] [INFO] [logger:55] - 更新视频路径: workstore/admin/《金刚经》无断无灭分/output.mp4
[2025-07-17 08:39:08,326] [INFO] [logger:55] - 更新封面路径: workstore/admin/《金刚经》无断无灭分/covers/cover_4:3.png
[2025-07-17 08:39:08,328] [INFO] [logger:55] - 队列任务完成，任务ID: 3, 视频ID: 43
[2025-07-17 09:57:25,606] [INFO] [logger:55] - 用户 admin 查看我的视频页面，共 8 个视频
[2025-07-17 09:57:25,800] [INFO] [app:2396] - 请求 workstore 文件: admin/《金刚经》第二十六品 法身非相分/covers/cover_4:3.png
[2025-07-17 09:57:25,803] [INFO] [app:2396] - 请求 workstore 文件: admin/《金刚经》无断无灭分/covers/cover_4:3.png
[2025-07-17 09:57:25,804] [INFO] [app:2396] - 请求 workstore 文件: admin/《金刚经》第二十五品 化无所化分/covers/cover_4:3.png
[2025-07-17 09:57:25,807] [INFO] [app:2396] - 请求 workstore 文件: user1/小红帽的森林奇遇/covers/cover_4:3.png
[2025-07-17 09:57:25,812] [INFO] [app:2396] - 请求 workstore 文件: user1/《金刚经》第八品 依法出生分/covers/cover_4:3.png
[2025-07-17 09:57:25,820] [INFO] [app:2396] - 请求 workstore 文件: user1/停止按钮背后的故事/covers/cover_4:3.png
[2025-07-17 09:57:25,822] [INFO] [app:2396] - 请求 workstore 文件: user1/白雪公主的童话/covers/cover_4:3.png
[2025-07-17 09:57:25,824] [INFO] [app:2396] - 请求 workstore 文件: user1/纳什均衡解析/covers/cover_4:3.png
[2025-07-17 10:27:03,909] [INFO] [logger:55] - 正在检查并恢复中断的任务...
[2025-07-17 10:27:03,909] [INFO] [logger:55] - 检查服务器启动时是否有中断的任务需要恢复...
[2025-07-17 10:27:03,912] [INFO] [logger:55] - 开始迁移视频路径...
[2025-07-17 10:27:03,912] [INFO] [logger:55] - 迁移视频 13: user1 -> admin
[2025-07-17 10:27:03,912] [WARNING] [logger:66] - 新路径不存在，跳过迁移视频 13: workstore/admin/纳什均衡解析/output.mp4
[2025-07-17 10:27:03,912] [INFO] [logger:55] - 迁移视频 15: user1 -> admin
[2025-07-17 10:27:03,912] [WARNING] [logger:66] - 新路径不存在，跳过迁移视频 15: workstore/admin/白雪公主的童话/output.mp4
[2025-07-17 10:27:03,912] [INFO] [logger:55] - 迁移视频 18: user3 -> test2
[2025-07-17 10:27:03,912] [WARNING] [logger:66] - 新路径不存在，跳过迁移视频 18: workstore/test2/坚持的力量/output.mp4
[2025-07-17 10:27:03,913] [INFO] [logger:55] - 迁移视频 19: user6 -> test4
[2025-07-17 10:27:03,913] [WARNING] [logger:66] - 新路径不存在，跳过迁移视频 19: workstore/test4/白雪公主的故事/output.mp4
[2025-07-17 10:27:03,913] [INFO] [logger:55] - 迁移视频 26: user6 -> test4
[2025-07-17 10:27:03,913] [WARNING] [logger:66] - 新路径不存在，跳过迁移视频 26: workstore/test4/人性弱点智慧/output.mp4
[2025-07-17 10:27:03,913] [INFO] [logger:55] - 迁移视频 27: user6 -> test4
[2025-07-17 10:27:03,913] [WARNING] [logger:66] - 新路径不存在，跳过迁移视频 27: workstore/test4/达克效应之谜/output.mp4
[2025-07-17 10:27:03,913] [INFO] [logger:55] - 迁移视频 32: user6 -> test4
[2025-07-17 10:27:03,913] [WARNING] [logger:66] - 新路径不存在，跳过迁移视频 32: workstore/test4/《金刚经》第一品：法会因由分/output.mp4
[2025-07-17 10:27:03,913] [INFO] [logger:55] - 迁移视频 33: user6 -> test4
[2025-07-17 10:27:03,913] [WARNING] [logger:66] - 新路径不存在，跳过迁移视频 33: workstore/test4/《金刚经》第二品善现启请分/output.mp4
[2025-07-17 10:27:03,914] [INFO] [logger:55] - 迁移视频 34: user1 -> admin
[2025-07-17 10:27:03,914] [WARNING] [logger:66] - 新路径不存在，跳过迁移视频 34: workstore/admin/小红帽的森林奇遇/output.mp4
[2025-07-17 10:27:03,914] [INFO] [logger:55] - 迁移视频 35: user8 -> test9
[2025-07-17 10:27:03,914] [WARNING] [logger:66] - 新路径不存在，跳过迁移视频 35: workstore/test9/《金刚经》第五品 如理实见分/output.mp4
[2025-07-17 10:27:03,914] [INFO] [logger:55] - 迁移视频 36: user8 -> test9
[2025-07-17 10:27:03,914] [WARNING] [logger:66] - 新路径不存在，跳过迁移视频 36: workstore/test9/《金刚经》第六品 正信希有分/output.mp4
[2025-07-17 10:27:03,914] [INFO] [logger:55] - 迁移视频 37: user1 -> admin
[2025-07-17 10:27:03,914] [WARNING] [logger:66] - 新路径不存在，跳过迁移视频 37: workstore/admin/停止按钮背后的故事/output.mp4
[2025-07-17 10:27:03,915] [INFO] [logger:55] - 迁移视频 38: user1 -> admin
[2025-07-17 10:27:03,915] [WARNING] [logger:66] - 新路径不存在，跳过迁移视频 38: workstore/admin/《金刚经》第八品 依法出生分/output.mp4
[2025-07-17 10:27:03,915] [INFO] [logger:55] - 视频路径迁移完成，共迁移 0 个视频
[2025-07-17 10:27:03,916] [INFO] [logger:55] - 没有发现中断的任务
[2025-07-17 10:27:03,916] [INFO] [logger:55] - 任务恢复检查完成
[2025-07-17 10:27:04,820] [INFO] [logger:55] - 正在检查并恢复中断的任务...
[2025-07-17 10:27:04,820] [INFO] [logger:55] - 检查服务器启动时是否有中断的任务需要恢复...
[2025-07-17 10:27:04,822] [INFO] [logger:55] - 开始迁移视频路径...
[2025-07-17 10:27:04,822] [INFO] [logger:55] - 迁移视频 13: user1 -> admin
[2025-07-17 10:27:04,823] [WARNING] [logger:66] - 新路径不存在，跳过迁移视频 13: workstore/admin/纳什均衡解析/output.mp4
[2025-07-17 10:27:04,823] [INFO] [logger:55] - 迁移视频 15: user1 -> admin
[2025-07-17 10:27:04,823] [WARNING] [logger:66] - 新路径不存在，跳过迁移视频 15: workstore/admin/白雪公主的童话/output.mp4
[2025-07-17 10:27:04,823] [INFO] [logger:55] - 迁移视频 18: user3 -> test2
[2025-07-17 10:27:04,823] [WARNING] [logger:66] - 新路径不存在，跳过迁移视频 18: workstore/test2/坚持的力量/output.mp4
[2025-07-17 10:27:04,823] [INFO] [logger:55] - 迁移视频 19: user6 -> test4
[2025-07-17 10:27:04,823] [WARNING] [logger:66] - 新路径不存在，跳过迁移视频 19: workstore/test4/白雪公主的故事/output.mp4
[2025-07-17 10:27:04,824] [INFO] [logger:55] - 迁移视频 26: user6 -> test4
[2025-07-17 10:27:04,824] [WARNING] [logger:66] - 新路径不存在，跳过迁移视频 26: workstore/test4/人性弱点智慧/output.mp4
[2025-07-17 10:27:04,824] [INFO] [logger:55] - 迁移视频 27: user6 -> test4
[2025-07-17 10:27:04,824] [WARNING] [logger:66] - 新路径不存在，跳过迁移视频 27: workstore/test4/达克效应之谜/output.mp4
[2025-07-17 10:27:04,824] [INFO] [logger:55] - 迁移视频 32: user6 -> test4
[2025-07-17 10:27:04,824] [WARNING] [logger:66] - 新路径不存在，跳过迁移视频 32: workstore/test4/《金刚经》第一品：法会因由分/output.mp4
[2025-07-17 10:27:04,824] [INFO] [logger:55] - 迁移视频 33: user6 -> test4
[2025-07-17 10:27:04,824] [WARNING] [logger:66] - 新路径不存在，跳过迁移视频 33: workstore/test4/《金刚经》第二品善现启请分/output.mp4
[2025-07-17 10:27:04,824] [INFO] [logger:55] - 迁移视频 34: user1 -> admin
[2025-07-17 10:27:04,824] [WARNING] [logger:66] - 新路径不存在，跳过迁移视频 34: workstore/admin/小红帽的森林奇遇/output.mp4
[2025-07-17 10:27:04,825] [INFO] [logger:55] - 迁移视频 35: user8 -> test9
[2025-07-17 10:27:04,825] [WARNING] [logger:66] - 新路径不存在，跳过迁移视频 35: workstore/test9/《金刚经》第五品 如理实见分/output.mp4
[2025-07-17 10:27:04,825] [INFO] [logger:55] - 迁移视频 36: user8 -> test9
[2025-07-17 10:27:04,825] [WARNING] [logger:66] - 新路径不存在，跳过迁移视频 36: workstore/test9/《金刚经》第六品 正信希有分/output.mp4
[2025-07-17 10:27:04,825] [INFO] [logger:55] - 迁移视频 37: user1 -> admin
[2025-07-17 10:27:04,825] [WARNING] [logger:66] - 新路径不存在，跳过迁移视频 37: workstore/admin/停止按钮背后的故事/output.mp4
[2025-07-17 10:27:04,825] [INFO] [logger:55] - 迁移视频 38: user1 -> admin
[2025-07-17 10:27:04,825] [WARNING] [logger:66] - 新路径不存在，跳过迁移视频 38: workstore/admin/《金刚经》第八品 依法出生分/output.mp4
[2025-07-17 10:27:04,826] [INFO] [logger:55] - 视频路径迁移完成，共迁移 0 个视频
[2025-07-17 10:27:04,827] [INFO] [logger:55] - 没有发现中断的任务
[2025-07-17 10:27:04,828] [INFO] [logger:55] - 任务恢复检查完成
[2025-07-17 10:45:32,674] [INFO] [logger:55] - 用户 admin 查看我的视频页面，共 8 个视频
[2025-07-17 10:45:32,874] [INFO] [app:2396] - 请求 workstore 文件: admin/《金刚经》无断无灭分/covers/cover_4:3.png
[2025-07-17 10:45:32,875] [INFO] [app:2396] - 请求 workstore 文件: admin/《金刚经》第二十六品 法身非相分/covers/cover_4:3.png
[2025-07-17 10:45:32,878] [INFO] [app:2396] - 请求 workstore 文件: admin/《金刚经》第二十五品 化无所化分/covers/cover_4:3.png
[2025-07-17 10:45:32,878] [INFO] [app:2396] - 请求 workstore 文件: user1/停止按钮背后的故事/covers/cover_4:3.png
[2025-07-17 10:45:32,878] [INFO] [app:2396] - 请求 workstore 文件: user1/小红帽的森林奇遇/covers/cover_4:3.png
[2025-07-17 10:45:32,879] [INFO] [app:2396] - 请求 workstore 文件: user1/《金刚经》第八品 依法出生分/covers/cover_4:3.png
[2025-07-17 10:45:32,881] [INFO] [app:2396] - 请求 workstore 文件: user1/白雪公主的童话/covers/cover_4:3.png
[2025-07-17 10:45:32,882] [INFO] [app:2396] - 请求 workstore 文件: user1/纳什均衡解析/covers/cover_4:3.png
[2025-07-17 10:48:55,809] [INFO] [logger:55] - 用户 admin 查看我的视频页面，共 8 个视频
[2025-07-17 10:48:56,061] [INFO] [app:2396] - 请求 workstore 文件: admin/《金刚经》无断无灭分/covers/cover_4:3.png
[2025-07-17 10:48:56,062] [INFO] [app:2396] - 请求 workstore 文件: admin/《金刚经》第二十六品 法身非相分/covers/cover_4:3.png
[2025-07-17 10:48:56,063] [INFO] [app:2396] - 请求 workstore 文件: admin/《金刚经》第二十五品 化无所化分/covers/cover_4:3.png
[2025-07-17 10:48:56,069] [INFO] [app:2396] - 请求 workstore 文件: user1/《金刚经》第八品 依法出生分/covers/cover_4:3.png
[2025-07-17 10:48:56,075] [INFO] [app:2396] - 请求 workstore 文件: user1/停止按钮背后的故事/covers/cover_4:3.png
[2025-07-17 10:48:56,077] [INFO] [app:2396] - 请求 workstore 文件: user1/小红帽的森林奇遇/covers/cover_4:3.png
[2025-07-17 10:48:56,095] [INFO] [app:2396] - 请求 workstore 文件: user1/纳什均衡解析/covers/cover_4:3.png
[2025-07-17 10:48:56,099] [INFO] [app:2396] - 请求 workstore 文件: user1/白雪公主的童话/covers/cover_4:3.png
[2025-07-17 10:56:25,320] [INFO] [logger:55] - 用户 admin 查看我的视频页面，共 8 个视频
[2025-07-17 10:56:25,502] [INFO] [app:2396] - 请求 workstore 文件: admin/《金刚经》无断无灭分/covers/cover_4:3.png
[2025-07-17 10:56:25,503] [INFO] [app:2396] - 请求 workstore 文件: admin/《金刚经》第二十五品 化无所化分/covers/cover_4:3.png
[2025-07-17 10:56:25,503] [INFO] [app:2396] - 请求 workstore 文件: admin/《金刚经》第二十六品 法身非相分/covers/cover_4:3.png
[2025-07-17 10:56:25,506] [INFO] [app:2396] - 请求 workstore 文件: user1/停止按钮背后的故事/covers/cover_4:3.png
[2025-07-17 10:56:25,507] [INFO] [app:2396] - 请求 workstore 文件: user1/小红帽的森林奇遇/covers/cover_4:3.png
[2025-07-17 10:56:25,507] [INFO] [app:2396] - 请求 workstore 文件: user1/《金刚经》第八品 依法出生分/covers/cover_4:3.png
[2025-07-17 10:56:25,511] [INFO] [app:2396] - 请求 workstore 文件: user1/白雪公主的童话/covers/cover_4:3.png
[2025-07-17 10:56:25,521] [INFO] [app:2396] - 请求 workstore 文件: user1/纳什均衡解析/covers/cover_4:3.png
[2025-07-17 11:03:30,842] [INFO] [logger:55] - 用户 admin 查看我的视频页面，共 8 个视频
[2025-07-17 11:03:31,018] [INFO] [app:2396] - 请求 workstore 文件: admin/《金刚经》第二十六品 法身非相分/covers/cover_4:3.png
[2025-07-17 11:03:31,025] [INFO] [app:2396] - 请求 workstore 文件: admin/《金刚经》第二十五品 化无所化分/covers/cover_4:3.png
[2025-07-17 11:03:31,027] [INFO] [app:2396] - 请求 workstore 文件: admin/《金刚经》无断无灭分/covers/cover_4:3.png
[2025-07-17 11:03:31,037] [INFO] [app:2396] - 请求 workstore 文件: user1/《金刚经》第八品 依法出生分/covers/cover_4:3.png
[2025-07-17 11:03:31,037] [INFO] [app:2396] - 请求 workstore 文件: user1/停止按钮背后的故事/covers/cover_4:3.png
[2025-07-17 11:03:31,041] [INFO] [app:2396] - 请求 workstore 文件: user1/白雪公主的童话/covers/cover_4:3.png
[2025-07-17 11:03:31,042] [INFO] [app:2396] - 请求 workstore 文件: user1/小红帽的森林奇遇/covers/cover_4:3.png
[2025-07-17 11:03:31,063] [INFO] [app:2396] - 请求 workstore 文件: user1/纳什均衡解析/covers/cover_4:3.png
[2025-07-17 16:02:12,165] [INFO] [logger:55] - 正在检查并恢复中断的任务...
[2025-07-17 16:02:12,165] [INFO] [logger:55] - 检查服务器启动时是否有中断的任务需要恢复...
[2025-07-17 16:02:12,168] [INFO] [logger:55] - 开始迁移视频路径...
[2025-07-17 16:02:12,168] [INFO] [logger:55] - 迁移视频 13: user1 -> admin
[2025-07-17 16:02:12,169] [WARNING] [logger:66] - 新路径不存在，跳过迁移视频 13: workstore/admin/纳什均衡解析/output.mp4
[2025-07-17 16:02:12,169] [INFO] [logger:55] - 迁移视频 15: user1 -> admin
[2025-07-17 16:02:12,169] [WARNING] [logger:66] - 新路径不存在，跳过迁移视频 15: workstore/admin/白雪公主的童话/output.mp4
[2025-07-17 16:02:12,169] [INFO] [logger:55] - 迁移视频 18: user3 -> test2
[2025-07-17 16:02:12,170] [WARNING] [logger:66] - 新路径不存在，跳过迁移视频 18: workstore/test2/坚持的力量/output.mp4
[2025-07-17 16:02:12,170] [INFO] [logger:55] - 迁移视频 19: user6 -> test4
[2025-07-17 16:02:12,170] [WARNING] [logger:66] - 新路径不存在，跳过迁移视频 19: workstore/test4/白雪公主的故事/output.mp4
[2025-07-17 16:02:12,170] [INFO] [logger:55] - 迁移视频 26: user6 -> test4
[2025-07-17 16:02:12,170] [WARNING] [logger:66] - 新路径不存在，跳过迁移视频 26: workstore/test4/人性弱点智慧/output.mp4
[2025-07-17 16:02:12,170] [INFO] [logger:55] - 迁移视频 27: user6 -> test4
[2025-07-17 16:02:12,170] [WARNING] [logger:66] - 新路径不存在，跳过迁移视频 27: workstore/test4/达克效应之谜/output.mp4
[2025-07-17 16:02:12,170] [INFO] [logger:55] - 迁移视频 32: user6 -> test4
[2025-07-17 16:02:12,170] [WARNING] [logger:66] - 新路径不存在，跳过迁移视频 32: workstore/test4/《金刚经》第一品：法会因由分/output.mp4
[2025-07-17 16:02:12,171] [INFO] [logger:55] - 迁移视频 33: user6 -> test4
[2025-07-17 16:02:12,171] [WARNING] [logger:66] - 新路径不存在，跳过迁移视频 33: workstore/test4/《金刚经》第二品善现启请分/output.mp4
[2025-07-17 16:02:12,171] [INFO] [logger:55] - 迁移视频 34: user1 -> admin
[2025-07-17 16:02:12,171] [WARNING] [logger:66] - 新路径不存在，跳过迁移视频 34: workstore/admin/小红帽的森林奇遇/output.mp4
[2025-07-17 16:02:12,171] [INFO] [logger:55] - 迁移视频 35: user8 -> test9
[2025-07-17 16:02:12,171] [WARNING] [logger:66] - 新路径不存在，跳过迁移视频 35: workstore/test9/《金刚经》第五品 如理实见分/output.mp4
[2025-07-17 16:02:12,171] [INFO] [logger:55] - 迁移视频 36: user8 -> test9
[2025-07-17 16:02:12,172] [WARNING] [logger:66] - 新路径不存在，跳过迁移视频 36: workstore/test9/《金刚经》第六品 正信希有分/output.mp4
[2025-07-17 16:02:12,172] [INFO] [logger:55] - 迁移视频 37: user1 -> admin
[2025-07-17 16:02:12,172] [WARNING] [logger:66] - 新路径不存在，跳过迁移视频 37: workstore/admin/停止按钮背后的故事/output.mp4
[2025-07-17 16:02:12,172] [INFO] [logger:55] - 迁移视频 38: user1 -> admin
[2025-07-17 16:02:12,172] [WARNING] [logger:66] - 新路径不存在，跳过迁移视频 38: workstore/admin/《金刚经》第八品 依法出生分/output.mp4
[2025-07-17 16:02:12,172] [INFO] [logger:55] - 视频路径迁移完成，共迁移 0 个视频
[2025-07-17 16:02:12,174] [INFO] [logger:55] - 没有发现中断的任务
[2025-07-17 16:02:12,174] [INFO] [logger:55] - 任务恢复检查完成
[2025-07-17 16:02:13,132] [INFO] [logger:55] - 正在检查并恢复中断的任务...
[2025-07-17 16:02:13,132] [INFO] [logger:55] - 检查服务器启动时是否有中断的任务需要恢复...
[2025-07-17 16:02:13,135] [INFO] [logger:55] - 开始迁移视频路径...
[2025-07-17 16:02:13,135] [INFO] [logger:55] - 迁移视频 13: user1 -> admin
[2025-07-17 16:02:13,135] [WARNING] [logger:66] - 新路径不存在，跳过迁移视频 13: workstore/admin/纳什均衡解析/output.mp4
[2025-07-17 16:02:13,135] [INFO] [logger:55] - 迁移视频 15: user1 -> admin
[2025-07-17 16:02:13,135] [WARNING] [logger:66] - 新路径不存在，跳过迁移视频 15: workstore/admin/白雪公主的童话/output.mp4
[2025-07-17 16:02:13,136] [INFO] [logger:55] - 迁移视频 18: user3 -> test2
[2025-07-17 16:02:13,136] [WARNING] [logger:66] - 新路径不存在，跳过迁移视频 18: workstore/test2/坚持的力量/output.mp4
[2025-07-17 16:02:13,136] [INFO] [logger:55] - 迁移视频 19: user6 -> test4
[2025-07-17 16:02:13,136] [WARNING] [logger:66] - 新路径不存在，跳过迁移视频 19: workstore/test4/白雪公主的故事/output.mp4
[2025-07-17 16:02:13,136] [INFO] [logger:55] - 迁移视频 26: user6 -> test4
[2025-07-17 16:02:13,136] [WARNING] [logger:66] - 新路径不存在，跳过迁移视频 26: workstore/test4/人性弱点智慧/output.mp4
[2025-07-17 16:02:13,136] [INFO] [logger:55] - 迁移视频 27: user6 -> test4
[2025-07-17 16:02:13,136] [WARNING] [logger:66] - 新路径不存在，跳过迁移视频 27: workstore/test4/达克效应之谜/output.mp4
[2025-07-17 16:02:13,136] [INFO] [logger:55] - 迁移视频 32: user6 -> test4
[2025-07-17 16:02:13,136] [WARNING] [logger:66] - 新路径不存在，跳过迁移视频 32: workstore/test4/《金刚经》第一品：法会因由分/output.mp4
[2025-07-17 16:02:13,137] [INFO] [logger:55] - 迁移视频 33: user6 -> test4
[2025-07-17 16:02:13,137] [WARNING] [logger:66] - 新路径不存在，跳过迁移视频 33: workstore/test4/《金刚经》第二品善现启请分/output.mp4
[2025-07-17 16:02:13,137] [INFO] [logger:55] - 迁移视频 34: user1 -> admin
[2025-07-17 16:02:13,137] [WARNING] [logger:66] - 新路径不存在，跳过迁移视频 34: workstore/admin/小红帽的森林奇遇/output.mp4
[2025-07-17 16:02:13,137] [INFO] [logger:55] - 迁移视频 35: user8 -> test9
[2025-07-17 16:02:13,137] [WARNING] [logger:66] - 新路径不存在，跳过迁移视频 35: workstore/test9/《金刚经》第五品 如理实见分/output.mp4
[2025-07-17 16:02:13,137] [INFO] [logger:55] - 迁移视频 36: user8 -> test9
[2025-07-17 16:02:13,137] [WARNING] [logger:66] - 新路径不存在，跳过迁移视频 36: workstore/test9/《金刚经》第六品 正信希有分/output.mp4
[2025-07-17 16:02:13,138] [INFO] [logger:55] - 迁移视频 37: user1 -> admin
[2025-07-17 16:02:13,138] [WARNING] [logger:66] - 新路径不存在，跳过迁移视频 37: workstore/admin/停止按钮背后的故事/output.mp4
[2025-07-17 16:02:13,138] [INFO] [logger:55] - 迁移视频 38: user1 -> admin
[2025-07-17 16:02:13,138] [WARNING] [logger:66] - 新路径不存在，跳过迁移视频 38: workstore/admin/《金刚经》第八品 依法出生分/output.mp4
[2025-07-17 16:02:13,138] [INFO] [logger:55] - 视频路径迁移完成，共迁移 0 个视频
[2025-07-17 16:02:13,140] [INFO] [logger:55] - 没有发现中断的任务
[2025-07-17 16:02:13,140] [INFO] [logger:55] - 任务恢复检查完成
[2025-07-17 16:02:33,779] [INFO] [logger:55] - 用户 admin 查看我的视频页面，共 8 个视频
[2025-07-17 16:02:33,946] [INFO] [app:2453] - 请求 workstore 文件: admin/《金刚经》无断无灭分/covers/cover_4:3.png
[2025-07-17 16:02:33,946] [INFO] [app:2453] - 请求 workstore 文件: admin/《金刚经》第二十六品 法身非相分/covers/cover_4:3.png
[2025-07-17 16:02:33,949] [INFO] [app:2453] - 请求 workstore 文件: user1/《金刚经》第八品 依法出生分/covers/cover_4:3.png
[2025-07-17 16:02:33,949] [INFO] [app:2453] - 请求 workstore 文件: admin/《金刚经》第二十五品 化无所化分/covers/cover_4:3.png
[2025-07-17 16:02:33,951] [INFO] [app:2453] - 请求 workstore 文件: user1/小红帽的森林奇遇/covers/cover_4:3.png
[2025-07-17 16:02:33,951] [INFO] [app:2453] - 请求 workstore 文件: user1/停止按钮背后的故事/covers/cover_4:3.png
[2025-07-17 16:02:33,955] [INFO] [app:2453] - 请求 workstore 文件: user1/白雪公主的童话/covers/cover_4:3.png
[2025-07-17 16:02:33,957] [INFO] [app:2453] - 请求 workstore 文件: user1/纳什均衡解析/covers/cover_4:3.png
[2025-07-17 16:02:36,405] [INFO] [app:2453] - 请求 workstore 文件: admin/《金刚经》无断无灭分/output.mp4
[2025-07-17 16:02:36,430] [INFO] [app:2453] - 请求 workstore 文件: admin/《金刚经》无断无灭分/output.mp4
[2025-07-18 12:10:23,123] [INFO] [logger:55] - 正在检查并恢复中断的任务...
[2025-07-18 12:10:23,123] [INFO] [logger:55] - 检查服务器启动时是否有中断的任务需要恢复...
[2025-07-18 12:10:23,126] [INFO] [logger:55] - 开始迁移视频路径...
[2025-07-18 12:10:23,127] [INFO] [logger:55] - 迁移视频 13: user1 -> admin
[2025-07-18 12:10:23,127] [WARNING] [logger:66] - 新路径不存在，跳过迁移视频 13: workstore/admin/纳什均衡解析/output.mp4
[2025-07-18 12:10:23,127] [INFO] [logger:55] - 迁移视频 15: user1 -> admin
[2025-07-18 12:10:23,127] [WARNING] [logger:66] - 新路径不存在，跳过迁移视频 15: workstore/admin/白雪公主的童话/output.mp4
[2025-07-18 12:10:23,127] [INFO] [logger:55] - 迁移视频 18: user3 -> test2
[2025-07-18 12:10:23,127] [WARNING] [logger:66] - 新路径不存在，跳过迁移视频 18: workstore/test2/坚持的力量/output.mp4
[2025-07-18 12:10:23,127] [INFO] [logger:55] - 迁移视频 19: user6 -> test4
[2025-07-18 12:10:23,127] [WARNING] [logger:66] - 新路径不存在，跳过迁移视频 19: workstore/test4/白雪公主的故事/output.mp4
[2025-07-18 12:10:23,128] [INFO] [logger:55] - 迁移视频 26: user6 -> test4
[2025-07-18 12:10:23,128] [WARNING] [logger:66] - 新路径不存在，跳过迁移视频 26: workstore/test4/人性弱点智慧/output.mp4
[2025-07-18 12:10:23,128] [INFO] [logger:55] - 迁移视频 27: user6 -> test4
[2025-07-18 12:10:23,128] [WARNING] [logger:66] - 新路径不存在，跳过迁移视频 27: workstore/test4/达克效应之谜/output.mp4
[2025-07-18 12:10:23,128] [INFO] [logger:55] - 迁移视频 32: user6 -> test4
[2025-07-18 12:10:23,128] [WARNING] [logger:66] - 新路径不存在，跳过迁移视频 32: workstore/test4/《金刚经》第一品：法会因由分/output.mp4
[2025-07-18 12:10:23,128] [INFO] [logger:55] - 迁移视频 33: user6 -> test4
[2025-07-18 12:10:23,128] [WARNING] [logger:66] - 新路径不存在，跳过迁移视频 33: workstore/test4/《金刚经》第二品善现启请分/output.mp4
[2025-07-18 12:10:23,129] [INFO] [logger:55] - 迁移视频 34: user1 -> admin
[2025-07-18 12:10:23,129] [WARNING] [logger:66] - 新路径不存在，跳过迁移视频 34: workstore/admin/小红帽的森林奇遇/output.mp4
[2025-07-18 12:10:23,129] [INFO] [logger:55] - 迁移视频 35: user8 -> test9
[2025-07-18 12:10:23,129] [WARNING] [logger:66] - 新路径不存在，跳过迁移视频 35: workstore/test9/《金刚经》第五品 如理实见分/output.mp4
[2025-07-18 12:10:23,129] [INFO] [logger:55] - 迁移视频 36: user8 -> test9
[2025-07-18 12:10:23,129] [WARNING] [logger:66] - 新路径不存在，跳过迁移视频 36: workstore/test9/《金刚经》第六品 正信希有分/output.mp4
[2025-07-18 12:10:23,129] [INFO] [logger:55] - 迁移视频 37: user1 -> admin
[2025-07-18 12:10:23,129] [WARNING] [logger:66] - 新路径不存在，跳过迁移视频 37: workstore/admin/停止按钮背后的故事/output.mp4
[2025-07-18 12:10:23,129] [INFO] [logger:55] - 迁移视频 38: user1 -> admin
[2025-07-18 12:10:23,129] [WARNING] [logger:66] - 新路径不存在，跳过迁移视频 38: workstore/admin/《金刚经》第八品 依法出生分/output.mp4
[2025-07-18 12:10:23,131] [INFO] [logger:55] - 视频路径迁移完成，共迁移 0 个视频
[2025-07-18 12:10:23,132] [INFO] [logger:55] - 没有发现中断的任务
[2025-07-18 12:10:23,132] [INFO] [logger:55] - 任务恢复检查完成
[2025-07-18 12:10:24,085] [INFO] [logger:55] - 正在检查并恢复中断的任务...
[2025-07-18 12:10:24,085] [INFO] [logger:55] - 检查服务器启动时是否有中断的任务需要恢复...
[2025-07-18 12:10:24,087] [INFO] [logger:55] - 开始迁移视频路径...
[2025-07-18 12:10:24,088] [INFO] [logger:55] - 迁移视频 13: user1 -> admin
[2025-07-18 12:10:24,088] [WARNING] [logger:66] - 新路径不存在，跳过迁移视频 13: workstore/admin/纳什均衡解析/output.mp4
[2025-07-18 12:10:24,088] [INFO] [logger:55] - 迁移视频 15: user1 -> admin
[2025-07-18 12:10:24,088] [WARNING] [logger:66] - 新路径不存在，跳过迁移视频 15: workstore/admin/白雪公主的童话/output.mp4
[2025-07-18 12:10:24,088] [INFO] [logger:55] - 迁移视频 18: user3 -> test2
[2025-07-18 12:10:24,088] [WARNING] [logger:66] - 新路径不存在，跳过迁移视频 18: workstore/test2/坚持的力量/output.mp4
[2025-07-18 12:10:24,089] [INFO] [logger:55] - 迁移视频 19: user6 -> test4
[2025-07-18 12:10:24,089] [WARNING] [logger:66] - 新路径不存在，跳过迁移视频 19: workstore/test4/白雪公主的故事/output.mp4
[2025-07-18 12:10:24,089] [INFO] [logger:55] - 迁移视频 26: user6 -> test4
[2025-07-18 12:10:24,089] [WARNING] [logger:66] - 新路径不存在，跳过迁移视频 26: workstore/test4/人性弱点智慧/output.mp4
[2025-07-18 12:10:24,089] [INFO] [logger:55] - 迁移视频 27: user6 -> test4
[2025-07-18 12:10:24,089] [WARNING] [logger:66] - 新路径不存在，跳过迁移视频 27: workstore/test4/达克效应之谜/output.mp4
[2025-07-18 12:10:24,089] [INFO] [logger:55] - 迁移视频 32: user6 -> test4
[2025-07-18 12:10:24,089] [WARNING] [logger:66] - 新路径不存在，跳过迁移视频 32: workstore/test4/《金刚经》第一品：法会因由分/output.mp4
[2025-07-18 12:10:24,089] [INFO] [logger:55] - 迁移视频 33: user6 -> test4
[2025-07-18 12:10:24,089] [WARNING] [logger:66] - 新路径不存在，跳过迁移视频 33: workstore/test4/《金刚经》第二品善现启请分/output.mp4
[2025-07-18 12:10:24,090] [INFO] [logger:55] - 迁移视频 34: user1 -> admin
[2025-07-18 12:10:24,090] [WARNING] [logger:66] - 新路径不存在，跳过迁移视频 34: workstore/admin/小红帽的森林奇遇/output.mp4
[2025-07-18 12:10:24,090] [INFO] [logger:55] - 迁移视频 35: user8 -> test9
[2025-07-18 12:10:24,090] [WARNING] [logger:66] - 新路径不存在，跳过迁移视频 35: workstore/test9/《金刚经》第五品 如理实见分/output.mp4
[2025-07-18 12:10:24,090] [INFO] [logger:55] - 迁移视频 36: user8 -> test9
[2025-07-18 12:10:24,090] [WARNING] [logger:66] - 新路径不存在，跳过迁移视频 36: workstore/test9/《金刚经》第六品 正信希有分/output.mp4
[2025-07-18 12:10:24,091] [INFO] [logger:55] - 迁移视频 37: user1 -> admin
[2025-07-18 12:10:24,091] [WARNING] [logger:66] - 新路径不存在，跳过迁移视频 37: workstore/admin/停止按钮背后的故事/output.mp4
[2025-07-18 12:10:24,091] [INFO] [logger:55] - 迁移视频 38: user1 -> admin
[2025-07-18 12:10:24,091] [WARNING] [logger:66] - 新路径不存在，跳过迁移视频 38: workstore/admin/《金刚经》第八品 依法出生分/output.mp4
[2025-07-18 12:10:24,091] [INFO] [logger:55] - 视频路径迁移完成，共迁移 0 个视频
[2025-07-18 12:10:24,092] [INFO] [logger:55] - 没有发现中断的任务
[2025-07-18 12:10:24,092] [INFO] [logger:55] - 任务恢复检查完成
[2025-07-18 12:13:44,796] [INFO] [logger:55] - 正在检查并恢复中断的任务...
[2025-07-18 12:13:44,797] [INFO] [logger:55] - 检查服务器启动时是否有中断的任务需要恢复...
[2025-07-18 12:13:44,800] [INFO] [logger:55] - 开始迁移视频路径...
[2025-07-18 12:13:44,800] [INFO] [logger:55] - 迁移视频 13: user1 -> admin
[2025-07-18 12:13:44,800] [WARNING] [logger:66] - 新路径不存在，跳过迁移视频 13: workstore/admin/纳什均衡解析/output.mp4
[2025-07-18 12:13:44,800] [INFO] [logger:55] - 迁移视频 15: user1 -> admin
[2025-07-18 12:13:44,800] [WARNING] [logger:66] - 新路径不存在，跳过迁移视频 15: workstore/admin/白雪公主的童话/output.mp4
[2025-07-18 12:13:44,800] [INFO] [logger:55] - 迁移视频 18: user3 -> test2
[2025-07-18 12:13:44,800] [WARNING] [logger:66] - 新路径不存在，跳过迁移视频 18: workstore/test2/坚持的力量/output.mp4
[2025-07-18 12:13:44,801] [INFO] [logger:55] - 迁移视频 19: user6 -> test4
[2025-07-18 12:13:44,801] [WARNING] [logger:66] - 新路径不存在，跳过迁移视频 19: workstore/test4/白雪公主的故事/output.mp4
[2025-07-18 12:13:44,801] [INFO] [logger:55] - 迁移视频 26: user6 -> test4
[2025-07-18 12:13:44,801] [WARNING] [logger:66] - 新路径不存在，跳过迁移视频 26: workstore/test4/人性弱点智慧/output.mp4
[2025-07-18 12:13:44,801] [INFO] [logger:55] - 迁移视频 27: user6 -> test4
[2025-07-18 12:13:44,801] [WARNING] [logger:66] - 新路径不存在，跳过迁移视频 27: workstore/test4/达克效应之谜/output.mp4
[2025-07-18 12:13:44,801] [INFO] [logger:55] - 迁移视频 32: user6 -> test4
[2025-07-18 12:13:44,801] [WARNING] [logger:66] - 新路径不存在，跳过迁移视频 32: workstore/test4/《金刚经》第一品：法会因由分/output.mp4
[2025-07-18 12:13:44,801] [INFO] [logger:55] - 迁移视频 33: user6 -> test4
[2025-07-18 12:13:44,801] [WARNING] [logger:66] - 新路径不存在，跳过迁移视频 33: workstore/test4/《金刚经》第二品善现启请分/output.mp4
[2025-07-18 12:13:44,802] [INFO] [logger:55] - 迁移视频 34: user1 -> admin
[2025-07-18 12:13:44,802] [WARNING] [logger:66] - 新路径不存在，跳过迁移视频 34: workstore/admin/小红帽的森林奇遇/output.mp4
[2025-07-18 12:13:44,802] [INFO] [logger:55] - 迁移视频 35: user8 -> test9
[2025-07-18 12:13:44,802] [WARNING] [logger:66] - 新路径不存在，跳过迁移视频 35: workstore/test9/《金刚经》第五品 如理实见分/output.mp4
[2025-07-18 12:13:44,802] [INFO] [logger:55] - 迁移视频 36: user8 -> test9
[2025-07-18 12:13:44,802] [WARNING] [logger:66] - 新路径不存在，跳过迁移视频 36: workstore/test9/《金刚经》第六品 正信希有分/output.mp4
[2025-07-18 12:13:44,803] [INFO] [logger:55] - 迁移视频 37: user1 -> admin
[2025-07-18 12:13:44,803] [WARNING] [logger:66] - 新路径不存在，跳过迁移视频 37: workstore/admin/停止按钮背后的故事/output.mp4
[2025-07-18 12:13:44,803] [INFO] [logger:55] - 迁移视频 38: user1 -> admin
[2025-07-18 12:13:44,803] [WARNING] [logger:66] - 新路径不存在，跳过迁移视频 38: workstore/admin/《金刚经》第八品 依法出生分/output.mp4
[2025-07-18 12:13:44,803] [INFO] [logger:55] - 视频路径迁移完成，共迁移 0 个视频
[2025-07-18 12:13:44,804] [INFO] [logger:55] - 没有发现中断的任务
[2025-07-18 12:13:44,804] [INFO] [logger:55] - 任务恢复检查完成
[2025-07-18 12:13:45,656] [INFO] [logger:55] - 正在检查并恢复中断的任务...
[2025-07-18 12:13:45,656] [INFO] [logger:55] - 检查服务器启动时是否有中断的任务需要恢复...
[2025-07-18 12:13:45,659] [INFO] [logger:55] - 开始迁移视频路径...
[2025-07-18 12:13:45,659] [INFO] [logger:55] - 迁移视频 13: user1 -> admin
[2025-07-18 12:13:45,659] [WARNING] [logger:66] - 新路径不存在，跳过迁移视频 13: workstore/admin/纳什均衡解析/output.mp4
[2025-07-18 12:13:45,659] [INFO] [logger:55] - 迁移视频 15: user1 -> admin
[2025-07-18 12:13:45,659] [WARNING] [logger:66] - 新路径不存在，跳过迁移视频 15: workstore/admin/白雪公主的童话/output.mp4
[2025-07-18 12:13:45,659] [INFO] [logger:55] - 迁移视频 18: user3 -> test2
[2025-07-18 12:13:45,659] [WARNING] [logger:66] - 新路径不存在，跳过迁移视频 18: workstore/test2/坚持的力量/output.mp4
[2025-07-18 12:13:45,660] [INFO] [logger:55] - 迁移视频 19: user6 -> test4
[2025-07-18 12:13:45,660] [WARNING] [logger:66] - 新路径不存在，跳过迁移视频 19: workstore/test4/白雪公主的故事/output.mp4
[2025-07-18 12:13:45,660] [INFO] [logger:55] - 迁移视频 26: user6 -> test4
[2025-07-18 12:13:45,660] [WARNING] [logger:66] - 新路径不存在，跳过迁移视频 26: workstore/test4/人性弱点智慧/output.mp4
[2025-07-18 12:13:45,660] [INFO] [logger:55] - 迁移视频 27: user6 -> test4
[2025-07-18 12:13:45,660] [WARNING] [logger:66] - 新路径不存在，跳过迁移视频 27: workstore/test4/达克效应之谜/output.mp4
[2025-07-18 12:13:45,660] [INFO] [logger:55] - 迁移视频 32: user6 -> test4
[2025-07-18 12:13:45,660] [WARNING] [logger:66] - 新路径不存在，跳过迁移视频 32: workstore/test4/《金刚经》第一品：法会因由分/output.mp4
[2025-07-18 12:13:45,660] [INFO] [logger:55] - 迁移视频 33: user6 -> test4
[2025-07-18 12:13:45,660] [WARNING] [logger:66] - 新路径不存在，跳过迁移视频 33: workstore/test4/《金刚经》第二品善现启请分/output.mp4
[2025-07-18 12:13:45,661] [INFO] [logger:55] - 迁移视频 34: user1 -> admin
[2025-07-18 12:13:45,661] [WARNING] [logger:66] - 新路径不存在，跳过迁移视频 34: workstore/admin/小红帽的森林奇遇/output.mp4
[2025-07-18 12:13:45,661] [INFO] [logger:55] - 迁移视频 35: user8 -> test9
[2025-07-18 12:13:45,661] [WARNING] [logger:66] - 新路径不存在，跳过迁移视频 35: workstore/test9/《金刚经》第五品 如理实见分/output.mp4
[2025-07-18 12:13:45,661] [INFO] [logger:55] - 迁移视频 36: user8 -> test9
[2025-07-18 12:13:45,661] [WARNING] [logger:66] - 新路径不存在，跳过迁移视频 36: workstore/test9/《金刚经》第六品 正信希有分/output.mp4
[2025-07-18 12:13:45,662] [INFO] [logger:55] - 迁移视频 37: user1 -> admin
[2025-07-18 12:13:45,662] [WARNING] [logger:66] - 新路径不存在，跳过迁移视频 37: workstore/admin/停止按钮背后的故事/output.mp4
[2025-07-18 12:13:45,662] [INFO] [logger:55] - 迁移视频 38: user1 -> admin
[2025-07-18 12:13:45,662] [WARNING] [logger:66] - 新路径不存在，跳过迁移视频 38: workstore/admin/《金刚经》第八品 依法出生分/output.mp4
[2025-07-18 12:13:45,662] [INFO] [logger:55] - 视频路径迁移完成，共迁移 0 个视频
[2025-07-18 12:13:45,663] [INFO] [logger:55] - 没有发现中断的任务
[2025-07-18 12:13:45,663] [INFO] [logger:55] - 任务恢复检查完成
[2025-07-18 12:13:51,834] [INFO] [logger:55] - 用户 admin 查看我的视频页面，共 8 个视频
[2025-07-18 12:13:52,002] [INFO] [app:2460] - 请求 workstore 文件: admin/《金刚经》第二十六品 法身非相分/covers/cover_4:3.png
[2025-07-18 12:13:52,002] [INFO] [app:2460] - 请求 workstore 文件: admin/《金刚经》无断无灭分/covers/cover_4:3.png
[2025-07-18 12:13:52,006] [INFO] [app:2460] - 请求 workstore 文件: admin/《金刚经》第二十五品 化无所化分/covers/cover_4:3.png
[2025-07-18 12:13:52,007] [INFO] [app:2460] - 请求 workstore 文件: user1/停止按钮背后的故事/covers/cover_4:3.png
[2025-07-18 12:13:52,007] [INFO] [app:2460] - 请求 workstore 文件: user1/小红帽的森林奇遇/covers/cover_4:3.png
[2025-07-18 12:13:52,008] [INFO] [app:2460] - 请求 workstore 文件: user1/《金刚经》第八品 依法出生分/covers/cover_4:3.png
[2025-07-18 12:13:52,017] [INFO] [app:2460] - 请求 workstore 文件: user1/纳什均衡解析/covers/cover_4:3.png
[2025-07-18 12:13:52,017] [INFO] [app:2460] - 请求 workstore 文件: user1/白雪公主的童话/covers/cover_4:3.png
[2025-07-18 12:13:54,595] [INFO] [logger:55] - 用户 admin 查看我的视频页面，共 8 个视频
[2025-07-18 12:13:54,722] [INFO] [app:2460] - 请求 workstore 文件: admin/《金刚经》无断无灭分/covers/cover_4:3.png
[2025-07-18 12:13:54,722] [INFO] [app:2460] - 请求 workstore 文件: admin/《金刚经》第二十六品 法身非相分/covers/cover_4:3.png
[2025-07-18 12:13:54,722] [INFO] [app:2460] - 请求 workstore 文件: admin/《金刚经》第二十五品 化无所化分/covers/cover_4:3.png
[2025-07-18 12:13:54,728] [INFO] [app:2460] - 请求 workstore 文件: user1/停止按钮背后的故事/covers/cover_4:3.png
[2025-07-18 12:13:54,730] [INFO] [app:2460] - 请求 workstore 文件: user1/小红帽的森林奇遇/covers/cover_4:3.png
[2025-07-18 12:13:54,734] [INFO] [app:2460] - 请求 workstore 文件: user1/白雪公主的童话/covers/cover_4:3.png
[2025-07-18 12:13:54,735] [INFO] [app:2460] - 请求 workstore 文件: user1/纳什均衡解析/covers/cover_4:3.png
[2025-07-18 12:13:54,736] [INFO] [app:2460] - 请求 workstore 文件: user1/《金刚经》第八品 依法出生分/covers/cover_4:3.png
[2025-07-18 12:14:00,922] [INFO] [logger:55] - 用户 admin 生成视频扣除了 1 条额度，剩余 85 条
[2025-07-18 12:14:00,926] [INFO] [logger:55] - 用户 admin 的任务已加入队列，任务ID: 4
[2025-07-18 12:14:00,949] [INFO] [logger:55] - 开始处理用户 admin 的队列任务，任务ID: 4, 视频ID: 44
[2025-07-18 12:14:10,309] [ERROR] [logger:62] - 查询视频状态出错 - 视频ID: 44, 错误: 404 Not Found: The requested URL was not found on the server. If you entered the URL manually please check your spelling and try again.
[2025-07-18 12:14:26,743] [INFO] [logger:55] - 用户 admin 查看我的视频页面，共 8 个视频
[2025-07-18 12:14:26,895] [INFO] [app:2460] - 请求 workstore 文件: admin/《金刚经》第二十六品 法身非相分/covers/cover_4:3.png
[2025-07-18 12:14:26,897] [INFO] [app:2460] - 请求 workstore 文件: admin/《金刚经》第二十五品 化无所化分/covers/cover_4:3.png
[2025-07-18 12:14:26,897] [INFO] [app:2460] - 请求 workstore 文件: admin/《金刚经》无断无灭分/covers/cover_4:3.png
[2025-07-18 12:14:26,901] [INFO] [app:2460] - 请求 workstore 文件: user1/停止按钮背后的故事/covers/cover_4:3.png
[2025-07-18 12:14:26,906] [INFO] [app:2460] - 请求 workstore 文件: user1/小红帽的森林奇遇/covers/cover_4:3.png
[2025-07-18 12:14:26,914] [INFO] [app:2460] - 请求 workstore 文件: user1/《金刚经》第八品 依法出生分/covers/cover_4:3.png
[2025-07-18 12:14:26,927] [INFO] [app:2460] - 请求 workstore 文件: user1/白雪公主的童话/covers/cover_4:3.png
[2025-07-18 12:14:26,933] [INFO] [app:2460] - 请求 workstore 文件: user1/纳什均衡解析/covers/cover_4:3.png
[2025-07-18 12:14:38,039] [INFO] [logger:55] - 用户 admin 生成视频扣除了 1 条额度，剩余 85 条
[2025-07-18 12:14:38,042] [INFO] [logger:55] - 用户 admin 的任务已加入队列，任务ID: 5
[2025-07-18 12:15:19,101] [ERROR] [logger:62] - 队列视频生成任务失败: 任务被用户主动取消
[2025-07-18 12:15:19,117] [INFO] [logger:55] - 开始处理用户 admin 的队列任务，任务ID: 5, 视频ID: 44
[2025-07-18 12:16:35,996] [INFO] [logger:55] - 更新视频路径: workstore/admin/测试视频文案/output.mp4
[2025-07-18 12:16:35,996] [INFO] [logger:55] - 更新封面路径: workstore/admin/测试视频文案/covers/cover_4:3.png
[2025-07-18 12:16:35,998] [INFO] [logger:55] - 队列任务完成，任务ID: 5, 视频ID: 44
[2025-07-18 12:18:11,438] [INFO] [logger:55] - 正在检查并恢复中断的任务...
[2025-07-18 12:18:11,438] [INFO] [logger:55] - 检查服务器启动时是否有中断的任务需要恢复...
[2025-07-18 12:18:11,441] [INFO] [logger:55] - 开始迁移视频路径...
[2025-07-18 12:18:11,441] [INFO] [logger:55] - 迁移视频 13: user1 -> admin
[2025-07-18 12:18:11,441] [WARNING] [logger:66] - 新路径不存在，跳过迁移视频 13: workstore/admin/纳什均衡解析/output.mp4
[2025-07-18 12:18:11,441] [INFO] [logger:55] - 迁移视频 15: user1 -> admin
[2025-07-18 12:18:11,441] [WARNING] [logger:66] - 新路径不存在，跳过迁移视频 15: workstore/admin/白雪公主的童话/output.mp4
[2025-07-18 12:18:11,442] [INFO] [logger:55] - 迁移视频 18: user3 -> test2
[2025-07-18 12:18:11,442] [WARNING] [logger:66] - 新路径不存在，跳过迁移视频 18: workstore/test2/坚持的力量/output.mp4
[2025-07-18 12:18:11,442] [INFO] [logger:55] - 迁移视频 19: user6 -> test4
[2025-07-18 12:18:11,442] [WARNING] [logger:66] - 新路径不存在，跳过迁移视频 19: workstore/test4/白雪公主的故事/output.mp4
[2025-07-18 12:18:11,442] [INFO] [logger:55] - 迁移视频 26: user6 -> test4
[2025-07-18 12:18:11,442] [WARNING] [logger:66] - 新路径不存在，跳过迁移视频 26: workstore/test4/人性弱点智慧/output.mp4
[2025-07-18 12:18:11,442] [INFO] [logger:55] - 迁移视频 27: user6 -> test4
[2025-07-18 12:18:11,442] [WARNING] [logger:66] - 新路径不存在，跳过迁移视频 27: workstore/test4/达克效应之谜/output.mp4
[2025-07-18 12:18:11,442] [INFO] [logger:55] - 迁移视频 32: user6 -> test4
[2025-07-18 12:18:11,443] [WARNING] [logger:66] - 新路径不存在，跳过迁移视频 32: workstore/test4/《金刚经》第一品：法会因由分/output.mp4
[2025-07-18 12:18:11,443] [INFO] [logger:55] - 迁移视频 33: user6 -> test4
[2025-07-18 12:18:11,443] [WARNING] [logger:66] - 新路径不存在，跳过迁移视频 33: workstore/test4/《金刚经》第二品善现启请分/output.mp4
[2025-07-18 12:18:11,443] [INFO] [logger:55] - 迁移视频 34: user1 -> admin
[2025-07-18 12:18:11,443] [WARNING] [logger:66] - 新路径不存在，跳过迁移视频 34: workstore/admin/小红帽的森林奇遇/output.mp4
[2025-07-18 12:18:11,443] [INFO] [logger:55] - 迁移视频 35: user8 -> test9
[2025-07-18 12:18:11,443] [WARNING] [logger:66] - 新路径不存在，跳过迁移视频 35: workstore/test9/《金刚经》第五品 如理实见分/output.mp4
[2025-07-18 12:18:11,444] [INFO] [logger:55] - 迁移视频 36: user8 -> test9
[2025-07-18 12:18:11,444] [WARNING] [logger:66] - 新路径不存在，跳过迁移视频 36: workstore/test9/《金刚经》第六品 正信希有分/output.mp4
[2025-07-18 12:18:11,444] [INFO] [logger:55] - 迁移视频 37: user1 -> admin
[2025-07-18 12:18:11,444] [WARNING] [logger:66] - 新路径不存在，跳过迁移视频 37: workstore/admin/停止按钮背后的故事/output.mp4
[2025-07-18 12:18:11,444] [INFO] [logger:55] - 迁移视频 38: user1 -> admin
[2025-07-18 12:18:11,444] [WARNING] [logger:66] - 新路径不存在，跳过迁移视频 38: workstore/admin/《金刚经》第八品 依法出生分/output.mp4
[2025-07-18 12:18:11,445] [INFO] [logger:55] - 视频路径迁移完成，共迁移 0 个视频
[2025-07-18 12:18:11,446] [INFO] [logger:55] - 没有发现中断的任务
[2025-07-18 12:18:11,446] [INFO] [logger:55] - 任务恢复检查完成
[2025-07-18 12:18:45,615] [INFO] [logger:55] - 正在检查并恢复中断的任务...
[2025-07-18 12:18:45,616] [INFO] [logger:55] - 检查服务器启动时是否有中断的任务需要恢复...
[2025-07-18 12:18:45,619] [INFO] [logger:55] - 开始迁移视频路径...
[2025-07-18 12:18:45,619] [INFO] [logger:55] - 迁移视频 13: user1 -> admin
[2025-07-18 12:18:45,619] [WARNING] [logger:66] - 新路径不存在，跳过迁移视频 13: workstore/admin/纳什均衡解析/output.mp4
[2025-07-18 12:18:45,619] [INFO] [logger:55] - 迁移视频 15: user1 -> admin
[2025-07-18 12:18:45,619] [WARNING] [logger:66] - 新路径不存在，跳过迁移视频 15: workstore/admin/白雪公主的童话/output.mp4
[2025-07-18 12:18:45,620] [INFO] [logger:55] - 迁移视频 18: user3 -> test2
[2025-07-18 12:18:45,620] [WARNING] [logger:66] - 新路径不存在，跳过迁移视频 18: workstore/test2/坚持的力量/output.mp4
[2025-07-18 12:18:45,620] [INFO] [logger:55] - 迁移视频 19: user6 -> test4
[2025-07-18 12:18:45,620] [WARNING] [logger:66] - 新路径不存在，跳过迁移视频 19: workstore/test4/白雪公主的故事/output.mp4
[2025-07-18 12:18:45,620] [INFO] [logger:55] - 迁移视频 26: user6 -> test4
[2025-07-18 12:18:45,620] [WARNING] [logger:66] - 新路径不存在，跳过迁移视频 26: workstore/test4/人性弱点智慧/output.mp4
[2025-07-18 12:18:45,620] [INFO] [logger:55] - 迁移视频 27: user6 -> test4
[2025-07-18 12:18:45,620] [WARNING] [logger:66] - 新路径不存在，跳过迁移视频 27: workstore/test4/达克效应之谜/output.mp4
[2025-07-18 12:18:45,620] [INFO] [logger:55] - 迁移视频 32: user6 -> test4
[2025-07-18 12:18:45,620] [WARNING] [logger:66] - 新路径不存在，跳过迁移视频 32: workstore/test4/《金刚经》第一品：法会因由分/output.mp4
[2025-07-18 12:18:45,620] [INFO] [logger:55] - 迁移视频 33: user6 -> test4
[2025-07-18 12:18:45,621] [WARNING] [logger:66] - 新路径不存在，跳过迁移视频 33: workstore/test4/《金刚经》第二品善现启请分/output.mp4
[2025-07-18 12:18:45,621] [INFO] [logger:55] - 迁移视频 34: user1 -> admin
[2025-07-18 12:18:45,621] [WARNING] [logger:66] - 新路径不存在，跳过迁移视频 34: workstore/admin/小红帽的森林奇遇/output.mp4
[2025-07-18 12:18:45,621] [INFO] [logger:55] - 迁移视频 35: user8 -> test9
[2025-07-18 12:18:45,621] [WARNING] [logger:66] - 新路径不存在，跳过迁移视频 35: workstore/test9/《金刚经》第五品 如理实见分/output.mp4
[2025-07-18 12:18:45,621] [INFO] [logger:55] - 迁移视频 36: user8 -> test9
[2025-07-18 12:18:45,621] [WARNING] [logger:66] - 新路径不存在，跳过迁移视频 36: workstore/test9/《金刚经》第六品 正信希有分/output.mp4
[2025-07-18 12:18:45,621] [INFO] [logger:55] - 迁移视频 37: user1 -> admin
[2025-07-18 12:18:45,621] [WARNING] [logger:66] - 新路径不存在，跳过迁移视频 37: workstore/admin/停止按钮背后的故事/output.mp4
[2025-07-18 12:18:45,622] [INFO] [logger:55] - 迁移视频 38: user1 -> admin
[2025-07-18 12:18:45,622] [WARNING] [logger:66] - 新路径不存在，跳过迁移视频 38: workstore/admin/《金刚经》第八品 依法出生分/output.mp4
[2025-07-18 12:18:45,622] [INFO] [logger:55] - 视频路径迁移完成，共迁移 0 个视频
[2025-07-18 12:18:45,623] [INFO] [logger:55] - 没有发现中断的任务
[2025-07-18 12:18:45,623] [INFO] [logger:55] - 任务恢复检查完成
[2025-07-18 13:48:59,148] [INFO] [logger:55] - 正在检查并恢复中断的任务...
[2025-07-18 13:48:59,149] [INFO] [logger:55] - 检查服务器启动时是否有中断的任务需要恢复...
[2025-07-18 13:48:59,152] [INFO] [logger:55] - 开始迁移视频路径...
[2025-07-18 13:48:59,152] [INFO] [logger:55] - 迁移视频 13: user1 -> admin
[2025-07-18 13:48:59,152] [WARNING] [logger:66] - 新路径不存在，跳过迁移视频 13: workstore/admin/纳什均衡解析/output.mp4
[2025-07-18 13:48:59,152] [INFO] [logger:55] - 迁移视频 15: user1 -> admin
[2025-07-18 13:48:59,152] [WARNING] [logger:66] - 新路径不存在，跳过迁移视频 15: workstore/admin/白雪公主的童话/output.mp4
[2025-07-18 13:48:59,152] [INFO] [logger:55] - 迁移视频 18: user3 -> test2
[2025-07-18 13:48:59,152] [WARNING] [logger:66] - 新路径不存在，跳过迁移视频 18: workstore/test2/坚持的力量/output.mp4
[2025-07-18 13:48:59,153] [INFO] [logger:55] - 迁移视频 19: user6 -> test4
[2025-07-18 13:48:59,153] [WARNING] [logger:66] - 新路径不存在，跳过迁移视频 19: workstore/test4/白雪公主的故事/output.mp4
[2025-07-18 13:48:59,153] [INFO] [logger:55] - 迁移视频 26: user6 -> test4
[2025-07-18 13:48:59,153] [WARNING] [logger:66] - 新路径不存在，跳过迁移视频 26: workstore/test4/人性弱点智慧/output.mp4
[2025-07-18 13:48:59,153] [INFO] [logger:55] - 迁移视频 27: user6 -> test4
[2025-07-18 13:48:59,153] [WARNING] [logger:66] - 新路径不存在，跳过迁移视频 27: workstore/test4/达克效应之谜/output.mp4
[2025-07-18 13:48:59,153] [INFO] [logger:55] - 迁移视频 32: user6 -> test4
[2025-07-18 13:48:59,153] [WARNING] [logger:66] - 新路径不存在，跳过迁移视频 32: workstore/test4/《金刚经》第一品：法会因由分/output.mp4
[2025-07-18 13:48:59,153] [INFO] [logger:55] - 迁移视频 33: user6 -> test4
[2025-07-18 13:48:59,153] [WARNING] [logger:66] - 新路径不存在，跳过迁移视频 33: workstore/test4/《金刚经》第二品善现启请分/output.mp4
[2025-07-18 13:48:59,154] [INFO] [logger:55] - 迁移视频 34: user1 -> admin
[2025-07-18 13:48:59,154] [WARNING] [logger:66] - 新路径不存在，跳过迁移视频 34: workstore/admin/小红帽的森林奇遇/output.mp4
[2025-07-18 13:48:59,154] [INFO] [logger:55] - 迁移视频 35: user8 -> test9
[2025-07-18 13:48:59,154] [WARNING] [logger:66] - 新路径不存在，跳过迁移视频 35: workstore/test9/《金刚经》第五品 如理实见分/output.mp4
[2025-07-18 13:48:59,154] [INFO] [logger:55] - 迁移视频 36: user8 -> test9
[2025-07-18 13:48:59,154] [WARNING] [logger:66] - 新路径不存在，跳过迁移视频 36: workstore/test9/《金刚经》第六品 正信希有分/output.mp4
[2025-07-18 13:48:59,154] [INFO] [logger:55] - 迁移视频 37: user1 -> admin
[2025-07-18 13:48:59,154] [WARNING] [logger:66] - 新路径不存在，跳过迁移视频 37: workstore/admin/停止按钮背后的故事/output.mp4
[2025-07-18 13:48:59,155] [INFO] [logger:55] - 迁移视频 38: user1 -> admin
[2025-07-18 13:48:59,155] [WARNING] [logger:66] - 新路径不存在，跳过迁移视频 38: workstore/admin/《金刚经》第八品 依法出生分/output.mp4
[2025-07-18 13:48:59,155] [INFO] [logger:55] - 视频路径迁移完成，共迁移 0 个视频
[2025-07-18 13:48:59,156] [INFO] [logger:55] - 没有发现中断的任务
[2025-07-18 13:48:59,156] [INFO] [logger:55] - 任务恢复检查完成
[2025-07-18 13:48:59,987] [INFO] [logger:55] - 正在检查并恢复中断的任务...
[2025-07-18 13:48:59,987] [INFO] [logger:55] - 检查服务器启动时是否有中断的任务需要恢复...
[2025-07-18 13:48:59,989] [INFO] [logger:55] - 开始迁移视频路径...
[2025-07-18 13:48:59,989] [INFO] [logger:55] - 迁移视频 13: user1 -> admin
[2025-07-18 13:48:59,989] [WARNING] [logger:66] - 新路径不存在，跳过迁移视频 13: workstore/admin/纳什均衡解析/output.mp4
[2025-07-18 13:48:59,989] [INFO] [logger:55] - 迁移视频 15: user1 -> admin
[2025-07-18 13:48:59,989] [WARNING] [logger:66] - 新路径不存在，跳过迁移视频 15: workstore/admin/白雪公主的童话/output.mp4
[2025-07-18 13:48:59,990] [INFO] [logger:55] - 迁移视频 18: user3 -> test2
[2025-07-18 13:48:59,990] [WARNING] [logger:66] - 新路径不存在，跳过迁移视频 18: workstore/test2/坚持的力量/output.mp4
[2025-07-18 13:48:59,990] [INFO] [logger:55] - 迁移视频 19: user6 -> test4
[2025-07-18 13:48:59,990] [WARNING] [logger:66] - 新路径不存在，跳过迁移视频 19: workstore/test4/白雪公主的故事/output.mp4
[2025-07-18 13:48:59,990] [INFO] [logger:55] - 迁移视频 26: user6 -> test4
[2025-07-18 13:48:59,990] [WARNING] [logger:66] - 新路径不存在，跳过迁移视频 26: workstore/test4/人性弱点智慧/output.mp4
[2025-07-18 13:48:59,990] [INFO] [logger:55] - 迁移视频 27: user6 -> test4
[2025-07-18 13:48:59,990] [WARNING] [logger:66] - 新路径不存在，跳过迁移视频 27: workstore/test4/达克效应之谜/output.mp4
[2025-07-18 13:48:59,991] [INFO] [logger:55] - 迁移视频 32: user6 -> test4
[2025-07-18 13:48:59,991] [WARNING] [logger:66] - 新路径不存在，跳过迁移视频 32: workstore/test4/《金刚经》第一品：法会因由分/output.mp4
[2025-07-18 13:48:59,991] [INFO] [logger:55] - 迁移视频 33: user6 -> test4
[2025-07-18 13:48:59,991] [WARNING] [logger:66] - 新路径不存在，跳过迁移视频 33: workstore/test4/《金刚经》第二品善现启请分/output.mp4
[2025-07-18 13:48:59,991] [INFO] [logger:55] - 迁移视频 34: user1 -> admin
[2025-07-18 13:48:59,991] [WARNING] [logger:66] - 新路径不存在，跳过迁移视频 34: workstore/admin/小红帽的森林奇遇/output.mp4
[2025-07-18 13:48:59,991] [INFO] [logger:55] - 迁移视频 35: user8 -> test9
[2025-07-18 13:48:59,991] [WARNING] [logger:66] - 新路径不存在，跳过迁移视频 35: workstore/test9/《金刚经》第五品 如理实见分/output.mp4
[2025-07-18 13:48:59,991] [INFO] [logger:55] - 迁移视频 36: user8 -> test9
[2025-07-18 13:48:59,991] [WARNING] [logger:66] - 新路径不存在，跳过迁移视频 36: workstore/test9/《金刚经》第六品 正信希有分/output.mp4
[2025-07-18 13:48:59,992] [INFO] [logger:55] - 迁移视频 37: user1 -> admin
[2025-07-18 13:48:59,992] [WARNING] [logger:66] - 新路径不存在，跳过迁移视频 37: workstore/admin/停止按钮背后的故事/output.mp4
[2025-07-18 13:48:59,992] [INFO] [logger:55] - 迁移视频 38: user1 -> admin
[2025-07-18 13:48:59,992] [WARNING] [logger:66] - 新路径不存在，跳过迁移视频 38: workstore/admin/《金刚经》第八品 依法出生分/output.mp4
[2025-07-18 13:48:59,993] [INFO] [logger:55] - 视频路径迁移完成，共迁移 0 个视频
[2025-07-18 13:48:59,994] [INFO] [logger:55] - 没有发现中断的任务
[2025-07-18 13:48:59,994] [INFO] [logger:55] - 任务恢复检查完成
[2025-07-18 13:49:09,209] [INFO] [logger:55] - 用户 admin 查看我的视频页面，共 9 个视频
[2025-07-18 13:49:09,396] [INFO] [app:2473] - 请求 workstore 文件: admin/测试视频文案/covers/cover_4:3.png
[2025-07-18 13:49:09,399] [INFO] [app:2473] - 请求 workstore 文件: admin/《金刚经》第二十六品 法身非相分/covers/cover_4:3.png
[2025-07-18 13:49:09,401] [INFO] [app:2473] - 请求 workstore 文件: admin/《金刚经》第二十五品 化无所化分/covers/cover_4:3.png
[2025-07-18 13:49:09,401] [INFO] [app:2473] - 请求 workstore 文件: user1/《金刚经》第八品 依法出生分/covers/cover_4:3.png
[2025-07-18 13:49:09,402] [INFO] [app:2473] - 请求 workstore 文件: user1/停止按钮背后的故事/covers/cover_4:3.png
[2025-07-18 13:49:09,402] [INFO] [app:2473] - 请求 workstore 文件: admin/《金刚经》无断无灭分/covers/cover_4:3.png
[2025-07-18 13:49:09,420] [INFO] [app:2473] - 请求 workstore 文件: user1/小红帽的森林奇遇/covers/cover_4:3.png
[2025-07-18 13:49:09,422] [INFO] [app:2473] - 请求 workstore 文件: user1/白雪公主的童话/covers/cover_4:3.png
[2025-07-18 13:49:09,429] [INFO] [app:2473] - 请求 workstore 文件: user1/纳什均衡解析/covers/cover_4:3.png
[2025-07-18 13:49:17,510] [INFO] [app:2473] - 请求 workstore 文件: admin/测试视频文案/output.mp4
[2025-07-18 13:49:17,537] [INFO] [app:2473] - 请求 workstore 文件: admin/测试视频文案/output.mp4
[2025-07-18 13:49:21,748] [INFO] [app:2473] - 请求 workstore 文件: admin/测试视频文案/output.mp4
[2025-07-18 13:49:21,752] [INFO] [app:2473] - 请求 workstore 文件: admin/测试视频文案/output.mp4
[2025-07-18 13:49:33,630] [INFO] [app:2473] - 请求 workstore 文件: admin/测试视频文案/output.mp4
[2025-07-18 13:49:39,353] [INFO] [app:2473] - 请求 workstore 文件: admin/测试视频文案/output.mp4
[2025-07-18 13:50:00,427] [INFO] [logger:55] - 用户 admin 生成视频扣除了 1 条额度，剩余 84 条
[2025-07-18 13:50:00,445] [INFO] [logger:55] - 用户 admin 的任务已加入队列，任务ID: 6
[2025-07-18 13:50:00,463] [INFO] [logger:55] - 开始处理用户 admin 的队列任务，任务ID: 6, 视频ID: 44
[2025-07-18 13:50:06,071] [INFO] [logger:55] - 用户 admin 生成视频扣除了 1 条额度，剩余 83 条
[2025-07-18 13:50:06,083] [INFO] [logger:55] - 用户 admin 的任务已加入队列，任务ID: 7
[2025-07-18 13:50:10,749] [INFO] [logger:55] - 开始处理用户 admin 的队列任务，任务ID: 7, 视频ID: 44
[2025-07-18 13:50:23,975] [INFO] [logger:55] - 用户 admin 查看我的视频页面，共 9 个视频
[2025-07-18 13:50:24,121] [INFO] [app:2473] - 请求 workstore 文件: admin/《金刚经》第二十六品 法身非相分/covers/cover_4:3.png
[2025-07-18 13:50:24,123] [INFO] [app:2473] - 请求 workstore 文件: admin/《金刚经》无断无灭分/covers/cover_4:3.png
[2025-07-18 13:50:24,129] [INFO] [app:2473] - 请求 workstore 文件: admin/《金刚经》第二十五品 化无所化分/covers/cover_4:3.png
[2025-07-18 13:50:24,130] [INFO] [app:2473] - 请求 workstore 文件: user1/《金刚经》第八品 依法出生分/covers/cover_4:3.png
[2025-07-18 13:50:24,130] [INFO] [app:2473] - 请求 workstore 文件: user1/停止按钮背后的故事/covers/cover_4:3.png
[2025-07-18 13:50:24,144] [INFO] [app:2473] - 请求 workstore 文件: user1/纳什均衡解析/covers/cover_4:3.png
[2025-07-18 13:50:24,144] [INFO] [app:2473] - 请求 workstore 文件: user1/白雪公主的童话/covers/cover_4:3.png
[2025-07-18 13:50:24,144] [INFO] [app:2473] - 请求 workstore 文件: user1/小红帽的森林奇遇/covers/cover_4:3.png
[2025-07-18 13:50:56,313] [INFO] [logger:55] - 用户 admin 查看我的视频页面，共 9 个视频
[2025-07-18 13:50:56,458] [INFO] [app:2473] - 请求 workstore 文件: admin/《金刚经》无断无灭分/covers/cover_4:3.png
[2025-07-18 13:50:56,461] [INFO] [app:2473] - 请求 workstore 文件: admin/《金刚经》第二十六品 法身非相分/covers/cover_4:3.png
[2025-07-18 13:50:56,465] [INFO] [app:2473] - 请求 workstore 文件: user1/停止按钮背后的故事/covers/cover_4:3.png
[2025-07-18 13:50:56,465] [INFO] [app:2473] - 请求 workstore 文件: admin/《金刚经》第二十五品 化无所化分/covers/cover_4:3.png
[2025-07-18 13:50:56,472] [INFO] [app:2473] - 请求 workstore 文件: user1/小红帽的森林奇遇/covers/cover_4:3.png
[2025-07-18 13:50:56,472] [INFO] [app:2473] - 请求 workstore 文件: user1/《金刚经》第八品 依法出生分/covers/cover_4:3.png
[2025-07-18 13:50:56,479] [INFO] [app:2473] - 请求 workstore 文件: user1/白雪公主的童话/covers/cover_4:3.png
[2025-07-18 13:50:56,481] [INFO] [app:2473] - 请求 workstore 文件: user1/纳什均衡解析/covers/cover_4:3.png
[2025-07-18 13:51:10,663] [ERROR] [logger:62] - 队列视频生成任务失败: 任务被用户主动取消
[2025-07-18 13:53:14,227] [INFO] [logger:55] - 用户 admin 查看我的视频页面，共 9 个视频
[2025-07-18 13:53:14,496] [INFO] [app:2473] - 请求 workstore 文件: admin/《金刚经》第二十六品 法身非相分/covers/cover_4:3.png
[2025-07-18 13:53:14,498] [INFO] [app:2473] - 请求 workstore 文件: user1/《金刚经》第八品 依法出生分/covers/cover_4:3.png
[2025-07-18 13:53:14,499] [INFO] [app:2473] - 请求 workstore 文件: admin/《金刚经》无断无灭分/covers/cover_4:3.png
[2025-07-18 13:53:14,505] [INFO] [app:2473] - 请求 workstore 文件: admin/《金刚经》第二十五品 化无所化分/covers/cover_4:3.png
[2025-07-18 13:53:14,511] [INFO] [app:2473] - 请求 workstore 文件: user1/停止按钮背后的故事/covers/cover_4:3.png
[2025-07-18 13:53:14,515] [INFO] [app:2473] - 请求 workstore 文件: user1/小红帽的森林奇遇/covers/cover_4:3.png
[2025-07-18 13:53:14,522] [INFO] [app:2473] - 请求 workstore 文件: user1/白雪公主的童话/covers/cover_4:3.png
[2025-07-18 13:53:14,523] [INFO] [app:2473] - 请求 workstore 文件: user1/纳什均衡解析/covers/cover_4:3.png
[2025-07-18 13:55:27,516] [INFO] [logger:55] - 正在检查并恢复中断的任务...
[2025-07-18 13:55:27,516] [INFO] [logger:55] - 检查服务器启动时是否有中断的任务需要恢复...
[2025-07-18 13:55:27,518] [INFO] [logger:55] - 开始迁移视频路径...
[2025-07-18 13:55:27,519] [INFO] [logger:55] - 迁移视频 13: user1 -> admin
[2025-07-18 13:55:27,519] [WARNING] [logger:66] - 新路径不存在，跳过迁移视频 13: workstore/admin/纳什均衡解析/output.mp4
[2025-07-18 13:55:27,519] [INFO] [logger:55] - 迁移视频 15: user1 -> admin
[2025-07-18 13:55:27,519] [WARNING] [logger:66] - 新路径不存在，跳过迁移视频 15: workstore/admin/白雪公主的童话/output.mp4
[2025-07-18 13:55:27,519] [INFO] [logger:55] - 迁移视频 18: user3 -> test2
[2025-07-18 13:55:27,519] [WARNING] [logger:66] - 新路径不存在，跳过迁移视频 18: workstore/test2/坚持的力量/output.mp4
[2025-07-18 13:55:27,520] [INFO] [logger:55] - 迁移视频 19: user6 -> test4
[2025-07-18 13:55:27,520] [WARNING] [logger:66] - 新路径不存在，跳过迁移视频 19: workstore/test4/白雪公主的故事/output.mp4
[2025-07-18 13:55:27,520] [INFO] [logger:55] - 迁移视频 26: user6 -> test4
[2025-07-18 13:55:27,520] [WARNING] [logger:66] - 新路径不存在，跳过迁移视频 26: workstore/test4/人性弱点智慧/output.mp4
[2025-07-18 13:55:27,520] [INFO] [logger:55] - 迁移视频 27: user6 -> test4
[2025-07-18 13:55:27,520] [WARNING] [logger:66] - 新路径不存在，跳过迁移视频 27: workstore/test4/达克效应之谜/output.mp4
[2025-07-18 13:55:27,520] [INFO] [logger:55] - 迁移视频 32: user6 -> test4
[2025-07-18 13:55:27,520] [WARNING] [logger:66] - 新路径不存在，跳过迁移视频 32: workstore/test4/《金刚经》第一品：法会因由分/output.mp4
[2025-07-18 13:55:27,520] [INFO] [logger:55] - 迁移视频 33: user6 -> test4
[2025-07-18 13:55:27,520] [WARNING] [logger:66] - 新路径不存在，跳过迁移视频 33: workstore/test4/《金刚经》第二品善现启请分/output.mp4
[2025-07-18 13:55:27,520] [INFO] [logger:55] - 迁移视频 34: user1 -> admin
[2025-07-18 13:55:27,520] [WARNING] [logger:66] - 新路径不存在，跳过迁移视频 34: workstore/admin/小红帽的森林奇遇/output.mp4
[2025-07-18 13:55:27,521] [INFO] [logger:55] - 迁移视频 35: user8 -> test9
[2025-07-18 13:55:27,521] [WARNING] [logger:66] - 新路径不存在，跳过迁移视频 35: workstore/test9/《金刚经》第五品 如理实见分/output.mp4
[2025-07-18 13:55:27,521] [INFO] [logger:55] - 迁移视频 36: user8 -> test9
[2025-07-18 13:55:27,521] [WARNING] [logger:66] - 新路径不存在，跳过迁移视频 36: workstore/test9/《金刚经》第六品 正信希有分/output.mp4
[2025-07-18 13:55:27,521] [INFO] [logger:55] - 迁移视频 37: user1 -> admin
[2025-07-18 13:55:27,521] [WARNING] [logger:66] - 新路径不存在，跳过迁移视频 37: workstore/admin/停止按钮背后的故事/output.mp4
[2025-07-18 13:55:27,522] [INFO] [logger:55] - 迁移视频 38: user1 -> admin
[2025-07-18 13:55:27,522] [WARNING] [logger:66] - 新路径不存在，跳过迁移视频 38: workstore/admin/《金刚经》第八品 依法出生分/output.mp4
[2025-07-18 13:55:27,522] [INFO] [logger:55] - 视频路径迁移完成，共迁移 0 个视频
[2025-07-18 13:55:27,523] [INFO] [logger:55] - 发现 1 个中断的任务，开始恢复...
[2025-07-18 13:55:27,526] [INFO] [logger:55] - 重置视频ID 44 状态为pending
[2025-07-18 13:55:27,527] [INFO] [logger:55] - 恢复任务 7，用户 1，标题: 测试2...
[2025-07-18 13:55:27,527] [INFO] [logger:55] - 任务 7 已重新启动
[2025-07-18 13:55:27,528] [INFO] [logger:55] - 任务恢复完成
[2025-07-18 13:55:27,528] [INFO] [logger:55] - 任务恢复检查完成
[2025-07-18 13:55:27,533] [INFO] [logger:55] - 开始处理用户 admin 的队列任务，任务ID: 7, 视频ID: 45
[2025-07-18 13:56:36,705] [ERROR] [logger:62] - 查询视频状态出错 - 视频ID: 45, 错误: 404 Not Found: The requested URL was not found on the server. If you entered the URL manually please check your spelling and try again.
[2025-07-18 13:57:27,932] [ERROR] [logger:62] - 队列视频生成任务失败: 任务被用户主动取消
[2025-07-18 13:59:56,931] [INFO] [logger:55] - 用户 admin 生成视频扣除了 1 条额度，剩余 84 条
[2025-07-18 13:59:56,935] [INFO] [logger:55] - 用户 admin 的任务已加入队列，任务ID: 6
[2025-07-18 13:59:56,943] [INFO] [logger:55] - 开始处理用户 admin 的队列任务，任务ID: 6, 视频ID: 45
[2025-07-18 14:00:46,927] [INFO] [logger:55] - 用户 admin 查看我的视频页面，共 10 个视频
[2025-07-18 14:00:47,075] [INFO] [app:2468] - 请求 workstore 文件: admin/《金刚经》第二十六品 法身非相分/covers/cover_4:3.png
[2025-07-18 14:00:47,077] [INFO] [app:2468] - 请求 workstore 文件: admin/《金刚经》第二十五品 化无所化分/covers/cover_4:3.png
[2025-07-18 14:00:47,078] [INFO] [app:2468] - 请求 workstore 文件: admin/《金刚经》无断无灭分/covers/cover_4:3.png
[2025-07-18 14:00:47,079] [INFO] [app:2468] - 请求 workstore 文件: user1/《金刚经》第八品 依法出生分/covers/cover_4:3.png
[2025-07-18 14:00:47,086] [INFO] [app:2468] - 请求 workstore 文件: user1/停止按钮背后的故事/covers/cover_4:3.png
[2025-07-18 14:00:47,090] [INFO] [app:2468] - 请求 workstore 文件: user1/小红帽的森林奇遇/covers/cover_4:3.png
[2025-07-18 14:00:47,093] [INFO] [app:2468] - 请求 workstore 文件: user1/白雪公主的童话/covers/cover_4:3.png
[2025-07-18 14:00:47,094] [INFO] [app:2468] - 请求 workstore 文件: user1/纳什均衡解析/covers/cover_4:3.png
[2025-07-18 14:01:50,365] [ERROR] [logger:62] - 队列视频生成任务失败: Connection error.
[2025-07-18 14:05:10,137] [INFO] [logger:55] - 用户 admin 查看我的视频页面，共 10 个视频
[2025-07-18 14:05:10,330] [INFO] [app:2468] - 请求 workstore 文件: admin/《金刚经》第二十六品 法身非相分/covers/cover_4:3.png
[2025-07-18 14:05:10,351] [INFO] [app:2468] - 请求 workstore 文件: admin/《金刚经》无断无灭分/covers/cover_4:3.png
[2025-07-18 14:05:10,352] [INFO] [app:2468] - 请求 workstore 文件: admin/《金刚经》第二十五品 化无所化分/covers/cover_4:3.png
[2025-07-18 14:05:10,354] [INFO] [app:2468] - 请求 workstore 文件: user1/停止按钮背后的故事/covers/cover_4:3.png
[2025-07-18 14:05:10,354] [INFO] [app:2468] - 请求 workstore 文件: user1/白雪公主的童话/covers/cover_4:3.png
[2025-07-18 14:05:10,355] [INFO] [app:2468] - 请求 workstore 文件: user1/《金刚经》第八品 依法出生分/covers/cover_4:3.png
[2025-07-18 14:05:10,355] [INFO] [app:2468] - 请求 workstore 文件: user1/小红帽的森林奇遇/covers/cover_4:3.png
[2025-07-18 14:05:10,360] [INFO] [app:2468] - 请求 workstore 文件: user1/纳什均衡解析/covers/cover_4:3.png
[2025-07-18 14:05:18,932] [INFO] [logger:55] - 用户 admin 查看我的视频页面，共 9 个视频
[2025-07-18 14:05:19,099] [INFO] [app:2468] - 请求 workstore 文件: admin/《金刚经》无断无灭分/covers/cover_4:3.png
[2025-07-18 14:05:19,113] [INFO] [app:2468] - 请求 workstore 文件: admin/《金刚经》第二十六品 法身非相分/covers/cover_4:3.png
[2025-07-18 14:05:19,116] [INFO] [app:2468] - 请求 workstore 文件: user1/《金刚经》第八品 依法出生分/covers/cover_4:3.png
[2025-07-18 14:05:19,116] [INFO] [app:2468] - 请求 workstore 文件: admin/《金刚经》第二十五品 化无所化分/covers/cover_4:3.png
[2025-07-18 14:05:19,117] [INFO] [app:2468] - 请求 workstore 文件: user1/停止按钮背后的故事/covers/cover_4:3.png
[2025-07-18 14:05:19,120] [INFO] [app:2468] - 请求 workstore 文件: user1/小红帽的森林奇遇/covers/cover_4:3.png
[2025-07-18 14:05:19,121] [INFO] [app:2468] - 请求 workstore 文件: user1/白雪公主的童话/covers/cover_4:3.png
[2025-07-18 14:05:19,123] [INFO] [app:2468] - 请求 workstore 文件: user1/纳什均衡解析/covers/cover_4:3.png
[2025-07-18 14:05:24,242] [INFO] [logger:55] - 用户 admin 生成视频扣除了 1 条额度，剩余 83 条
[2025-07-18 14:05:24,244] [INFO] [logger:55] - 用户 admin 的任务已加入队列，任务ID: 7
[2025-07-18 14:05:24,253] [INFO] [logger:55] - 开始处理用户 admin 的队列任务，任务ID: 7, 视频ID: 45
[2025-07-18 14:05:41,727] [INFO] [logger:55] - 正在检查并恢复中断的任务...
[2025-07-18 14:05:41,727] [INFO] [logger:55] - 检查服务器启动时是否有中断的任务需要恢复...
[2025-07-18 14:05:41,729] [INFO] [logger:55] - 开始迁移视频路径...
[2025-07-18 14:05:41,729] [INFO] [logger:55] - 迁移视频 13: user1 -> admin
[2025-07-18 14:05:41,729] [WARNING] [logger:66] - 新路径不存在，跳过迁移视频 13: workstore/admin/纳什均衡解析/output.mp4
[2025-07-18 14:05:41,729] [INFO] [logger:55] - 迁移视频 15: user1 -> admin
[2025-07-18 14:05:41,729] [WARNING] [logger:66] - 新路径不存在，跳过迁移视频 15: workstore/admin/白雪公主的童话/output.mp4
[2025-07-18 14:05:41,730] [INFO] [logger:55] - 迁移视频 18: user3 -> test2
[2025-07-18 14:05:41,730] [WARNING] [logger:66] - 新路径不存在，跳过迁移视频 18: workstore/test2/坚持的力量/output.mp4
[2025-07-18 14:05:41,730] [INFO] [logger:55] - 迁移视频 19: user6 -> test4
[2025-07-18 14:05:41,730] [WARNING] [logger:66] - 新路径不存在，跳过迁移视频 19: workstore/test4/白雪公主的故事/output.mp4
[2025-07-18 14:05:41,730] [INFO] [logger:55] - 迁移视频 26: user6 -> test4
[2025-07-18 14:05:41,730] [WARNING] [logger:66] - 新路径不存在，跳过迁移视频 26: workstore/test4/人性弱点智慧/output.mp4
[2025-07-18 14:05:41,731] [INFO] [logger:55] - 迁移视频 27: user6 -> test4
[2025-07-18 14:05:41,731] [WARNING] [logger:66] - 新路径不存在，跳过迁移视频 27: workstore/test4/达克效应之谜/output.mp4
[2025-07-18 14:05:41,731] [INFO] [logger:55] - 迁移视频 32: user6 -> test4
[2025-07-18 14:05:41,731] [WARNING] [logger:66] - 新路径不存在，跳过迁移视频 32: workstore/test4/《金刚经》第一品：法会因由分/output.mp4
[2025-07-18 14:05:41,731] [INFO] [logger:55] - 迁移视频 33: user6 -> test4
[2025-07-18 14:05:41,731] [WARNING] [logger:66] - 新路径不存在，跳过迁移视频 33: workstore/test4/《金刚经》第二品善现启请分/output.mp4
[2025-07-18 14:05:41,731] [INFO] [logger:55] - 迁移视频 34: user1 -> admin
[2025-07-18 14:05:41,731] [WARNING] [logger:66] - 新路径不存在，跳过迁移视频 34: workstore/admin/小红帽的森林奇遇/output.mp4
[2025-07-18 14:05:41,731] [INFO] [logger:55] - 迁移视频 35: user8 -> test9
[2025-07-18 14:05:41,731] [WARNING] [logger:66] - 新路径不存在，跳过迁移视频 35: workstore/test9/《金刚经》第五品 如理实见分/output.mp4
[2025-07-18 14:05:41,732] [INFO] [logger:55] - 迁移视频 36: user8 -> test9
[2025-07-18 14:05:41,732] [WARNING] [logger:66] - 新路径不存在，跳过迁移视频 36: workstore/test9/《金刚经》第六品 正信希有分/output.mp4
[2025-07-18 14:05:41,732] [INFO] [logger:55] - 迁移视频 37: user1 -> admin
[2025-07-18 14:05:41,732] [WARNING] [logger:66] - 新路径不存在，跳过迁移视频 37: workstore/admin/停止按钮背后的故事/output.mp4
[2025-07-18 14:05:41,732] [INFO] [logger:55] - 迁移视频 38: user1 -> admin
[2025-07-18 14:05:41,732] [WARNING] [logger:66] - 新路径不存在，跳过迁移视频 38: workstore/admin/《金刚经》第八品 依法出生分/output.mp4
[2025-07-18 14:05:41,733] [INFO] [logger:55] - 视频路径迁移完成，共迁移 0 个视频
[2025-07-18 14:05:41,734] [INFO] [logger:55] - 发现 1 个中断的任务，开始恢复...
[2025-07-18 14:05:41,736] [INFO] [logger:55] - 重置视频ID 45 状态为pending
[2025-07-18 14:05:41,738] [INFO] [logger:55] - 恢复任务 7，用户 1，标题: 测试...
[2025-07-18 14:05:41,738] [INFO] [logger:55] - 任务 7 已重新启动
[2025-07-18 14:05:41,739] [INFO] [logger:55] - 任务恢复完成
[2025-07-18 14:05:41,739] [INFO] [logger:55] - 任务恢复检查完成
[2025-07-18 14:05:41,746] [INFO] [logger:55] - 开始处理用户 admin 的队列任务，任务ID: 7, 视频ID: 46
[2025-07-18 14:05:42,592] [INFO] [logger:55] - 正在检查并恢复中断的任务...
[2025-07-18 14:05:42,592] [INFO] [logger:55] - 检查服务器启动时是否有中断的任务需要恢复...
[2025-07-18 14:05:42,595] [INFO] [logger:55] - 开始迁移视频路径...
[2025-07-18 14:05:42,595] [INFO] [logger:55] - 迁移视频 13: user1 -> admin
[2025-07-18 14:05:42,595] [WARNING] [logger:66] - 新路径不存在，跳过迁移视频 13: workstore/admin/纳什均衡解析/output.mp4
[2025-07-18 14:05:42,595] [INFO] [logger:55] - 迁移视频 15: user1 -> admin
[2025-07-18 14:05:42,595] [WARNING] [logger:66] - 新路径不存在，跳过迁移视频 15: workstore/admin/白雪公主的童话/output.mp4
[2025-07-18 14:05:42,596] [INFO] [logger:55] - 迁移视频 18: user3 -> test2
[2025-07-18 14:05:42,596] [WARNING] [logger:66] - 新路径不存在，跳过迁移视频 18: workstore/test2/坚持的力量/output.mp4
[2025-07-18 14:05:42,596] [INFO] [logger:55] - 迁移视频 19: user6 -> test4
[2025-07-18 14:05:42,596] [WARNING] [logger:66] - 新路径不存在，跳过迁移视频 19: workstore/test4/白雪公主的故事/output.mp4
[2025-07-18 14:05:42,596] [INFO] [logger:55] - 迁移视频 26: user6 -> test4
[2025-07-18 14:05:42,596] [WARNING] [logger:66] - 新路径不存在，跳过迁移视频 26: workstore/test4/人性弱点智慧/output.mp4
[2025-07-18 14:05:42,596] [INFO] [logger:55] - 迁移视频 27: user6 -> test4
[2025-07-18 14:05:42,596] [WARNING] [logger:66] - 新路径不存在，跳过迁移视频 27: workstore/test4/达克效应之谜/output.mp4
[2025-07-18 14:05:42,597] [INFO] [logger:55] - 迁移视频 32: user6 -> test4
[2025-07-18 14:05:42,597] [WARNING] [logger:66] - 新路径不存在，跳过迁移视频 32: workstore/test4/《金刚经》第一品：法会因由分/output.mp4
[2025-07-18 14:05:42,597] [INFO] [logger:55] - 迁移视频 33: user6 -> test4
[2025-07-18 14:05:42,597] [WARNING] [logger:66] - 新路径不存在，跳过迁移视频 33: workstore/test4/《金刚经》第二品善现启请分/output.mp4
[2025-07-18 14:05:42,597] [INFO] [logger:55] - 迁移视频 34: user1 -> admin
[2025-07-18 14:05:42,597] [WARNING] [logger:66] - 新路径不存在，跳过迁移视频 34: workstore/admin/小红帽的森林奇遇/output.mp4
[2025-07-18 14:05:42,597] [INFO] [logger:55] - 迁移视频 35: user8 -> test9
[2025-07-18 14:05:42,597] [WARNING] [logger:66] - 新路径不存在，跳过迁移视频 35: workstore/test9/《金刚经》第五品 如理实见分/output.mp4
[2025-07-18 14:05:42,597] [INFO] [logger:55] - 迁移视频 36: user8 -> test9
[2025-07-18 14:05:42,597] [WARNING] [logger:66] - 新路径不存在，跳过迁移视频 36: workstore/test9/《金刚经》第六品 正信希有分/output.mp4
[2025-07-18 14:05:42,598] [INFO] [logger:55] - 迁移视频 37: user1 -> admin
[2025-07-18 14:05:42,598] [WARNING] [logger:66] - 新路径不存在，跳过迁移视频 37: workstore/admin/停止按钮背后的故事/output.mp4
[2025-07-18 14:05:42,598] [INFO] [logger:55] - 迁移视频 38: user1 -> admin
[2025-07-18 14:05:42,598] [WARNING] [logger:66] - 新路径不存在，跳过迁移视频 38: workstore/admin/《金刚经》第八品 依法出生分/output.mp4
[2025-07-18 14:05:42,599] [INFO] [logger:55] - 视频路径迁移完成，共迁移 0 个视频
[2025-07-18 14:05:42,600] [INFO] [logger:55] - 发现 1 个中断的任务，开始恢复...
[2025-07-18 14:05:42,601] [INFO] [logger:55] - 重置视频ID 46 状态为pending
[2025-07-18 14:05:42,602] [INFO] [logger:55] - 恢复任务 7，用户 1，标题: 测试...
[2025-07-18 14:05:42,603] [INFO] [logger:55] - 任务 7 已重新启动
[2025-07-18 14:05:42,603] [INFO] [logger:55] - 任务恢复完成
[2025-07-18 14:05:42,603] [INFO] [logger:55] - 任务恢复检查完成
[2025-07-18 14:05:42,612] [INFO] [logger:55] - 开始处理用户 admin 的队列任务，任务ID: 7, 视频ID: 47
[2025-07-18 14:05:51,176] [ERROR] [logger:62] - 查询视频状态出错 - 视频ID: 47, 错误: 404 Not Found: The requested URL was not found on the server. If you entered the URL manually please check your spelling and try again.
[2025-07-18 14:06:00,697] [INFO] [logger:55] - 用户 admin 生成视频扣除了 1 条额度，剩余 83 条
[2025-07-18 14:06:00,703] [INFO] [logger:55] - 用户 admin 的任务已加入队列，任务ID: 7
[2025-07-18 14:06:00,732] [INFO] [logger:55] - 开始处理用户 admin 的队列任务，任务ID: 7, 视频ID: 47
[2025-07-18 14:06:51,004] [INFO] [logger:55] - 正在检查并恢复中断的任务...
[2025-07-18 14:06:51,004] [INFO] [logger:55] - 检查服务器启动时是否有中断的任务需要恢复...
[2025-07-18 14:06:51,007] [INFO] [logger:55] - 开始迁移视频路径...
[2025-07-18 14:06:51,007] [INFO] [logger:55] - 迁移视频 13: user1 -> admin
[2025-07-18 14:06:51,007] [WARNING] [logger:66] - 新路径不存在，跳过迁移视频 13: workstore/admin/纳什均衡解析/output.mp4
[2025-07-18 14:06:51,008] [INFO] [logger:55] - 迁移视频 15: user1 -> admin
[2025-07-18 14:06:51,008] [WARNING] [logger:66] - 新路径不存在，跳过迁移视频 15: workstore/admin/白雪公主的童话/output.mp4
[2025-07-18 14:06:51,008] [INFO] [logger:55] - 迁移视频 18: user3 -> test2
[2025-07-18 14:06:51,008] [WARNING] [logger:66] - 新路径不存在，跳过迁移视频 18: workstore/test2/坚持的力量/output.mp4
[2025-07-18 14:06:51,008] [INFO] [logger:55] - 迁移视频 19: user6 -> test4
[2025-07-18 14:06:51,008] [WARNING] [logger:66] - 新路径不存在，跳过迁移视频 19: workstore/test4/白雪公主的故事/output.mp4
[2025-07-18 14:06:51,008] [INFO] [logger:55] - 迁移视频 26: user6 -> test4
[2025-07-18 14:06:51,008] [WARNING] [logger:66] - 新路径不存在，跳过迁移视频 26: workstore/test4/人性弱点智慧/output.mp4
[2025-07-18 14:06:51,009] [INFO] [logger:55] - 迁移视频 27: user6 -> test4
[2025-07-18 14:06:51,009] [WARNING] [logger:66] - 新路径不存在，跳过迁移视频 27: workstore/test4/达克效应之谜/output.mp4
[2025-07-18 14:06:51,009] [INFO] [logger:55] - 迁移视频 32: user6 -> test4
[2025-07-18 14:06:51,009] [WARNING] [logger:66] - 新路径不存在，跳过迁移视频 32: workstore/test4/《金刚经》第一品：法会因由分/output.mp4
[2025-07-18 14:06:51,009] [INFO] [logger:55] - 迁移视频 33: user6 -> test4
[2025-07-18 14:06:51,009] [WARNING] [logger:66] - 新路径不存在，跳过迁移视频 33: workstore/test4/《金刚经》第二品善现启请分/output.mp4
[2025-07-18 14:06:51,009] [INFO] [logger:55] - 迁移视频 34: user1 -> admin
[2025-07-18 14:06:51,009] [WARNING] [logger:66] - 新路径不存在，跳过迁移视频 34: workstore/admin/小红帽的森林奇遇/output.mp4
[2025-07-18 14:06:51,010] [INFO] [logger:55] - 迁移视频 35: user8 -> test9
[2025-07-18 14:06:51,010] [WARNING] [logger:66] - 新路径不存在，跳过迁移视频 35: workstore/test9/《金刚经》第五品 如理实见分/output.mp4
[2025-07-18 14:06:51,010] [INFO] [logger:55] - 迁移视频 36: user8 -> test9
[2025-07-18 14:06:51,010] [WARNING] [logger:66] - 新路径不存在，跳过迁移视频 36: workstore/test9/《金刚经》第六品 正信希有分/output.mp4
[2025-07-18 14:06:51,010] [INFO] [logger:55] - 迁移视频 37: user1 -> admin
[2025-07-18 14:06:51,010] [WARNING] [logger:66] - 新路径不存在，跳过迁移视频 37: workstore/admin/停止按钮背后的故事/output.mp4
[2025-07-18 14:06:51,010] [INFO] [logger:55] - 迁移视频 38: user1 -> admin
[2025-07-18 14:06:51,010] [WARNING] [logger:66] - 新路径不存在，跳过迁移视频 38: workstore/admin/《金刚经》第八品 依法出生分/output.mp4
[2025-07-18 14:06:51,011] [INFO] [logger:55] - 视频路径迁移完成，共迁移 0 个视频
[2025-07-18 14:06:51,012] [INFO] [logger:55] - 发现 1 个中断的任务，开始恢复...
[2025-07-18 14:06:51,013] [INFO] [logger:55] - 重置视频ID 47 状态为pending
[2025-07-18 14:06:51,015] [INFO] [logger:55] - 恢复任务 7，用户 1，标题: 测试...
[2025-07-18 14:06:51,015] [INFO] [logger:55] - 任务 7 已重新启动
[2025-07-18 14:06:51,015] [INFO] [logger:55] - 任务恢复完成
[2025-07-18 14:06:51,016] [INFO] [logger:55] - 任务恢复检查完成
[2025-07-18 14:06:51,022] [INFO] [logger:55] - 开始处理用户 admin 的队列任务，任务ID: 7, 视频ID: 48
[2025-07-18 14:06:51,936] [INFO] [logger:55] - 正在检查并恢复中断的任务...
[2025-07-18 14:06:51,936] [INFO] [logger:55] - 检查服务器启动时是否有中断的任务需要恢复...
[2025-07-18 14:06:51,939] [INFO] [logger:55] - 开始迁移视频路径...
[2025-07-18 14:06:51,939] [INFO] [logger:55] - 迁移视频 13: user1 -> admin
[2025-07-18 14:06:51,939] [WARNING] [logger:66] - 新路径不存在，跳过迁移视频 13: workstore/admin/纳什均衡解析/output.mp4
[2025-07-18 14:06:51,939] [INFO] [logger:55] - 迁移视频 15: user1 -> admin
[2025-07-18 14:06:51,939] [WARNING] [logger:66] - 新路径不存在，跳过迁移视频 15: workstore/admin/白雪公主的童话/output.mp4
[2025-07-18 14:06:51,939] [INFO] [logger:55] - 迁移视频 18: user3 -> test2
[2025-07-18 14:06:51,939] [WARNING] [logger:66] - 新路径不存在，跳过迁移视频 18: workstore/test2/坚持的力量/output.mp4
[2025-07-18 14:06:51,940] [INFO] [logger:55] - 迁移视频 19: user6 -> test4
[2025-07-18 14:06:51,940] [WARNING] [logger:66] - 新路径不存在，跳过迁移视频 19: workstore/test4/白雪公主的故事/output.mp4
[2025-07-18 14:06:51,940] [INFO] [logger:55] - 迁移视频 26: user6 -> test4
[2025-07-18 14:06:51,940] [WARNING] [logger:66] - 新路径不存在，跳过迁移视频 26: workstore/test4/人性弱点智慧/output.mp4
[2025-07-18 14:06:51,940] [INFO] [logger:55] - 迁移视频 27: user6 -> test4
[2025-07-18 14:06:51,940] [WARNING] [logger:66] - 新路径不存在，跳过迁移视频 27: workstore/test4/达克效应之谜/output.mp4
[2025-07-18 14:06:51,940] [INFO] [logger:55] - 迁移视频 32: user6 -> test4
[2025-07-18 14:06:51,940] [WARNING] [logger:66] - 新路径不存在，跳过迁移视频 32: workstore/test4/《金刚经》第一品：法会因由分/output.mp4
[2025-07-18 14:06:51,940] [INFO] [logger:55] - 迁移视频 33: user6 -> test4
[2025-07-18 14:06:51,940] [WARNING] [logger:66] - 新路径不存在，跳过迁移视频 33: workstore/test4/《金刚经》第二品善现启请分/output.mp4
[2025-07-18 14:06:51,941] [INFO] [logger:55] - 迁移视频 34: user1 -> admin
[2025-07-18 14:06:51,941] [WARNING] [logger:66] - 新路径不存在，跳过迁移视频 34: workstore/admin/小红帽的森林奇遇/output.mp4
[2025-07-18 14:06:51,941] [INFO] [logger:55] - 迁移视频 35: user8 -> test9
[2025-07-18 14:06:51,941] [WARNING] [logger:66] - 新路径不存在，跳过迁移视频 35: workstore/test9/《金刚经》第五品 如理实见分/output.mp4
[2025-07-18 14:06:51,941] [INFO] [logger:55] - 迁移视频 36: user8 -> test9
[2025-07-18 14:06:51,941] [WARNING] [logger:66] - 新路径不存在，跳过迁移视频 36: workstore/test9/《金刚经》第六品 正信希有分/output.mp4
[2025-07-18 14:06:51,941] [INFO] [logger:55] - 迁移视频 37: user1 -> admin
[2025-07-18 14:06:51,942] [WARNING] [logger:66] - 新路径不存在，跳过迁移视频 37: workstore/admin/停止按钮背后的故事/output.mp4
[2025-07-18 14:06:51,942] [INFO] [logger:55] - 迁移视频 38: user1 -> admin
[2025-07-18 14:06:51,942] [WARNING] [logger:66] - 新路径不存在，跳过迁移视频 38: workstore/admin/《金刚经》第八品 依法出生分/output.mp4
[2025-07-18 14:06:51,943] [INFO] [logger:55] - 视频路径迁移完成，共迁移 0 个视频
[2025-07-18 14:06:51,944] [INFO] [logger:55] - 发现 1 个中断的任务，开始恢复...
[2025-07-18 14:06:51,945] [INFO] [logger:55] - 重置视频ID 48 状态为pending
[2025-07-18 14:06:51,947] [INFO] [logger:55] - 恢复任务 7，用户 1，标题: 测试...
[2025-07-18 14:06:51,947] [INFO] [logger:55] - 任务 7 已重新启动
[2025-07-18 14:06:51,947] [INFO] [logger:55] - 任务恢复完成
[2025-07-18 14:06:51,948] [INFO] [logger:55] - 任务恢复检查完成
[2025-07-18 14:06:51,954] [INFO] [logger:55] - 开始处理用户 admin 的队列任务，任务ID: 7, 视频ID: 49
[2025-07-18 14:07:05,263] [ERROR] [logger:62] - 查询视频状态出错 - 视频ID: 49, 错误: 404 Not Found: The requested URL was not found on the server. If you entered the URL manually please check your spelling and try again.
[2025-07-18 14:07:38,168] [INFO] [logger:55] - 正在检查并恢复中断的任务...
[2025-07-18 14:07:38,169] [INFO] [logger:55] - 检查服务器启动时是否有中断的任务需要恢复...
[2025-07-18 14:07:38,172] [INFO] [logger:55] - 开始迁移视频路径...
[2025-07-18 14:07:38,172] [INFO] [logger:55] - 迁移视频 13: user1 -> admin
[2025-07-18 14:07:38,172] [WARNING] [logger:66] - 新路径不存在，跳过迁移视频 13: workstore/admin/纳什均衡解析/output.mp4
[2025-07-18 14:07:38,172] [INFO] [logger:55] - 迁移视频 15: user1 -> admin
[2025-07-18 14:07:38,172] [WARNING] [logger:66] - 新路径不存在，跳过迁移视频 15: workstore/admin/白雪公主的童话/output.mp4
[2025-07-18 14:07:38,173] [INFO] [logger:55] - 迁移视频 18: user3 -> test2
[2025-07-18 14:07:38,173] [WARNING] [logger:66] - 新路径不存在，跳过迁移视频 18: workstore/test2/坚持的力量/output.mp4
[2025-07-18 14:07:38,173] [INFO] [logger:55] - 迁移视频 19: user6 -> test4
[2025-07-18 14:07:38,173] [WARNING] [logger:66] - 新路径不存在，跳过迁移视频 19: workstore/test4/白雪公主的故事/output.mp4
[2025-07-18 14:07:38,173] [INFO] [logger:55] - 迁移视频 26: user6 -> test4
[2025-07-18 14:07:38,173] [WARNING] [logger:66] - 新路径不存在，跳过迁移视频 26: workstore/test4/人性弱点智慧/output.mp4
[2025-07-18 14:07:38,173] [INFO] [logger:55] - 迁移视频 27: user6 -> test4
[2025-07-18 14:07:38,173] [WARNING] [logger:66] - 新路径不存在，跳过迁移视频 27: workstore/test4/达克效应之谜/output.mp4
[2025-07-18 14:07:38,173] [INFO] [logger:55] - 迁移视频 32: user6 -> test4
[2025-07-18 14:07:38,173] [WARNING] [logger:66] - 新路径不存在，跳过迁移视频 32: workstore/test4/《金刚经》第一品：法会因由分/output.mp4
[2025-07-18 14:07:38,174] [INFO] [logger:55] - 迁移视频 33: user6 -> test4
[2025-07-18 14:07:38,174] [WARNING] [logger:66] - 新路径不存在，跳过迁移视频 33: workstore/test4/《金刚经》第二品善现启请分/output.mp4
[2025-07-18 14:07:38,174] [INFO] [logger:55] - 迁移视频 34: user1 -> admin
[2025-07-18 14:07:38,174] [WARNING] [logger:66] - 新路径不存在，跳过迁移视频 34: workstore/admin/小红帽的森林奇遇/output.mp4
[2025-07-18 14:07:38,174] [INFO] [logger:55] - 迁移视频 35: user8 -> test9
[2025-07-18 14:07:38,174] [WARNING] [logger:66] - 新路径不存在，跳过迁移视频 35: workstore/test9/《金刚经》第五品 如理实见分/output.mp4
[2025-07-18 14:07:38,175] [INFO] [logger:55] - 迁移视频 36: user8 -> test9
[2025-07-18 14:07:38,175] [WARNING] [logger:66] - 新路径不存在，跳过迁移视频 36: workstore/test9/《金刚经》第六品 正信希有分/output.mp4
[2025-07-18 14:07:38,175] [INFO] [logger:55] - 迁移视频 37: user1 -> admin
[2025-07-18 14:07:38,175] [WARNING] [logger:66] - 新路径不存在，跳过迁移视频 37: workstore/admin/停止按钮背后的故事/output.mp4
[2025-07-18 14:07:38,175] [INFO] [logger:55] - 迁移视频 38: user1 -> admin
[2025-07-18 14:07:38,175] [WARNING] [logger:66] - 新路径不存在，跳过迁移视频 38: workstore/admin/《金刚经》第八品 依法出生分/output.mp4
[2025-07-18 14:07:38,176] [INFO] [logger:55] - 视频路径迁移完成，共迁移 0 个视频
[2025-07-18 14:07:38,177] [INFO] [logger:55] - 没有发现中断的任务
[2025-07-18 14:07:38,177] [INFO] [logger:55] - 任务恢复检查完成
[2025-07-18 14:07:39,027] [INFO] [logger:55] - 正在检查并恢复中断的任务...
[2025-07-18 14:07:39,027] [INFO] [logger:55] - 检查服务器启动时是否有中断的任务需要恢复...
[2025-07-18 14:07:39,030] [INFO] [logger:55] - 开始迁移视频路径...
[2025-07-18 14:07:39,030] [INFO] [logger:55] - 迁移视频 13: user1 -> admin
[2025-07-18 14:07:39,030] [WARNING] [logger:66] - 新路径不存在，跳过迁移视频 13: workstore/admin/纳什均衡解析/output.mp4
[2025-07-18 14:07:39,030] [INFO] [logger:55] - 迁移视频 15: user1 -> admin
[2025-07-18 14:07:39,030] [WARNING] [logger:66] - 新路径不存在，跳过迁移视频 15: workstore/admin/白雪公主的童话/output.mp4
[2025-07-18 14:07:39,030] [INFO] [logger:55] - 迁移视频 18: user3 -> test2
[2025-07-18 14:07:39,030] [WARNING] [logger:66] - 新路径不存在，跳过迁移视频 18: workstore/test2/坚持的力量/output.mp4
[2025-07-18 14:07:39,031] [INFO] [logger:55] - 迁移视频 19: user6 -> test4
[2025-07-18 14:07:39,031] [WARNING] [logger:66] - 新路径不存在，跳过迁移视频 19: workstore/test4/白雪公主的故事/output.mp4
[2025-07-18 14:07:39,031] [INFO] [logger:55] - 迁移视频 26: user6 -> test4
[2025-07-18 14:07:39,031] [WARNING] [logger:66] - 新路径不存在，跳过迁移视频 26: workstore/test4/人性弱点智慧/output.mp4
[2025-07-18 14:07:39,031] [INFO] [logger:55] - 迁移视频 27: user6 -> test4
[2025-07-18 14:07:39,031] [WARNING] [logger:66] - 新路径不存在，跳过迁移视频 27: workstore/test4/达克效应之谜/output.mp4
[2025-07-18 14:07:39,031] [INFO] [logger:55] - 迁移视频 32: user6 -> test4
[2025-07-18 14:07:39,031] [WARNING] [logger:66] - 新路径不存在，跳过迁移视频 32: workstore/test4/《金刚经》第一品：法会因由分/output.mp4
[2025-07-18 14:07:39,031] [INFO] [logger:55] - 迁移视频 33: user6 -> test4
[2025-07-18 14:07:39,031] [WARNING] [logger:66] - 新路径不存在，跳过迁移视频 33: workstore/test4/《金刚经》第二品善现启请分/output.mp4
[2025-07-18 14:07:39,032] [INFO] [logger:55] - 迁移视频 34: user1 -> admin
[2025-07-18 14:07:39,032] [WARNING] [logger:66] - 新路径不存在，跳过迁移视频 34: workstore/admin/小红帽的森林奇遇/output.mp4
[2025-07-18 14:07:39,032] [INFO] [logger:55] - 迁移视频 35: user8 -> test9
[2025-07-18 14:07:39,032] [WARNING] [logger:66] - 新路径不存在，跳过迁移视频 35: workstore/test9/《金刚经》第五品 如理实见分/output.mp4
[2025-07-18 14:07:39,032] [INFO] [logger:55] - 迁移视频 36: user8 -> test9
[2025-07-18 14:07:39,032] [WARNING] [logger:66] - 新路径不存在，跳过迁移视频 36: workstore/test9/《金刚经》第六品 正信希有分/output.mp4
[2025-07-18 14:07:39,032] [INFO] [logger:55] - 迁移视频 37: user1 -> admin
[2025-07-18 14:07:39,032] [WARNING] [logger:66] - 新路径不存在，跳过迁移视频 37: workstore/admin/停止按钮背后的故事/output.mp4
[2025-07-18 14:07:39,032] [INFO] [logger:55] - 迁移视频 38: user1 -> admin
[2025-07-18 14:07:39,032] [WARNING] [logger:66] - 新路径不存在，跳过迁移视频 38: workstore/admin/《金刚经》第八品 依法出生分/output.mp4
[2025-07-18 14:07:39,033] [INFO] [logger:55] - 视频路径迁移完成，共迁移 0 个视频
[2025-07-18 14:07:39,034] [INFO] [logger:55] - 没有发现中断的任务
[2025-07-18 14:07:39,034] [INFO] [logger:55] - 任务恢复检查完成
[2025-07-18 14:07:44,395] [INFO] [logger:55] - 用户 admin 查看我的视频页面，共 10 个视频
[2025-07-18 14:07:44,542] [INFO] [app:2468] - 请求 workstore 文件: admin/《金刚经》无断无灭分/covers/cover_4:3.png
[2025-07-18 14:07:44,542] [INFO] [app:2468] - 请求 workstore 文件: admin/《金刚经》第二十六品 法身非相分/covers/cover_4:3.png
[2025-07-18 14:07:44,544] [INFO] [app:2468] - 请求 workstore 文件: user1/《金刚经》第八品 依法出生分/covers/cover_4:3.png
[2025-07-18 14:07:44,546] [INFO] [app:2468] - 请求 workstore 文件: admin/《金刚经》第二十五品 化无所化分/covers/cover_4:3.png
[2025-07-18 14:07:44,546] [INFO] [app:2468] - 请求 workstore 文件: user1/停止按钮背后的故事/covers/cover_4:3.png
[2025-07-18 14:07:47,894] [INFO] [logger:55] - 用户 admin 查看我的视频页面，共 10 个视频
[2025-07-18 14:07:48,032] [INFO] [app:2468] - 请求 workstore 文件: admin/《金刚经》无断无灭分/covers/cover_4:3.png
[2025-07-18 14:07:48,032] [INFO] [app:2468] - 请求 workstore 文件: admin/《金刚经》第二十六品 法身非相分/covers/cover_4:3.png
[2025-07-18 14:07:48,035] [INFO] [app:2468] - 请求 workstore 文件: user1/停止按钮背后的故事/covers/cover_4:3.png
[2025-07-18 14:07:48,044] [INFO] [app:2468] - 请求 workstore 文件: admin/《金刚经》第二十五品 化无所化分/covers/cover_4:3.png
[2025-07-18 14:07:48,045] [INFO] [app:2468] - 请求 workstore 文件: user1/《金刚经》第八品 依法出生分/covers/cover_4:3.png
[2025-07-18 14:08:00,494] [INFO] [logger:55] - 用户 admin 查看我的视频页面，共 10 个视频
[2025-07-18 14:08:00,665] [INFO] [app:2468] - 请求 workstore 文件: admin/《金刚经》第二十六品 法身非相分/covers/cover_4:3.png
[2025-07-18 14:08:00,669] [INFO] [app:2468] - 请求 workstore 文件: admin/《金刚经》无断无灭分/covers/cover_4:3.png
[2025-07-18 14:08:00,670] [INFO] [app:2468] - 请求 workstore 文件: admin/《金刚经》第二十五品 化无所化分/covers/cover_4:3.png
[2025-07-18 14:08:00,670] [INFO] [app:2468] - 请求 workstore 文件: user1/《金刚经》第八品 依法出生分/covers/cover_4:3.png
[2025-07-18 14:08:00,671] [INFO] [app:2468] - 请求 workstore 文件: user1/停止按钮背后的故事/covers/cover_4:3.png
[2025-07-18 14:08:05,871] [INFO] [logger:55] - 用户 admin 生成视频扣除了 1 条额度，剩余 83 条
[2025-07-18 14:08:05,876] [INFO] [logger:55] - 用户 admin 的任务已加入队列，任务ID: 7
[2025-07-18 14:08:05,915] [INFO] [logger:55] - 开始处理用户 admin 的队列任务，任务ID: 7, 视频ID: 49
[2025-07-18 14:08:10,714] [ERROR] [logger:62] - 查询视频状态出错 - 视频ID: 49, 错误: 404 Not Found: The requested URL was not found on the server. If you entered the URL manually please check your spelling and try again.
[2025-07-18 14:08:12,935] [ERROR] [logger:62] - 查询视频状态出错 - 视频ID: 49, 错误: 404 Not Found: The requested URL was not found on the server. If you entered the URL manually please check your spelling and try again.
[2025-07-18 14:08:19,287] [INFO] [logger:55] - 用户 admin 查看我的视频页面，共 10 个视频
[2025-07-18 14:08:19,449] [INFO] [app:2468] - 请求 workstore 文件: admin/《金刚经》第二十六品 法身非相分/covers/cover_4:3.png
[2025-07-18 14:08:19,449] [INFO] [app:2468] - 请求 workstore 文件: admin/《金刚经》第二十五品 化无所化分/covers/cover_4:3.png
[2025-07-18 14:08:19,455] [INFO] [app:2468] - 请求 workstore 文件: admin/《金刚经》无断无灭分/covers/cover_4:3.png
[2025-07-18 14:08:19,460] [INFO] [app:2468] - 请求 workstore 文件: user1/《金刚经》第八品 依法出生分/covers/cover_4:3.png
[2025-07-18 14:08:19,461] [INFO] [app:2468] - 请求 workstore 文件: user1/停止按钮背后的故事/covers/cover_4:3.png
[2025-07-18 14:08:21,049] [INFO] [logger:55] - 用户 admin 查看我的视频页面，共 10 个视频
[2025-07-18 14:08:21,197] [INFO] [app:2468] - 请求 workstore 文件: admin/《金刚经》无断无灭分/covers/cover_4:3.png
[2025-07-18 14:08:21,197] [INFO] [app:2468] - 请求 workstore 文件: admin/《金刚经》第二十五品 化无所化分/covers/cover_4:3.png
[2025-07-18 14:08:21,197] [INFO] [app:2468] - 请求 workstore 文件: admin/《金刚经》第二十六品 法身非相分/covers/cover_4:3.png
[2025-07-18 14:08:21,199] [INFO] [app:2468] - 请求 workstore 文件: user1/《金刚经》第八品 依法出生分/covers/cover_4:3.png
[2025-07-18 14:08:21,200] [INFO] [app:2468] - 请求 workstore 文件: user1/停止按钮背后的故事/covers/cover_4:3.png
[2025-07-18 14:08:25,434] [INFO] [logger:55] - 用户 admin 生成视频扣除了 1 条额度，剩余 83 条
[2025-07-18 14:08:25,439] [INFO] [logger:55] - 用户 admin 的任务已加入队列，任务ID: 7
[2025-07-18 14:08:25,454] [INFO] [logger:55] - 开始处理用户 admin 的队列任务，任务ID: 7, 视频ID: 49
[2025-07-18 14:17:54,713] [INFO] [logger:55] - 正在检查并恢复中断的任务...
[2025-07-18 14:17:54,713] [INFO] [logger:55] - 检查服务器启动时是否有中断的任务需要恢复...
[2025-07-18 14:17:54,716] [INFO] [logger:55] - 开始迁移视频路径...
[2025-07-18 14:17:54,716] [INFO] [logger:55] - 迁移视频 13: user1 -> admin
[2025-07-18 14:17:54,716] [WARNING] [logger:66] - 新路径不存在，跳过迁移视频 13: workstore/admin/纳什均衡解析/output.mp4
[2025-07-18 14:17:54,716] [INFO] [logger:55] - 迁移视频 15: user1 -> admin
[2025-07-18 14:17:54,716] [WARNING] [logger:66] - 新路径不存在，跳过迁移视频 15: workstore/admin/白雪公主的童话/output.mp4
[2025-07-18 14:17:54,717] [INFO] [logger:55] - 迁移视频 18: user3 -> test2
[2025-07-18 14:17:54,717] [WARNING] [logger:66] - 新路径不存在，跳过迁移视频 18: workstore/test2/坚持的力量/output.mp4
[2025-07-18 14:17:54,717] [INFO] [logger:55] - 迁移视频 19: user6 -> test4
[2025-07-18 14:17:54,717] [WARNING] [logger:66] - 新路径不存在，跳过迁移视频 19: workstore/test4/白雪公主的故事/output.mp4
[2025-07-18 14:17:54,717] [INFO] [logger:55] - 迁移视频 26: user6 -> test4
[2025-07-18 14:17:54,717] [WARNING] [logger:66] - 新路径不存在，跳过迁移视频 26: workstore/test4/人性弱点智慧/output.mp4
[2025-07-18 14:17:54,717] [INFO] [logger:55] - 迁移视频 27: user6 -> test4
[2025-07-18 14:17:54,717] [WARNING] [logger:66] - 新路径不存在，跳过迁移视频 27: workstore/test4/达克效应之谜/output.mp4
[2025-07-18 14:17:54,717] [INFO] [logger:55] - 迁移视频 32: user6 -> test4
[2025-07-18 14:17:54,717] [WARNING] [logger:66] - 新路径不存在，跳过迁移视频 32: workstore/test4/《金刚经》第一品：法会因由分/output.mp4
[2025-07-18 14:17:54,718] [INFO] [logger:55] - 迁移视频 33: user6 -> test4
[2025-07-18 14:17:54,718] [WARNING] [logger:66] - 新路径不存在，跳过迁移视频 33: workstore/test4/《金刚经》第二品善现启请分/output.mp4
[2025-07-18 14:17:54,718] [INFO] [logger:55] - 迁移视频 34: user1 -> admin
[2025-07-18 14:17:54,718] [WARNING] [logger:66] - 新路径不存在，跳过迁移视频 34: workstore/admin/小红帽的森林奇遇/output.mp4
[2025-07-18 14:17:54,718] [INFO] [logger:55] - 迁移视频 35: user8 -> test9
[2025-07-18 14:17:54,718] [WARNING] [logger:66] - 新路径不存在，跳过迁移视频 35: workstore/test9/《金刚经》第五品 如理实见分/output.mp4
[2025-07-18 14:17:54,718] [INFO] [logger:55] - 迁移视频 36: user8 -> test9
[2025-07-18 14:17:54,718] [WARNING] [logger:66] - 新路径不存在，跳过迁移视频 36: workstore/test9/《金刚经》第六品 正信希有分/output.mp4
[2025-07-18 14:17:54,719] [INFO] [logger:55] - 迁移视频 37: user1 -> admin
[2025-07-18 14:17:54,719] [WARNING] [logger:66] - 新路径不存在，跳过迁移视频 37: workstore/admin/停止按钮背后的故事/output.mp4
[2025-07-18 14:17:54,719] [INFO] [logger:55] - 迁移视频 38: user1 -> admin
[2025-07-18 14:17:54,719] [WARNING] [logger:66] - 新路径不存在，跳过迁移视频 38: workstore/admin/《金刚经》第八品 依法出生分/output.mp4
[2025-07-18 14:17:54,720] [INFO] [logger:55] - 视频路径迁移完成，共迁移 0 个视频
[2025-07-18 14:17:54,721] [INFO] [logger:55] - 发现 1 个中断的任务，开始恢复...
[2025-07-18 14:17:54,723] [INFO] [logger:55] - 重置视频ID 49 状态为pending
[2025-07-18 14:17:54,724] [INFO] [logger:55] - 恢复任务 7，用户 1，标题: 测试...
[2025-07-18 14:17:54,724] [INFO] [logger:55] - 任务 7 已重新启动
[2025-07-18 14:17:54,724] [INFO] [logger:55] - 任务恢复完成
[2025-07-18 14:17:54,725] [INFO] [logger:55] - 任务恢复检查完成
[2025-07-18 14:17:54,734] [INFO] [logger:55] - 开始处理用户 admin 的队列任务，任务ID: 7, 视频ID: 50
[2025-07-18 14:17:55,593] [INFO] [logger:55] - 正在检查并恢复中断的任务...
[2025-07-18 14:17:55,593] [INFO] [logger:55] - 检查服务器启动时是否有中断的任务需要恢复...
[2025-07-18 14:17:55,596] [INFO] [logger:55] - 开始迁移视频路径...
[2025-07-18 14:17:55,596] [INFO] [logger:55] - 迁移视频 13: user1 -> admin
[2025-07-18 14:17:55,596] [WARNING] [logger:66] - 新路径不存在，跳过迁移视频 13: workstore/admin/纳什均衡解析/output.mp4
[2025-07-18 14:17:55,596] [INFO] [logger:55] - 迁移视频 15: user1 -> admin
[2025-07-18 14:17:55,596] [WARNING] [logger:66] - 新路径不存在，跳过迁移视频 15: workstore/admin/白雪公主的童话/output.mp4
[2025-07-18 14:17:55,596] [INFO] [logger:55] - 迁移视频 18: user3 -> test2
[2025-07-18 14:17:55,596] [WARNING] [logger:66] - 新路径不存在，跳过迁移视频 18: workstore/test2/坚持的力量/output.mp4
[2025-07-18 14:17:55,597] [INFO] [logger:55] - 迁移视频 19: user6 -> test4
[2025-07-18 14:17:55,597] [WARNING] [logger:66] - 新路径不存在，跳过迁移视频 19: workstore/test4/白雪公主的故事/output.mp4
[2025-07-18 14:17:55,597] [INFO] [logger:55] - 迁移视频 26: user6 -> test4
[2025-07-18 14:17:55,597] [WARNING] [logger:66] - 新路径不存在，跳过迁移视频 26: workstore/test4/人性弱点智慧/output.mp4
[2025-07-18 14:17:55,597] [INFO] [logger:55] - 迁移视频 27: user6 -> test4
[2025-07-18 14:17:55,597] [WARNING] [logger:66] - 新路径不存在，跳过迁移视频 27: workstore/test4/达克效应之谜/output.mp4
[2025-07-18 14:17:55,597] [INFO] [logger:55] - 迁移视频 32: user6 -> test4
[2025-07-18 14:17:55,597] [WARNING] [logger:66] - 新路径不存在，跳过迁移视频 32: workstore/test4/《金刚经》第一品：法会因由分/output.mp4
[2025-07-18 14:17:55,597] [INFO] [logger:55] - 迁移视频 33: user6 -> test4
[2025-07-18 14:17:55,597] [WARNING] [logger:66] - 新路径不存在，跳过迁移视频 33: workstore/test4/《金刚经》第二品善现启请分/output.mp4
[2025-07-18 14:17:55,598] [INFO] [logger:55] - 迁移视频 34: user1 -> admin
[2025-07-18 14:17:55,598] [WARNING] [logger:66] - 新路径不存在，跳过迁移视频 34: workstore/admin/小红帽的森林奇遇/output.mp4
[2025-07-18 14:17:55,598] [INFO] [logger:55] - 迁移视频 35: user8 -> test9
[2025-07-18 14:17:55,598] [WARNING] [logger:66] - 新路径不存在，跳过迁移视频 35: workstore/test9/《金刚经》第五品 如理实见分/output.mp4
[2025-07-18 14:17:55,598] [INFO] [logger:55] - 迁移视频 36: user8 -> test9
[2025-07-18 14:17:55,598] [WARNING] [logger:66] - 新路径不存在，跳过迁移视频 36: workstore/test9/《金刚经》第六品 正信希有分/output.mp4
[2025-07-18 14:17:55,599] [INFO] [logger:55] - 迁移视频 37: user1 -> admin
[2025-07-18 14:17:55,599] [WARNING] [logger:66] - 新路径不存在，跳过迁移视频 37: workstore/admin/停止按钮背后的故事/output.mp4
[2025-07-18 14:17:55,599] [INFO] [logger:55] - 迁移视频 38: user1 -> admin
[2025-07-18 14:17:55,599] [WARNING] [logger:66] - 新路径不存在，跳过迁移视频 38: workstore/admin/《金刚经》第八品 依法出生分/output.mp4
[2025-07-18 14:17:55,600] [INFO] [logger:55] - 视频路径迁移完成，共迁移 0 个视频
[2025-07-18 14:17:55,601] [INFO] [logger:55] - 发现 1 个中断的任务，开始恢复...
[2025-07-18 14:17:55,603] [INFO] [logger:55] - 重置视频ID 50 状态为pending
[2025-07-18 14:17:55,605] [INFO] [logger:55] - 恢复任务 7，用户 1，标题: 测试...
[2025-07-18 14:17:55,605] [INFO] [logger:55] - 任务 7 已重新启动
[2025-07-18 14:17:55,605] [INFO] [logger:55] - 任务恢复完成
[2025-07-18 14:17:55,606] [INFO] [logger:55] - 任务恢复检查完成
[2025-07-18 14:17:55,614] [INFO] [logger:55] - 开始处理用户 admin 的队列任务，任务ID: 7, 视频ID: 51
[2025-07-18 14:18:04,570] [ERROR] [logger:62] - 查询视频状态出错 - 视频ID: 51, 错误: 404 Not Found: The requested URL was not found on the server. If you entered the URL manually please check your spelling and try again.
[2025-07-18 14:18:07,621] [INFO] [logger:55] - 用户 admin 查看我的视频页面，共 10 个视频
[2025-07-18 14:18:07,780] [INFO] [app:2468] - 请求 workstore 文件: admin/《金刚经》第二十六品 法身非相分/covers/cover_4:3.png
[2025-07-18 14:18:07,780] [INFO] [app:2468] - 请求 workstore 文件: admin/《金刚经》无断无灭分/covers/cover_4:3.png
[2025-07-18 14:18:07,782] [INFO] [app:2468] - 请求 workstore 文件: admin/《金刚经》第二十五品 化无所化分/covers/cover_4:3.png
[2025-07-18 14:18:09,710] [INFO] [logger:55] - 用户 admin 查看我的视频页面，共 10 个视频
[2025-07-18 14:18:09,855] [INFO] [app:2468] - 请求 workstore 文件: admin/《金刚经》无断无灭分/covers/cover_4:3.png
[2025-07-18 14:18:09,856] [INFO] [app:2468] - 请求 workstore 文件: admin/《金刚经》第二十六品 法身非相分/covers/cover_4:3.png
[2025-07-18 14:18:09,856] [INFO] [app:2468] - 请求 workstore 文件: admin/《金刚经》第二十五品 化无所化分/covers/cover_4:3.png
[2025-07-18 14:18:25,250] [INFO] [logger:55] - 用户 admin 查看我的视频页面，共 10 个视频
[2025-07-18 14:18:25,428] [INFO] [app:2468] - 请求 workstore 文件: admin/《金刚经》无断无灭分/covers/cover_4:3.png
[2025-07-18 14:18:25,430] [INFO] [app:2468] - 请求 workstore 文件: admin/《金刚经》第二十六品 法身非相分/covers/cover_4:3.png
[2025-07-18 14:18:25,430] [INFO] [app:2468] - 请求 workstore 文件: admin/《金刚经》第二十五品 化无所化分/covers/cover_4:3.png
[2025-07-18 14:18:26,909] [ERROR] [logger:62] - 队列视频生成任务失败: 任务被用户主动取消
[2025-07-18 14:18:28,724] [INFO] [logger:55] - 用户 admin 查看我的视频页面，共 10 个视频
[2025-07-18 14:18:28,863] [INFO] [app:2468] - 请求 workstore 文件: admin/《金刚经》无断无灭分/covers/cover_4:3.png
[2025-07-18 14:18:28,866] [INFO] [app:2468] - 请求 workstore 文件: admin/《金刚经》第二十六品 法身非相分/covers/cover_4:3.png
[2025-07-18 14:18:28,866] [INFO] [app:2468] - 请求 workstore 文件: admin/《金刚经》第二十五品 化无所化分/covers/cover_4:3.png
[2025-07-18 14:18:31,386] [INFO] [logger:55] - 用户 admin 查看我的视频页面，共 10 个视频
[2025-07-18 14:18:31,531] [INFO] [app:2468] - 请求 workstore 文件: admin/《金刚经》无断无灭分/covers/cover_4:3.png
[2025-07-18 14:18:31,531] [INFO] [app:2468] - 请求 workstore 文件: admin/《金刚经》第二十六品 法身非相分/covers/cover_4:3.png
[2025-07-18 14:18:31,531] [INFO] [app:2468] - 请求 workstore 文件: admin/《金刚经》第二十五品 化无所化分/covers/cover_4:3.png
[2025-07-18 14:18:36,044] [INFO] [logger:55] - 用户 admin 查看我的视频页面，共 10 个视频
[2025-07-18 14:18:36,260] [INFO] [app:2468] - 请求 workstore 文件: admin/《金刚经》第二十五品 化无所化分/covers/cover_4:3.png
[2025-07-18 14:18:36,261] [INFO] [app:2468] - 请求 workstore 文件: admin/《金刚经》无断无灭分/covers/cover_4:3.png
[2025-07-18 14:18:36,262] [INFO] [app:2468] - 请求 workstore 文件: admin/《金刚经》第二十六品 法身非相分/covers/cover_4:3.png
[2025-07-18 14:18:44,108] [INFO] [logger:55] - 用户 admin 生成视频扣除了 1 条额度，剩余 83 条
[2025-07-18 14:18:44,113] [INFO] [logger:55] - 用户 admin 的任务已加入队列，任务ID: 7
[2025-07-18 14:18:44,132] [INFO] [logger:55] - 开始处理用户 admin 的队列任务，任务ID: 7, 视频ID: 51
[2025-07-18 14:19:26,664] [INFO] [logger:55] - 用户 admin 查看我的视频页面，共 10 个视频
[2025-07-18 14:19:26,890] [INFO] [app:2468] - 请求 workstore 文件: admin/《金刚经》第二十六品 法身非相分/covers/cover_4:3.png
[2025-07-18 14:19:26,890] [INFO] [app:2468] - 请求 workstore 文件: admin/《金刚经》无断无灭分/covers/cover_4:3.png
[2025-07-18 14:34:50,778] [INFO] [logger:55] - 正在检查并恢复中断的任务...
[2025-07-18 14:34:50,778] [INFO] [logger:55] - 检查服务器启动时是否有中断的任务需要恢复...
[2025-07-18 14:34:50,781] [INFO] [logger:55] - 开始迁移视频路径...
[2025-07-18 14:34:50,782] [INFO] [logger:55] - 迁移视频 13: user1 -> admin
[2025-07-18 14:34:50,782] [WARNING] [logger:66] - 新路径不存在，跳过迁移视频 13: workstore/admin/纳什均衡解析/output.mp4
[2025-07-18 14:34:50,782] [INFO] [logger:55] - 迁移视频 15: user1 -> admin
[2025-07-18 14:34:50,782] [WARNING] [logger:66] - 新路径不存在，跳过迁移视频 15: workstore/admin/白雪公主的童话/output.mp4
[2025-07-18 14:34:50,782] [INFO] [logger:55] - 迁移视频 18: user3 -> test2
[2025-07-18 14:34:50,782] [WARNING] [logger:66] - 新路径不存在，跳过迁移视频 18: workstore/test2/坚持的力量/output.mp4
[2025-07-18 14:34:50,782] [INFO] [logger:55] - 迁移视频 19: user6 -> test4
[2025-07-18 14:34:50,782] [WARNING] [logger:66] - 新路径不存在，跳过迁移视频 19: workstore/test4/白雪公主的故事/output.mp4
[2025-07-18 14:34:50,783] [INFO] [logger:55] - 迁移视频 26: user6 -> test4
[2025-07-18 14:34:50,783] [WARNING] [logger:66] - 新路径不存在，跳过迁移视频 26: workstore/test4/人性弱点智慧/output.mp4
[2025-07-18 14:34:50,783] [INFO] [logger:55] - 迁移视频 27: user6 -> test4
[2025-07-18 14:34:50,783] [WARNING] [logger:66] - 新路径不存在，跳过迁移视频 27: workstore/test4/达克效应之谜/output.mp4
[2025-07-18 14:34:50,783] [INFO] [logger:55] - 迁移视频 32: user6 -> test4
[2025-07-18 14:34:50,783] [WARNING] [logger:66] - 新路径不存在，跳过迁移视频 32: workstore/test4/《金刚经》第一品：法会因由分/output.mp4
[2025-07-18 14:34:50,783] [INFO] [logger:55] - 迁移视频 33: user6 -> test4
[2025-07-18 14:34:50,783] [WARNING] [logger:66] - 新路径不存在，跳过迁移视频 33: workstore/test4/《金刚经》第二品善现启请分/output.mp4
[2025-07-18 14:34:50,784] [INFO] [logger:55] - 迁移视频 34: user1 -> admin
[2025-07-18 14:34:50,787] [WARNING] [logger:66] - 新路径不存在，跳过迁移视频 34: workstore/admin/小红帽的森林奇遇/output.mp4
[2025-07-18 14:34:50,796] [INFO] [logger:55] - 迁移视频 35: user8 -> test9
[2025-07-18 14:34:50,796] [WARNING] [logger:66] - 新路径不存在，跳过迁移视频 35: workstore/test9/《金刚经》第五品 如理实见分/output.mp4
[2025-07-18 14:34:50,797] [INFO] [logger:55] - 迁移视频 36: user8 -> test9
[2025-07-18 14:34:50,797] [WARNING] [logger:66] - 新路径不存在，跳过迁移视频 36: workstore/test9/《金刚经》第六品 正信希有分/output.mp4
[2025-07-18 14:34:50,797] [INFO] [logger:55] - 迁移视频 37: user1 -> admin
[2025-07-18 14:34:50,797] [WARNING] [logger:66] - 新路径不存在，跳过迁移视频 37: workstore/admin/停止按钮背后的故事/output.mp4
[2025-07-18 14:34:50,797] [INFO] [logger:55] - 迁移视频 38: user1 -> admin
[2025-07-18 14:34:50,797] [WARNING] [logger:66] - 新路径不存在，跳过迁移视频 38: workstore/admin/《金刚经》第八品 依法出生分/output.mp4
[2025-07-18 14:34:50,799] [INFO] [logger:55] - 视频路径迁移完成，共迁移 0 个视频
[2025-07-18 14:34:50,800] [INFO] [logger:55] - 发现 1 个中断的任务，开始恢复...
[2025-07-18 14:34:50,808] [INFO] [logger:55] - 重置视频ID 51 状态为pending
[2025-07-18 14:34:50,822] [INFO] [logger:55] - 恢复任务 7，用户 1，标题: 测试1...
[2025-07-18 14:34:50,824] [INFO] [logger:55] - 任务 7 已重新启动
[2025-07-18 14:34:50,825] [INFO] [logger:55] - 任务恢复完成
[2025-07-18 14:34:50,825] [INFO] [logger:55] - 任务恢复检查完成
[2025-07-18 14:34:50,830] [INFO] [logger:55] - 开始处理用户 admin 的队列任务，任务ID: 7, 视频ID: 52
[2025-07-18 14:34:51,775] [INFO] [logger:55] - 正在检查并恢复中断的任务...
[2025-07-18 14:34:51,775] [INFO] [logger:55] - 检查服务器启动时是否有中断的任务需要恢复...
[2025-07-18 14:34:51,778] [INFO] [logger:55] - 开始迁移视频路径...
[2025-07-18 14:34:51,778] [INFO] [logger:55] - 迁移视频 13: user1 -> admin
[2025-07-18 14:34:51,779] [WARNING] [logger:66] - 新路径不存在，跳过迁移视频 13: workstore/admin/纳什均衡解析/output.mp4
[2025-07-18 14:34:51,779] [INFO] [logger:55] - 迁移视频 15: user1 -> admin
[2025-07-18 14:34:51,779] [WARNING] [logger:66] - 新路径不存在，跳过迁移视频 15: workstore/admin/白雪公主的童话/output.mp4
[2025-07-18 14:34:51,779] [INFO] [logger:55] - 迁移视频 18: user3 -> test2
[2025-07-18 14:34:51,779] [WARNING] [logger:66] - 新路径不存在，跳过迁移视频 18: workstore/test2/坚持的力量/output.mp4
[2025-07-18 14:34:51,779] [INFO] [logger:55] - 迁移视频 19: user6 -> test4
[2025-07-18 14:34:51,779] [WARNING] [logger:66] - 新路径不存在，跳过迁移视频 19: workstore/test4/白雪公主的故事/output.mp4
[2025-07-18 14:34:51,779] [INFO] [logger:55] - 迁移视频 26: user6 -> test4
[2025-07-18 14:34:51,780] [WARNING] [logger:66] - 新路径不存在，跳过迁移视频 26: workstore/test4/人性弱点智慧/output.mp4
[2025-07-18 14:34:51,780] [INFO] [logger:55] - 迁移视频 27: user6 -> test4
[2025-07-18 14:34:51,780] [WARNING] [logger:66] - 新路径不存在，跳过迁移视频 27: workstore/test4/达克效应之谜/output.mp4
[2025-07-18 14:34:51,780] [INFO] [logger:55] - 迁移视频 32: user6 -> test4
[2025-07-18 14:34:51,780] [WARNING] [logger:66] - 新路径不存在，跳过迁移视频 32: workstore/test4/《金刚经》第一品：法会因由分/output.mp4
[2025-07-18 14:34:51,780] [INFO] [logger:55] - 迁移视频 33: user6 -> test4
[2025-07-18 14:34:51,780] [WARNING] [logger:66] - 新路径不存在，跳过迁移视频 33: workstore/test4/《金刚经》第二品善现启请分/output.mp4
[2025-07-18 14:34:51,780] [INFO] [logger:55] - 迁移视频 34: user1 -> admin
[2025-07-18 14:34:51,780] [WARNING] [logger:66] - 新路径不存在，跳过迁移视频 34: workstore/admin/小红帽的森林奇遇/output.mp4
[2025-07-18 14:34:51,781] [INFO] [logger:55] - 迁移视频 35: user8 -> test9
[2025-07-18 14:34:51,781] [WARNING] [logger:66] - 新路径不存在，跳过迁移视频 35: workstore/test9/《金刚经》第五品 如理实见分/output.mp4
[2025-07-18 14:34:51,781] [INFO] [logger:55] - 迁移视频 36: user8 -> test9
[2025-07-18 14:34:51,781] [WARNING] [logger:66] - 新路径不存在，跳过迁移视频 36: workstore/test9/《金刚经》第六品 正信希有分/output.mp4
[2025-07-18 14:34:51,781] [INFO] [logger:55] - 迁移视频 37: user1 -> admin
[2025-07-18 14:34:51,781] [WARNING] [logger:66] - 新路径不存在，跳过迁移视频 37: workstore/admin/停止按钮背后的故事/output.mp4
[2025-07-18 14:34:51,781] [INFO] [logger:55] - 迁移视频 38: user1 -> admin
[2025-07-18 14:34:51,781] [WARNING] [logger:66] - 新路径不存在，跳过迁移视频 38: workstore/admin/《金刚经》第八品 依法出生分/output.mp4
[2025-07-18 14:34:51,783] [INFO] [logger:55] - 视频路径迁移完成，共迁移 0 个视频
[2025-07-18 14:34:51,784] [INFO] [logger:55] - 发现 1 个中断的任务，开始恢复...
[2025-07-18 14:34:51,785] [INFO] [logger:55] - 重置视频ID 52 状态为pending
[2025-07-18 14:34:51,787] [INFO] [logger:55] - 恢复任务 7，用户 1，标题: 测试1...
[2025-07-18 14:34:51,787] [INFO] [logger:55] - 任务 7 已重新启动
[2025-07-18 14:34:51,787] [INFO] [logger:55] - 任务恢复完成
[2025-07-18 14:34:51,787] [INFO] [logger:55] - 任务恢复检查完成
[2025-07-18 14:34:51,795] [INFO] [logger:55] - 开始处理用户 admin 的队列任务，任务ID: 7, 视频ID: 53
[2025-07-18 14:35:02,728] [ERROR] [logger:62] - 查询视频状态出错 - 视频ID: 53, 错误: 404 Not Found: The requested URL was not found on the server. If you entered the URL manually please check your spelling and try again.
[2025-07-18 14:35:10,700] [INFO] [logger:55] - 用户 admin 查看我的视频页面，共 10 个视频
[2025-07-18 14:35:10,923] [INFO] [app:2468] - 请求 workstore 文件: admin/《金刚经》无断无灭分/covers/cover_4:3.png
[2025-07-18 14:35:24,414] [INFO] [logger:55] - 用户 admin 生成视频扣除了 1 条额度，剩余 83 条
[2025-07-18 14:35:24,419] [INFO] [logger:55] - 用户 admin 的任务已加入队列，任务ID: 7
[2025-07-18 14:35:24,427] [INFO] [logger:55] - 开始处理用户 admin 的队列任务，任务ID: 7, 视频ID: 53
[2025-07-18 14:35:24,563] [ERROR] [logger:62] - 队列视频生成任务失败: Request timed out.
[2025-07-18 14:35:53,972] [ERROR] [logger:62] - 队列视频生成任务失败: Connection error.
[2025-07-18 14:52:06,525] [INFO] [logger:55] - 正在检查并恢复中断的任务...
[2025-07-18 14:52:06,525] [INFO] [logger:55] - 检查服务器启动时是否有中断的任务需要恢复...
[2025-07-18 14:52:06,528] [INFO] [logger:55] - 开始迁移视频路径...
[2025-07-18 14:52:06,529] [INFO] [logger:55] - 迁移视频 13: user1 -> admin
[2025-07-18 14:52:06,529] [WARNING] [logger:66] - 新路径不存在，跳过迁移视频 13: workstore/admin/纳什均衡解析/output.mp4
[2025-07-18 14:52:06,529] [INFO] [logger:55] - 迁移视频 15: user1 -> admin
[2025-07-18 14:52:06,529] [WARNING] [logger:66] - 新路径不存在，跳过迁移视频 15: workstore/admin/白雪公主的童话/output.mp4
[2025-07-18 14:52:06,529] [INFO] [logger:55] - 迁移视频 18: user3 -> test2
[2025-07-18 14:52:06,529] [WARNING] [logger:66] - 新路径不存在，跳过迁移视频 18: workstore/test2/坚持的力量/output.mp4
[2025-07-18 14:52:06,529] [INFO] [logger:55] - 迁移视频 19: user6 -> test4
[2025-07-18 14:52:06,529] [WARNING] [logger:66] - 新路径不存在，跳过迁移视频 19: workstore/test4/白雪公主的故事/output.mp4
[2025-07-18 14:52:06,530] [INFO] [logger:55] - 迁移视频 26: user6 -> test4
[2025-07-18 14:52:06,530] [WARNING] [logger:66] - 新路径不存在，跳过迁移视频 26: workstore/test4/人性弱点智慧/output.mp4
[2025-07-18 14:52:06,530] [INFO] [logger:55] - 迁移视频 27: user6 -> test4
[2025-07-18 14:52:06,530] [WARNING] [logger:66] - 新路径不存在，跳过迁移视频 27: workstore/test4/达克效应之谜/output.mp4
[2025-07-18 14:52:06,530] [INFO] [logger:55] - 迁移视频 32: user6 -> test4
[2025-07-18 14:52:06,530] [WARNING] [logger:66] - 新路径不存在，跳过迁移视频 32: workstore/test4/《金刚经》第一品：法会因由分/output.mp4
[2025-07-18 14:52:06,530] [INFO] [logger:55] - 迁移视频 33: user6 -> test4
[2025-07-18 14:52:06,530] [WARNING] [logger:66] - 新路径不存在，跳过迁移视频 33: workstore/test4/《金刚经》第二品善现启请分/output.mp4
[2025-07-18 14:52:06,530] [INFO] [logger:55] - 迁移视频 34: user1 -> admin
[2025-07-18 14:52:06,530] [WARNING] [logger:66] - 新路径不存在，跳过迁移视频 34: workstore/admin/小红帽的森林奇遇/output.mp4
[2025-07-18 14:52:06,531] [INFO] [logger:55] - 迁移视频 35: user8 -> test9
[2025-07-18 14:52:06,531] [WARNING] [logger:66] - 新路径不存在，跳过迁移视频 35: workstore/test9/《金刚经》第五品 如理实见分/output.mp4
[2025-07-18 14:52:06,531] [INFO] [logger:55] - 迁移视频 36: user8 -> test9
[2025-07-18 14:52:06,531] [WARNING] [logger:66] - 新路径不存在，跳过迁移视频 36: workstore/test9/《金刚经》第六品 正信希有分/output.mp4
[2025-07-18 14:52:06,531] [INFO] [logger:55] - 迁移视频 37: user1 -> admin
[2025-07-18 14:52:06,531] [WARNING] [logger:66] - 新路径不存在，跳过迁移视频 37: workstore/admin/停止按钮背后的故事/output.mp4
[2025-07-18 14:52:06,532] [INFO] [logger:55] - 迁移视频 38: user1 -> admin
[2025-07-18 14:52:06,532] [WARNING] [logger:66] - 新路径不存在，跳过迁移视频 38: workstore/admin/《金刚经》第八品 依法出生分/output.mp4
[2025-07-18 14:52:06,533] [INFO] [logger:55] - 视频路径迁移完成，共迁移 0 个视频
[2025-07-18 14:52:06,534] [INFO] [logger:55] - 没有发现中断的任务
[2025-07-18 14:52:06,534] [INFO] [logger:55] - 任务恢复检查完成
[2025-07-18 14:52:07,408] [INFO] [logger:55] - 正在检查并恢复中断的任务...
[2025-07-18 14:52:07,408] [INFO] [logger:55] - 检查服务器启动时是否有中断的任务需要恢复...
[2025-07-18 14:52:07,410] [INFO] [logger:55] - 开始迁移视频路径...
[2025-07-18 14:52:07,411] [INFO] [logger:55] - 迁移视频 13: user1 -> admin
[2025-07-18 14:52:07,411] [WARNING] [logger:66] - 新路径不存在，跳过迁移视频 13: workstore/admin/纳什均衡解析/output.mp4
[2025-07-18 14:52:07,411] [INFO] [logger:55] - 迁移视频 15: user1 -> admin
[2025-07-18 14:52:07,411] [WARNING] [logger:66] - 新路径不存在，跳过迁移视频 15: workstore/admin/白雪公主的童话/output.mp4
[2025-07-18 14:52:07,411] [INFO] [logger:55] - 迁移视频 18: user3 -> test2
[2025-07-18 14:52:07,411] [WARNING] [logger:66] - 新路径不存在，跳过迁移视频 18: workstore/test2/坚持的力量/output.mp4
[2025-07-18 14:52:07,411] [INFO] [logger:55] - 迁移视频 19: user6 -> test4
[2025-07-18 14:52:07,411] [WARNING] [logger:66] - 新路径不存在，跳过迁移视频 19: workstore/test4/白雪公主的故事/output.mp4
[2025-07-18 14:52:07,412] [INFO] [logger:55] - 迁移视频 26: user6 -> test4
[2025-07-18 14:52:07,412] [WARNING] [logger:66] - 新路径不存在，跳过迁移视频 26: workstore/test4/人性弱点智慧/output.mp4
[2025-07-18 14:52:07,412] [INFO] [logger:55] - 迁移视频 27: user6 -> test4
[2025-07-18 14:52:07,412] [WARNING] [logger:66] - 新路径不存在，跳过迁移视频 27: workstore/test4/达克效应之谜/output.mp4
[2025-07-18 14:52:07,412] [INFO] [logger:55] - 迁移视频 32: user6 -> test4
[2025-07-18 14:52:07,412] [WARNING] [logger:66] - 新路径不存在，跳过迁移视频 32: workstore/test4/《金刚经》第一品：法会因由分/output.mp4
[2025-07-18 14:52:07,412] [INFO] [logger:55] - 迁移视频 33: user6 -> test4
[2025-07-18 14:52:07,412] [WARNING] [logger:66] - 新路径不存在，跳过迁移视频 33: workstore/test4/《金刚经》第二品善现启请分/output.mp4
[2025-07-18 14:52:07,412] [INFO] [logger:55] - 迁移视频 34: user1 -> admin
[2025-07-18 14:52:07,412] [WARNING] [logger:66] - 新路径不存在，跳过迁移视频 34: workstore/admin/小红帽的森林奇遇/output.mp4
[2025-07-18 14:52:07,413] [INFO] [logger:55] - 迁移视频 35: user8 -> test9
[2025-07-18 14:52:07,413] [WARNING] [logger:66] - 新路径不存在，跳过迁移视频 35: workstore/test9/《金刚经》第五品 如理实见分/output.mp4
[2025-07-18 14:52:07,413] [INFO] [logger:55] - 迁移视频 36: user8 -> test9
[2025-07-18 14:52:07,413] [WARNING] [logger:66] - 新路径不存在，跳过迁移视频 36: workstore/test9/《金刚经》第六品 正信希有分/output.mp4
[2025-07-18 14:52:07,413] [INFO] [logger:55] - 迁移视频 37: user1 -> admin
[2025-07-18 14:52:07,413] [WARNING] [logger:66] - 新路径不存在，跳过迁移视频 37: workstore/admin/停止按钮背后的故事/output.mp4
[2025-07-18 14:52:07,413] [INFO] [logger:55] - 迁移视频 38: user1 -> admin
[2025-07-18 14:52:07,413] [WARNING] [logger:66] - 新路径不存在，跳过迁移视频 38: workstore/admin/《金刚经》第八品 依法出生分/output.mp4
[2025-07-18 14:52:07,415] [INFO] [logger:55] - 视频路径迁移完成，共迁移 0 个视频
[2025-07-18 14:52:07,416] [INFO] [logger:55] - 没有发现中断的任务
[2025-07-18 14:52:07,416] [INFO] [logger:55] - 任务恢复检查完成
[2025-07-18 14:52:45,904] [INFO] [logger:55] - 用户 admin 生成视频扣除了 1 条额度，剩余 82 条
[2025-07-18 14:52:45,908] [INFO] [logger:55] - 用户 admin 的任务已加入队列，任务ID: 8
[2025-07-18 14:52:45,929] [INFO] [logger:55] - 开始处理用户 admin 的队列任务，任务ID: 8, 视频ID: 54
[2025-07-18 14:52:58,158] [INFO] [logger:55] - 用户 admin 生成视频扣除了 1 条额度，剩余 81 条
[2025-07-18 14:52:58,165] [INFO] [logger:55] - 用户 admin 的任务已加入队列，任务ID: 9
[2025-07-18 14:53:05,572] [ERROR] [logger:62] - 查询视频状态出错 - 视频ID: 54, 错误: 404 Not Found: The requested URL was not found on the server. If you entered the URL manually please check your spelling and try again.
[2025-07-18 14:53:05,597] [ERROR] [logger:62] - 查询视频状态出错 - 视频ID: 54, 错误: 404 Not Found: The requested URL was not found on the server. If you entered the URL manually please check your spelling and try again.
[2025-07-18 14:53:18,932] [INFO] [logger:55] - 用户 admin 查看我的视频页面，共 10 个视频
[2025-07-18 14:53:33,914] [INFO] [logger:55] - 用户 admin 查看我的视频页面，共 10 个视频
[2025-07-18 15:07:08,503] [INFO] [logger:55] - 正在检查并恢复中断的任务...
[2025-07-18 15:07:08,503] [INFO] [logger:55] - 检查服务器启动时是否有中断的任务需要恢复...
[2025-07-18 15:07:08,507] [INFO] [logger:55] - 开始迁移视频路径...
[2025-07-18 15:07:08,507] [INFO] [logger:55] - 迁移视频 13: user1 -> admin
[2025-07-18 15:07:08,507] [WARNING] [logger:66] - 新路径不存在，跳过迁移视频 13: workstore/admin/纳什均衡解析/output.mp4
[2025-07-18 15:07:08,507] [INFO] [logger:55] - 迁移视频 15: user1 -> admin
[2025-07-18 15:07:08,507] [WARNING] [logger:66] - 新路径不存在，跳过迁移视频 15: workstore/admin/白雪公主的童话/output.mp4
[2025-07-18 15:07:08,507] [INFO] [logger:55] - 迁移视频 18: user3 -> test2
[2025-07-18 15:07:08,507] [WARNING] [logger:66] - 新路径不存在，跳过迁移视频 18: workstore/test2/坚持的力量/output.mp4
[2025-07-18 15:07:08,508] [INFO] [logger:55] - 迁移视频 19: user6 -> test4
[2025-07-18 15:07:08,508] [WARNING] [logger:66] - 新路径不存在，跳过迁移视频 19: workstore/test4/白雪公主的故事/output.mp4
[2025-07-18 15:07:08,508] [INFO] [logger:55] - 迁移视频 26: user6 -> test4
[2025-07-18 15:07:08,508] [WARNING] [logger:66] - 新路径不存在，跳过迁移视频 26: workstore/test4/人性弱点智慧/output.mp4
[2025-07-18 15:07:08,508] [INFO] [logger:55] - 迁移视频 27: user6 -> test4
[2025-07-18 15:07:08,508] [WARNING] [logger:66] - 新路径不存在，跳过迁移视频 27: workstore/test4/达克效应之谜/output.mp4
[2025-07-18 15:07:08,508] [INFO] [logger:55] - 迁移视频 32: user6 -> test4
[2025-07-18 15:07:08,508] [WARNING] [logger:66] - 新路径不存在，跳过迁移视频 32: workstore/test4/《金刚经》第一品：法会因由分/output.mp4
[2025-07-18 15:07:08,508] [INFO] [logger:55] - 迁移视频 33: user6 -> test4
[2025-07-18 15:07:08,508] [WARNING] [logger:66] - 新路径不存在，跳过迁移视频 33: workstore/test4/《金刚经》第二品善现启请分/output.mp4
[2025-07-18 15:07:08,509] [INFO] [logger:55] - 迁移视频 34: user1 -> admin
[2025-07-18 15:07:08,509] [WARNING] [logger:66] - 新路径不存在，跳过迁移视频 34: workstore/admin/小红帽的森林奇遇/output.mp4
[2025-07-18 15:07:08,509] [INFO] [logger:55] - 迁移视频 35: user8 -> test9
[2025-07-18 15:07:08,509] [WARNING] [logger:66] - 新路径不存在，跳过迁移视频 35: workstore/test9/《金刚经》第五品 如理实见分/output.mp4
[2025-07-18 15:07:08,509] [INFO] [logger:55] - 迁移视频 36: user8 -> test9
[2025-07-18 15:07:08,509] [WARNING] [logger:66] - 新路径不存在，跳过迁移视频 36: workstore/test9/《金刚经》第六品 正信希有分/output.mp4
[2025-07-18 15:07:08,509] [INFO] [logger:55] - 迁移视频 37: user1 -> admin
[2025-07-18 15:07:08,509] [WARNING] [logger:66] - 新路径不存在，跳过迁移视频 37: workstore/admin/停止按钮背后的故事/output.mp4
[2025-07-18 15:07:08,510] [INFO] [logger:55] - 迁移视频 38: user1 -> admin
[2025-07-18 15:07:08,510] [WARNING] [logger:66] - 新路径不存在，跳过迁移视频 38: workstore/admin/《金刚经》第八品 依法出生分/output.mp4
[2025-07-18 15:07:08,511] [INFO] [logger:55] - 视频路径迁移完成，共迁移 0 个视频
[2025-07-18 15:07:08,512] [INFO] [logger:55] - 没有发现中断的任务
[2025-07-18 15:07:08,512] [INFO] [logger:55] - 任务恢复检查完成
[2025-07-18 15:07:09,412] [INFO] [logger:55] - 正在检查并恢复中断的任务...
[2025-07-18 15:07:09,412] [INFO] [logger:55] - 检查服务器启动时是否有中断的任务需要恢复...
[2025-07-18 15:07:09,416] [INFO] [logger:55] - 开始迁移视频路径...
[2025-07-18 15:07:09,416] [INFO] [logger:55] - 迁移视频 13: user1 -> admin
[2025-07-18 15:07:09,417] [WARNING] [logger:66] - 新路径不存在，跳过迁移视频 13: workstore/admin/纳什均衡解析/output.mp4
[2025-07-18 15:07:09,417] [INFO] [logger:55] - 迁移视频 15: user1 -> admin
[2025-07-18 15:07:09,417] [WARNING] [logger:66] - 新路径不存在，跳过迁移视频 15: workstore/admin/白雪公主的童话/output.mp4
[2025-07-18 15:07:09,418] [INFO] [logger:55] - 迁移视频 18: user3 -> test2
[2025-07-18 15:07:09,418] [WARNING] [logger:66] - 新路径不存在，跳过迁移视频 18: workstore/test2/坚持的力量/output.mp4
[2025-07-18 15:07:09,421] [INFO] [logger:55] - 迁移视频 19: user6 -> test4
[2025-07-18 15:07:09,422] [WARNING] [logger:66] - 新路径不存在，跳过迁移视频 19: workstore/test4/白雪公主的故事/output.mp4
[2025-07-18 15:07:09,423] [INFO] [logger:55] - 迁移视频 26: user6 -> test4
[2025-07-18 15:07:09,424] [WARNING] [logger:66] - 新路径不存在，跳过迁移视频 26: workstore/test4/人性弱点智慧/output.mp4
[2025-07-18 15:07:09,425] [INFO] [logger:55] - 迁移视频 27: user6 -> test4
[2025-07-18 15:07:09,425] [WARNING] [logger:66] - 新路径不存在，跳过迁移视频 27: workstore/test4/达克效应之谜/output.mp4
[2025-07-18 15:07:09,425] [INFO] [logger:55] - 迁移视频 32: user6 -> test4
[2025-07-18 15:07:09,426] [WARNING] [logger:66] - 新路径不存在，跳过迁移视频 32: workstore/test4/《金刚经》第一品：法会因由分/output.mp4
[2025-07-18 15:07:09,426] [INFO] [logger:55] - 迁移视频 33: user6 -> test4
[2025-07-18 15:07:09,426] [WARNING] [logger:66] - 新路径不存在，跳过迁移视频 33: workstore/test4/《金刚经》第二品善现启请分/output.mp4
[2025-07-18 15:07:09,428] [INFO] [logger:55] - 迁移视频 34: user1 -> admin
[2025-07-18 15:07:09,428] [WARNING] [logger:66] - 新路径不存在，跳过迁移视频 34: workstore/admin/小红帽的森林奇遇/output.mp4
[2025-07-18 15:07:09,429] [INFO] [logger:55] - 迁移视频 35: user8 -> test9
[2025-07-18 15:07:09,429] [WARNING] [logger:66] - 新路径不存在，跳过迁移视频 35: workstore/test9/《金刚经》第五品 如理实见分/output.mp4
[2025-07-18 15:07:09,429] [INFO] [logger:55] - 迁移视频 36: user8 -> test9
[2025-07-18 15:07:09,430] [WARNING] [logger:66] - 新路径不存在，跳过迁移视频 36: workstore/test9/《金刚经》第六品 正信希有分/output.mp4
[2025-07-18 15:07:09,434] [INFO] [logger:55] - 迁移视频 37: user1 -> admin
[2025-07-18 15:07:09,435] [WARNING] [logger:66] - 新路径不存在，跳过迁移视频 37: workstore/admin/停止按钮背后的故事/output.mp4
[2025-07-18 15:07:09,435] [INFO] [logger:55] - 迁移视频 38: user1 -> admin
[2025-07-18 15:07:09,435] [WARNING] [logger:66] - 新路径不存在，跳过迁移视频 38: workstore/admin/《金刚经》第八品 依法出生分/output.mp4
[2025-07-18 15:07:09,438] [INFO] [logger:55] - 视频路径迁移完成，共迁移 0 个视频
[2025-07-18 15:07:09,440] [INFO] [logger:55] - 没有发现中断的任务
[2025-07-18 15:07:09,440] [INFO] [logger:55] - 任务恢复检查完成
[2025-07-18 15:09:28,191] [INFO] [logger:55] - 正在检查并恢复中断的任务...
[2025-07-18 15:09:28,191] [INFO] [logger:55] - 检查服务器启动时是否有中断的任务需要恢复...
[2025-07-18 15:09:28,195] [INFO] [logger:55] - 开始迁移视频路径...
[2025-07-18 15:09:28,195] [INFO] [logger:55] - 迁移视频 13: user1 -> admin
[2025-07-18 15:09:28,195] [WARNING] [logger:66] - 新路径不存在，跳过迁移视频 13: workstore/admin/纳什均衡解析/output.mp4
[2025-07-18 15:09:28,195] [INFO] [logger:55] - 迁移视频 15: user1 -> admin
[2025-07-18 15:09:28,195] [WARNING] [logger:66] - 新路径不存在，跳过迁移视频 15: workstore/admin/白雪公主的童话/output.mp4
[2025-07-18 15:09:28,195] [INFO] [logger:55] - 迁移视频 18: user3 -> test2
[2025-07-18 15:09:28,195] [WARNING] [logger:66] - 新路径不存在，跳过迁移视频 18: workstore/test2/坚持的力量/output.mp4
[2025-07-18 15:09:28,196] [INFO] [logger:55] - 迁移视频 19: user6 -> test4
[2025-07-18 15:09:28,196] [WARNING] [logger:66] - 新路径不存在，跳过迁移视频 19: workstore/test4/白雪公主的故事/output.mp4
[2025-07-18 15:09:28,196] [INFO] [logger:55] - 迁移视频 26: user6 -> test4
[2025-07-18 15:09:28,196] [WARNING] [logger:66] - 新路径不存在，跳过迁移视频 26: workstore/test4/人性弱点智慧/output.mp4
[2025-07-18 15:09:28,196] [INFO] [logger:55] - 迁移视频 27: user6 -> test4
[2025-07-18 15:09:28,196] [WARNING] [logger:66] - 新路径不存在，跳过迁移视频 27: workstore/test4/达克效应之谜/output.mp4
[2025-07-18 15:09:28,196] [INFO] [logger:55] - 迁移视频 32: user6 -> test4
[2025-07-18 15:09:28,196] [WARNING] [logger:66] - 新路径不存在，跳过迁移视频 32: workstore/test4/《金刚经》第一品：法会因由分/output.mp4
[2025-07-18 15:09:28,196] [INFO] [logger:55] - 迁移视频 33: user6 -> test4
[2025-07-18 15:09:28,196] [WARNING] [logger:66] - 新路径不存在，跳过迁移视频 33: workstore/test4/《金刚经》第二品善现启请分/output.mp4
[2025-07-18 15:09:28,197] [INFO] [logger:55] - 迁移视频 34: user1 -> admin
[2025-07-18 15:09:28,197] [WARNING] [logger:66] - 新路径不存在，跳过迁移视频 34: workstore/admin/小红帽的森林奇遇/output.mp4
[2025-07-18 15:09:28,197] [INFO] [logger:55] - 迁移视频 35: user8 -> test9
[2025-07-18 15:09:28,197] [WARNING] [logger:66] - 新路径不存在，跳过迁移视频 35: workstore/test9/《金刚经》第五品 如理实见分/output.mp4
[2025-07-18 15:09:28,197] [INFO] [logger:55] - 迁移视频 36: user8 -> test9
[2025-07-18 15:09:28,197] [WARNING] [logger:66] - 新路径不存在，跳过迁移视频 36: workstore/test9/《金刚经》第六品 正信希有分/output.mp4
[2025-07-18 15:09:28,197] [INFO] [logger:55] - 迁移视频 37: user1 -> admin
[2025-07-18 15:09:28,197] [WARNING] [logger:66] - 新路径不存在，跳过迁移视频 37: workstore/admin/停止按钮背后的故事/output.mp4
[2025-07-18 15:09:28,198] [INFO] [logger:55] - 迁移视频 38: user1 -> admin
[2025-07-18 15:09:28,198] [WARNING] [logger:66] - 新路径不存在，跳过迁移视频 38: workstore/admin/《金刚经》第八品 依法出生分/output.mp4
[2025-07-18 15:09:28,199] [INFO] [logger:55] - 视频路径迁移完成，共迁移 0 个视频
[2025-07-18 15:09:28,200] [INFO] [logger:55] - 没有发现中断的任务
[2025-07-18 15:09:28,200] [INFO] [logger:55] - 任务恢复检查完成
[2025-07-18 15:09:29,042] [INFO] [logger:55] - 正在检查并恢复中断的任务...
[2025-07-18 15:09:29,042] [INFO] [logger:55] - 检查服务器启动时是否有中断的任务需要恢复...
[2025-07-18 15:09:29,045] [INFO] [logger:55] - 开始迁移视频路径...
[2025-07-18 15:09:29,045] [INFO] [logger:55] - 迁移视频 13: user1 -> admin
[2025-07-18 15:09:29,045] [WARNING] [logger:66] - 新路径不存在，跳过迁移视频 13: workstore/admin/纳什均衡解析/output.mp4
[2025-07-18 15:09:29,045] [INFO] [logger:55] - 迁移视频 15: user1 -> admin
[2025-07-18 15:09:29,045] [WARNING] [logger:66] - 新路径不存在，跳过迁移视频 15: workstore/admin/白雪公主的童话/output.mp4
[2025-07-18 15:09:29,046] [INFO] [logger:55] - 迁移视频 18: user3 -> test2
[2025-07-18 15:09:29,046] [WARNING] [logger:66] - 新路径不存在，跳过迁移视频 18: workstore/test2/坚持的力量/output.mp4
[2025-07-18 15:09:29,046] [INFO] [logger:55] - 迁移视频 19: user6 -> test4
[2025-07-18 15:09:29,046] [WARNING] [logger:66] - 新路径不存在，跳过迁移视频 19: workstore/test4/白雪公主的故事/output.mp4
[2025-07-18 15:09:29,046] [INFO] [logger:55] - 迁移视频 26: user6 -> test4
[2025-07-18 15:09:29,046] [WARNING] [logger:66] - 新路径不存在，跳过迁移视频 26: workstore/test4/人性弱点智慧/output.mp4
[2025-07-18 15:09:29,046] [INFO] [logger:55] - 迁移视频 27: user6 -> test4
[2025-07-18 15:09:29,046] [WARNING] [logger:66] - 新路径不存在，跳过迁移视频 27: workstore/test4/达克效应之谜/output.mp4
[2025-07-18 15:09:29,046] [INFO] [logger:55] - 迁移视频 32: user6 -> test4
[2025-07-18 15:09:29,046] [WARNING] [logger:66] - 新路径不存在，跳过迁移视频 32: workstore/test4/《金刚经》第一品：法会因由分/output.mp4
[2025-07-18 15:09:29,046] [INFO] [logger:55] - 迁移视频 33: user6 -> test4
[2025-07-18 15:09:29,046] [WARNING] [logger:66] - 新路径不存在，跳过迁移视频 33: workstore/test4/《金刚经》第二品善现启请分/output.mp4
[2025-07-18 15:09:29,047] [INFO] [logger:55] - 迁移视频 34: user1 -> admin
[2025-07-18 15:09:29,047] [WARNING] [logger:66] - 新路径不存在，跳过迁移视频 34: workstore/admin/小红帽的森林奇遇/output.mp4
[2025-07-18 15:09:29,047] [INFO] [logger:55] - 迁移视频 35: user8 -> test9
[2025-07-18 15:09:29,047] [WARNING] [logger:66] - 新路径不存在，跳过迁移视频 35: workstore/test9/《金刚经》第五品 如理实见分/output.mp4
[2025-07-18 15:09:29,047] [INFO] [logger:55] - 迁移视频 36: user8 -> test9
[2025-07-18 15:09:29,047] [WARNING] [logger:66] - 新路径不存在，跳过迁移视频 36: workstore/test9/《金刚经》第六品 正信希有分/output.mp4
[2025-07-18 15:09:29,047] [INFO] [logger:55] - 迁移视频 37: user1 -> admin
[2025-07-18 15:09:29,048] [WARNING] [logger:66] - 新路径不存在，跳过迁移视频 37: workstore/admin/停止按钮背后的故事/output.mp4
[2025-07-18 15:09:29,048] [INFO] [logger:55] - 迁移视频 38: user1 -> admin
[2025-07-18 15:09:29,048] [WARNING] [logger:66] - 新路径不存在，跳过迁移视频 38: workstore/admin/《金刚经》第八品 依法出生分/output.mp4
[2025-07-18 15:09:29,049] [INFO] [logger:55] - 视频路径迁移完成，共迁移 0 个视频
[2025-07-18 15:09:29,050] [INFO] [logger:55] - 没有发现中断的任务
[2025-07-18 15:09:29,050] [INFO] [logger:55] - 任务恢复检查完成
[2025-07-18 15:09:35,330] [INFO] [logger:55] - 用户 admin 查看我的视频页面，共 10 个视频
[2025-07-18 15:10:15,836] [INFO] [logger:55] - 正在检查并恢复中断的任务...
[2025-07-18 15:10:15,836] [INFO] [logger:55] - 检查服务器启动时是否有中断的任务需要恢复...
[2025-07-18 15:10:15,839] [INFO] [logger:55] - 开始迁移视频路径...
[2025-07-18 15:10:15,840] [INFO] [logger:55] - 迁移视频 13: user1 -> admin
[2025-07-18 15:10:15,840] [WARNING] [logger:66] - 新路径不存在，跳过迁移视频 13: workstore/admin/纳什均衡解析/output.mp4
[2025-07-18 15:10:15,840] [INFO] [logger:55] - 迁移视频 15: user1 -> admin
[2025-07-18 15:10:15,840] [WARNING] [logger:66] - 新路径不存在，跳过迁移视频 15: workstore/admin/白雪公主的童话/output.mp4
[2025-07-18 15:10:15,840] [INFO] [logger:55] - 迁移视频 18: user3 -> test2
[2025-07-18 15:10:15,840] [WARNING] [logger:66] - 新路径不存在，跳过迁移视频 18: workstore/test2/坚持的力量/output.mp4
[2025-07-18 15:10:15,840] [INFO] [logger:55] - 迁移视频 19: user6 -> test4
[2025-07-18 15:10:15,840] [WARNING] [logger:66] - 新路径不存在，跳过迁移视频 19: workstore/test4/白雪公主的故事/output.mp4
[2025-07-18 15:10:15,840] [INFO] [logger:55] - 迁移视频 26: user6 -> test4
[2025-07-18 15:10:15,841] [WARNING] [logger:66] - 新路径不存在，跳过迁移视频 26: workstore/test4/人性弱点智慧/output.mp4
[2025-07-18 15:10:15,841] [INFO] [logger:55] - 迁移视频 27: user6 -> test4
[2025-07-18 15:10:15,841] [WARNING] [logger:66] - 新路径不存在，跳过迁移视频 27: workstore/test4/达克效应之谜/output.mp4
[2025-07-18 15:10:15,841] [INFO] [logger:55] - 迁移视频 32: user6 -> test4
[2025-07-18 15:10:15,841] [WARNING] [logger:66] - 新路径不存在，跳过迁移视频 32: workstore/test4/《金刚经》第一品：法会因由分/output.mp4
[2025-07-18 15:10:15,841] [INFO] [logger:55] - 迁移视频 33: user6 -> test4
[2025-07-18 15:10:15,841] [WARNING] [logger:66] - 新路径不存在，跳过迁移视频 33: workstore/test4/《金刚经》第二品善现启请分/output.mp4
[2025-07-18 15:10:15,841] [INFO] [logger:55] - 迁移视频 34: user1 -> admin
[2025-07-18 15:10:15,841] [WARNING] [logger:66] - 新路径不存在，跳过迁移视频 34: workstore/admin/小红帽的森林奇遇/output.mp4
[2025-07-18 15:10:15,842] [INFO] [logger:55] - 迁移视频 35: user8 -> test9
[2025-07-18 15:10:15,842] [WARNING] [logger:66] - 新路径不存在，跳过迁移视频 35: workstore/test9/《金刚经》第五品 如理实见分/output.mp4
[2025-07-18 15:10:15,842] [INFO] [logger:55] - 迁移视频 36: user8 -> test9
[2025-07-18 15:10:15,842] [WARNING] [logger:66] - 新路径不存在，跳过迁移视频 36: workstore/test9/《金刚经》第六品 正信希有分/output.mp4
[2025-07-18 15:10:15,842] [INFO] [logger:55] - 迁移视频 37: user1 -> admin
[2025-07-18 15:10:15,842] [WARNING] [logger:66] - 新路径不存在，跳过迁移视频 37: workstore/admin/停止按钮背后的故事/output.mp4
[2025-07-18 15:10:15,842] [INFO] [logger:55] - 迁移视频 38: user1 -> admin
[2025-07-18 15:10:15,842] [WARNING] [logger:66] - 新路径不存在，跳过迁移视频 38: workstore/admin/《金刚经》第八品 依法出生分/output.mp4
[2025-07-18 15:10:15,844] [INFO] [logger:55] - 视频路径迁移完成，共迁移 0 个视频
[2025-07-18 15:10:15,845] [INFO] [logger:55] - 没有发现中断的任务
[2025-07-18 15:10:15,845] [INFO] [logger:55] - 发现 0 个中断的任务，开始恢复...
[2025-07-18 15:10:15,845] [INFO] [logger:55] - 任务恢复完成
[2025-07-18 15:10:15,845] [INFO] [logger:55] - 任务恢复检查完成
[2025-07-18 15:22:25,146] [INFO] [logger:55] - 正在检查并恢复中断的任务...
[2025-07-18 15:22:25,146] [INFO] [logger:55] - 检查服务器启动时是否有中断的任务需要恢复...
[2025-07-18 15:22:25,150] [INFO] [logger:55] - 开始迁移视频路径...
[2025-07-18 15:22:25,150] [INFO] [logger:55] - 迁移视频 13: user1 -> admin
[2025-07-18 15:22:25,150] [WARNING] [logger:66] - 新路径不存在，跳过迁移视频 13: workstore/admin/纳什均衡解析/output.mp4
[2025-07-18 15:22:25,150] [INFO] [logger:55] - 迁移视频 15: user1 -> admin
[2025-07-18 15:22:25,150] [WARNING] [logger:66] - 新路径不存在，跳过迁移视频 15: workstore/admin/白雪公主的童话/output.mp4
[2025-07-18 15:22:25,150] [INFO] [logger:55] - 迁移视频 18: user3 -> test2
[2025-07-18 15:22:25,150] [WARNING] [logger:66] - 新路径不存在，跳过迁移视频 18: workstore/test2/坚持的力量/output.mp4
[2025-07-18 15:22:25,151] [INFO] [logger:55] - 迁移视频 19: user6 -> test4
[2025-07-18 15:22:25,151] [WARNING] [logger:66] - 新路径不存在，跳过迁移视频 19: workstore/test4/白雪公主的故事/output.mp4
[2025-07-18 15:22:25,151] [INFO] [logger:55] - 迁移视频 26: user6 -> test4
[2025-07-18 15:22:25,151] [WARNING] [logger:66] - 新路径不存在，跳过迁移视频 26: workstore/test4/人性弱点智慧/output.mp4
[2025-07-18 15:22:25,151] [INFO] [logger:55] - 迁移视频 27: user6 -> test4
[2025-07-18 15:22:25,151] [WARNING] [logger:66] - 新路径不存在，跳过迁移视频 27: workstore/test4/达克效应之谜/output.mp4
[2025-07-18 15:22:25,151] [INFO] [logger:55] - 迁移视频 32: user6 -> test4
[2025-07-18 15:22:25,151] [WARNING] [logger:66] - 新路径不存在，跳过迁移视频 32: workstore/test4/《金刚经》第一品：法会因由分/output.mp4
[2025-07-18 15:22:25,151] [INFO] [logger:55] - 迁移视频 33: user6 -> test4
[2025-07-18 15:22:25,151] [WARNING] [logger:66] - 新路径不存在，跳过迁移视频 33: workstore/test4/《金刚经》第二品善现启请分/output.mp4
[2025-07-18 15:22:25,152] [INFO] [logger:55] - 迁移视频 34: user1 -> admin
[2025-07-18 15:22:25,152] [WARNING] [logger:66] - 新路径不存在，跳过迁移视频 34: workstore/admin/小红帽的森林奇遇/output.mp4
[2025-07-18 15:22:25,152] [INFO] [logger:55] - 迁移视频 35: user8 -> test9
[2025-07-18 15:22:25,152] [WARNING] [logger:66] - 新路径不存在，跳过迁移视频 35: workstore/test9/《金刚经》第五品 如理实见分/output.mp4
[2025-07-18 15:22:25,152] [INFO] [logger:55] - 迁移视频 36: user8 -> test9
[2025-07-18 15:22:25,152] [WARNING] [logger:66] - 新路径不存在，跳过迁移视频 36: workstore/test9/《金刚经》第六品 正信希有分/output.mp4
[2025-07-18 15:22:25,152] [INFO] [logger:55] - 迁移视频 37: user1 -> admin
[2025-07-18 15:22:25,152] [WARNING] [logger:66] - 新路径不存在，跳过迁移视频 37: workstore/admin/停止按钮背后的故事/output.mp4
[2025-07-18 15:22:25,152] [INFO] [logger:55] - 迁移视频 38: user1 -> admin
[2025-07-18 15:22:25,152] [WARNING] [logger:66] - 新路径不存在，跳过迁移视频 38: workstore/admin/《金刚经》第八品 依法出生分/output.mp4
[2025-07-18 15:22:25,154] [INFO] [logger:55] - 视频路径迁移完成，共迁移 0 个视频
[2025-07-18 15:22:25,155] [INFO] [logger:55] - 没有发现中断的任务
[2025-07-18 15:22:25,155] [INFO] [logger:55] - 任务恢复完成
[2025-07-18 15:22:25,155] [INFO] [logger:55] - 发现 1 个等待中的任务，开始启动...
[2025-07-18 15:22:25,155] [INFO] [logger:55] - 已为用户 1 启动任务处理线程
[2025-07-18 15:22:25,156] [INFO] [logger:55] - 任务恢复检查完成
[2025-07-18 15:22:25,165] [INFO] [logger:55] - 开始处理用户 admin 的队列任务，任务ID: 9, 视频ID: 54
[2025-07-18 15:22:26,017] [INFO] [logger:55] - 正在检查并恢复中断的任务...
[2025-07-18 15:22:26,018] [INFO] [logger:55] - 检查服务器启动时是否有中断的任务需要恢复...
[2025-07-18 15:22:26,020] [INFO] [logger:55] - 开始迁移视频路径...
[2025-07-18 15:22:26,020] [INFO] [logger:55] - 迁移视频 13: user1 -> admin
[2025-07-18 15:22:26,020] [WARNING] [logger:66] - 新路径不存在，跳过迁移视频 13: workstore/admin/纳什均衡解析/output.mp4
[2025-07-18 15:22:26,020] [INFO] [logger:55] - 迁移视频 15: user1 -> admin
[2025-07-18 15:22:26,020] [WARNING] [logger:66] - 新路径不存在，跳过迁移视频 15: workstore/admin/白雪公主的童话/output.mp4
[2025-07-18 15:22:26,021] [INFO] [logger:55] - 迁移视频 18: user3 -> test2
[2025-07-18 15:22:26,021] [WARNING] [logger:66] - 新路径不存在，跳过迁移视频 18: workstore/test2/坚持的力量/output.mp4
[2025-07-18 15:22:26,021] [INFO] [logger:55] - 迁移视频 19: user6 -> test4
[2025-07-18 15:22:26,021] [WARNING] [logger:66] - 新路径不存在，跳过迁移视频 19: workstore/test4/白雪公主的故事/output.mp4
[2025-07-18 15:22:26,021] [INFO] [logger:55] - 迁移视频 26: user6 -> test4
[2025-07-18 15:22:26,021] [WARNING] [logger:66] - 新路径不存在，跳过迁移视频 26: workstore/test4/人性弱点智慧/output.mp4
[2025-07-18 15:22:26,021] [INFO] [logger:55] - 迁移视频 27: user6 -> test4
[2025-07-18 15:22:26,021] [WARNING] [logger:66] - 新路径不存在，跳过迁移视频 27: workstore/test4/达克效应之谜/output.mp4
[2025-07-18 15:22:26,021] [INFO] [logger:55] - 迁移视频 32: user6 -> test4
[2025-07-18 15:22:26,021] [WARNING] [logger:66] - 新路径不存在，跳过迁移视频 32: workstore/test4/《金刚经》第一品：法会因由分/output.mp4
[2025-07-18 15:22:26,022] [INFO] [logger:55] - 迁移视频 33: user6 -> test4
[2025-07-18 15:22:26,022] [WARNING] [logger:66] - 新路径不存在，跳过迁移视频 33: workstore/test4/《金刚经》第二品善现启请分/output.mp4
[2025-07-18 15:22:26,022] [INFO] [logger:55] - 迁移视频 34: user1 -> admin
[2025-07-18 15:22:26,022] [WARNING] [logger:66] - 新路径不存在，跳过迁移视频 34: workstore/admin/小红帽的森林奇遇/output.mp4
[2025-07-18 15:22:26,022] [INFO] [logger:55] - 迁移视频 35: user8 -> test9
[2025-07-18 15:22:26,022] [WARNING] [logger:66] - 新路径不存在，跳过迁移视频 35: workstore/test9/《金刚经》第五品 如理实见分/output.mp4
[2025-07-18 15:22:26,022] [INFO] [logger:55] - 迁移视频 36: user8 -> test9
[2025-07-18 15:22:26,022] [WARNING] [logger:66] - 新路径不存在，跳过迁移视频 36: workstore/test9/《金刚经》第六品 正信希有分/output.mp4
[2025-07-18 15:22:26,022] [INFO] [logger:55] - 迁移视频 37: user1 -> admin
[2025-07-18 15:22:26,023] [WARNING] [logger:66] - 新路径不存在，跳过迁移视频 37: workstore/admin/停止按钮背后的故事/output.mp4
[2025-07-18 15:22:26,023] [INFO] [logger:55] - 迁移视频 38: user1 -> admin
[2025-07-18 15:22:26,023] [WARNING] [logger:66] - 新路径不存在，跳过迁移视频 38: workstore/admin/《金刚经》第八品 依法出生分/output.mp4
[2025-07-18 15:22:26,024] [INFO] [logger:55] - 视频路径迁移完成，共迁移 0 个视频
[2025-07-18 15:22:26,025] [INFO] [logger:55] - 发现 1 个中断的任务，开始恢复...
[2025-07-18 15:22:26,027] [INFO] [logger:55] - 重置视频ID 54 状态为pending
[2025-07-18 15:22:26,030] [INFO] [logger:55] - 恢复任务 9，用户 1，标题: 456测试...
[2025-07-18 15:22:26,030] [INFO] [logger:55] - 任务 9 已重新启动
[2025-07-18 15:22:26,030] [INFO] [logger:55] - 任务恢复完成
[2025-07-18 15:22:26,031] [INFO] [logger:55] - 发现 1 个等待中的任务，开始启动...
[2025-07-18 15:22:26,031] [INFO] [logger:55] - 已为用户 1 启动任务处理线程
[2025-07-18 15:22:26,031] [INFO] [logger:55] - 任务恢复检查完成
[2025-07-18 15:22:26,042] [INFO] [logger:55] - 开始处理用户 admin 的队列任务，任务ID: 9, 视频ID: 55
[2025-07-18 15:22:26,042] [INFO] [logger:55] - 开始处理用户 admin 的队列任务，任务ID: 9, 视频ID: 56
[2025-07-18 15:22:43,087] [ERROR] [logger:62] - 查询视频状态出错 - 视频ID: 55, 错误: 404 Not Found: The requested URL was not found on the server. If you entered the URL manually please check your spelling and try again.
[2025-07-18 15:22:47,733] [INFO] [logger:55] - 用户 admin 查看我的视频页面，共 10 个视频
[2025-07-18 15:23:03,702] [INFO] [logger:55] - 用户 admin 生成视频扣除了 1 条额度，剩余 82 条
[2025-07-18 15:23:03,707] [INFO] [logger:55] - 用户 admin 的任务已加入队列，任务ID: 8
[2025-07-18 15:23:03,720] [INFO] [logger:55] - 开始处理用户 admin 的队列任务，任务ID: 8, 视频ID: 57
[2025-07-18 15:23:07,200] [INFO] [logger:55] - 用户 admin 查看我的视频页面，共 10 个视频
[2025-07-18 15:23:14,143] [INFO] [logger:55] - 用户 admin 生成视频扣除了 1 条额度，剩余 81 条
[2025-07-18 15:23:14,145] [INFO] [logger:55] - 用户 admin 的任务已加入队列，任务ID: 9
[2025-07-18 15:23:20,391] [INFO] [logger:55] - 开始处理用户 admin 的队列任务，任务ID: 9, 视频ID: 57
[2025-07-18 15:24:16,050] [ERROR] [logger:62] - 队列视频生成任务失败: 智谱AI图片生成失败: cannot schedule new futures after shutdown
[2025-07-18 15:31:59,281] [INFO] [logger:55] - 正在检查并恢复中断的任务...
[2025-07-18 15:31:59,282] [INFO] [logger:55] - 检查服务器启动时是否有中断的任务需要恢复...
[2025-07-18 15:31:59,285] [INFO] [logger:55] - 开始迁移视频路径...
[2025-07-18 15:31:59,286] [INFO] [logger:55] - 迁移视频 13: user1 -> admin
[2025-07-18 15:31:59,286] [WARNING] [logger:66] - 新路径不存在，跳过迁移视频 13: workstore/admin/纳什均衡解析/output.mp4
[2025-07-18 15:31:59,286] [INFO] [logger:55] - 迁移视频 15: user1 -> admin
[2025-07-18 15:31:59,286] [WARNING] [logger:66] - 新路径不存在，跳过迁移视频 15: workstore/admin/白雪公主的童话/output.mp4
[2025-07-18 15:31:59,286] [INFO] [logger:55] - 迁移视频 18: user3 -> test2
[2025-07-18 15:31:59,286] [WARNING] [logger:66] - 新路径不存在，跳过迁移视频 18: workstore/test2/坚持的力量/output.mp4
[2025-07-18 15:31:59,287] [INFO] [logger:55] - 迁移视频 19: user6 -> test4
[2025-07-18 15:31:59,287] [WARNING] [logger:66] - 新路径不存在，跳过迁移视频 19: workstore/test4/白雪公主的故事/output.mp4
[2025-07-18 15:31:59,287] [INFO] [logger:55] - 迁移视频 26: user6 -> test4
[2025-07-18 15:31:59,287] [WARNING] [logger:66] - 新路径不存在，跳过迁移视频 26: workstore/test4/人性弱点智慧/output.mp4
[2025-07-18 15:31:59,287] [INFO] [logger:55] - 迁移视频 27: user6 -> test4
[2025-07-18 15:31:59,287] [WARNING] [logger:66] - 新路径不存在，跳过迁移视频 27: workstore/test4/达克效应之谜/output.mp4
[2025-07-18 15:31:59,287] [INFO] [logger:55] - 迁移视频 32: user6 -> test4
[2025-07-18 15:31:59,287] [WARNING] [logger:66] - 新路径不存在，跳过迁移视频 32: workstore/test4/《金刚经》第一品：法会因由分/output.mp4
[2025-07-18 15:31:59,287] [INFO] [logger:55] - 迁移视频 33: user6 -> test4
[2025-07-18 15:31:59,287] [WARNING] [logger:66] - 新路径不存在，跳过迁移视频 33: workstore/test4/《金刚经》第二品善现启请分/output.mp4
[2025-07-18 15:31:59,288] [INFO] [logger:55] - 迁移视频 34: user1 -> admin
[2025-07-18 15:31:59,288] [WARNING] [logger:66] - 新路径不存在，跳过迁移视频 34: workstore/admin/小红帽的森林奇遇/output.mp4
[2025-07-18 15:31:59,288] [INFO] [logger:55] - 迁移视频 35: user8 -> test9
[2025-07-18 15:31:59,288] [WARNING] [logger:66] - 新路径不存在，跳过迁移视频 35: workstore/test9/《金刚经》第五品 如理实见分/output.mp4
[2025-07-18 15:31:59,288] [INFO] [logger:55] - 迁移视频 36: user8 -> test9
[2025-07-18 15:31:59,288] [WARNING] [logger:66] - 新路径不存在，跳过迁移视频 36: workstore/test9/《金刚经》第六品 正信希有分/output.mp4
[2025-07-18 15:31:59,288] [INFO] [logger:55] - 迁移视频 37: user1 -> admin
[2025-07-18 15:31:59,288] [WARNING] [logger:66] - 新路径不存在，跳过迁移视频 37: workstore/admin/停止按钮背后的故事/output.mp4
[2025-07-18 15:31:59,289] [INFO] [logger:55] - 迁移视频 38: user1 -> admin
[2025-07-18 15:31:59,289] [WARNING] [logger:66] - 新路径不存在，跳过迁移视频 38: workstore/admin/《金刚经》第八品 依法出生分/output.mp4
[2025-07-18 15:31:59,290] [INFO] [logger:55] - 视频路径迁移完成，共迁移 0 个视频
[2025-07-18 15:31:59,291] [INFO] [logger:55] - 发现 1 个中断的任务，开始恢复...
[2025-07-18 15:31:59,293] [INFO] [logger:55] - 重置视频ID 57 状态为pending
[2025-07-18 15:31:59,295] [INFO] [logger:55] - 恢复任务 9，用户 1，标题: 001测试...
[2025-07-18 15:31:59,295] [INFO] [logger:55] - 任务 9 已重新启动
[2025-07-18 15:31:59,295] [INFO] [logger:55] - 任务恢复完成
[2025-07-18 15:31:59,296] [INFO] [logger:55] - 发现 1 个等待中的任务，开始启动...
[2025-07-18 15:31:59,296] [INFO] [logger:55] - 已为用户 1 启动任务处理线程
[2025-07-18 15:31:59,297] [INFO] [logger:55] - 任务恢复检查完成
[2025-07-18 15:31:59,345] [INFO] [logger:55] - 开始处理用户 admin 的队列任务，任务ID: 9, 视频ID: 58
[2025-07-18 15:31:59,347] [INFO] [logger:55] - 开始处理用户 admin 的队列任务，任务ID: 9, 视频ID: 59
[2025-07-18 15:32:00,323] [INFO] [logger:55] - 正在检查并恢复中断的任务...
[2025-07-18 15:32:00,324] [INFO] [logger:55] - 检查服务器启动时是否有中断的任务需要恢复...
[2025-07-18 15:32:00,348] [INFO] [logger:55] - 开始迁移视频路径...
[2025-07-18 15:32:00,348] [INFO] [logger:55] - 迁移视频 13: user1 -> admin
[2025-07-18 15:32:00,349] [WARNING] [logger:66] - 新路径不存在，跳过迁移视频 13: workstore/admin/纳什均衡解析/output.mp4
[2025-07-18 15:32:00,350] [INFO] [logger:55] - 迁移视频 15: user1 -> admin
[2025-07-18 15:32:00,352] [WARNING] [logger:66] - 新路径不存在，跳过迁移视频 15: workstore/admin/白雪公主的童话/output.mp4
[2025-07-18 15:32:00,354] [INFO] [logger:55] - 迁移视频 18: user3 -> test2
[2025-07-18 15:32:00,354] [WARNING] [logger:66] - 新路径不存在，跳过迁移视频 18: workstore/test2/坚持的力量/output.mp4
[2025-07-18 15:32:00,358] [INFO] [logger:55] - 迁移视频 19: user6 -> test4
[2025-07-18 15:32:00,359] [WARNING] [logger:66] - 新路径不存在，跳过迁移视频 19: workstore/test4/白雪公主的故事/output.mp4
[2025-07-18 15:32:00,361] [INFO] [logger:55] - 迁移视频 26: user6 -> test4
[2025-07-18 15:32:00,361] [WARNING] [logger:66] - 新路径不存在，跳过迁移视频 26: workstore/test4/人性弱点智慧/output.mp4
[2025-07-18 15:32:00,361] [INFO] [logger:55] - 迁移视频 27: user6 -> test4
[2025-07-18 15:32:00,361] [WARNING] [logger:66] - 新路径不存在，跳过迁移视频 27: workstore/test4/达克效应之谜/output.mp4
[2025-07-18 15:32:00,362] [INFO] [logger:55] - 迁移视频 32: user6 -> test4
[2025-07-18 15:32:00,363] [WARNING] [logger:66] - 新路径不存在，跳过迁移视频 32: workstore/test4/《金刚经》第一品：法会因由分/output.mp4
[2025-07-18 15:32:00,363] [INFO] [logger:55] - 迁移视频 33: user6 -> test4
[2025-07-18 15:32:00,363] [WARNING] [logger:66] - 新路径不存在，跳过迁移视频 33: workstore/test4/《金刚经》第二品善现启请分/output.mp4
[2025-07-18 15:32:00,366] [INFO] [logger:55] - 迁移视频 34: user1 -> admin
[2025-07-18 15:32:00,366] [WARNING] [logger:66] - 新路径不存在，跳过迁移视频 34: workstore/admin/小红帽的森林奇遇/output.mp4
[2025-07-18 15:32:00,369] [INFO] [logger:55] - 迁移视频 35: user8 -> test9
[2025-07-18 15:32:00,369] [WARNING] [logger:66] - 新路径不存在，跳过迁移视频 35: workstore/test9/《金刚经》第五品 如理实见分/output.mp4
[2025-07-18 15:32:00,369] [INFO] [logger:55] - 迁移视频 36: user8 -> test9
[2025-07-18 15:32:00,369] [WARNING] [logger:66] - 新路径不存在，跳过迁移视频 36: workstore/test9/《金刚经》第六品 正信希有分/output.mp4
[2025-07-18 15:32:00,372] [INFO] [logger:55] - 迁移视频 37: user1 -> admin
[2025-07-18 15:32:00,372] [WARNING] [logger:66] - 新路径不存在，跳过迁移视频 37: workstore/admin/停止按钮背后的故事/output.mp4
[2025-07-18 15:32:00,372] [INFO] [logger:55] - 迁移视频 38: user1 -> admin
[2025-07-18 15:32:00,372] [WARNING] [logger:66] - 新路径不存在，跳过迁移视频 38: workstore/admin/《金刚经》第八品 依法出生分/output.mp4
[2025-07-18 15:32:00,375] [INFO] [logger:55] - 视频路径迁移完成，共迁移 0 个视频
[2025-07-18 15:32:00,377] [INFO] [logger:55] - 发现 1 个中断的任务，开始恢复...
[2025-07-18 15:32:00,380] [INFO] [logger:55] - 重置视频ID 59 状态为pending
[2025-07-18 15:32:00,382] [INFO] [logger:55] - 恢复任务 9，用户 1，标题: 001测试...
[2025-07-18 15:32:00,383] [INFO] [logger:55] - 任务 9 已重新启动
[2025-07-18 15:32:00,383] [INFO] [logger:55] - 任务恢复完成
[2025-07-18 15:32:00,383] [INFO] [logger:55] - 发现 1 个等待中的任务，开始启动...
[2025-07-18 15:32:00,384] [INFO] [logger:55] - 已为用户 1 启动任务处理线程
[2025-07-18 15:32:00,384] [INFO] [logger:55] - 任务恢复检查完成
[2025-07-18 15:32:00,390] [INFO] [logger:55] - 开始处理用户 admin 的队列任务，任务ID: 9, 视频ID: 60
[2025-07-18 15:32:00,401] [INFO] [logger:55] - 开始处理用户 admin 的队列任务，任务ID: 9, 视频ID: 61
[2025-07-18 15:32:09,690] [ERROR] [logger:62] - 查询视频状态出错 - 视频ID: 61, 错误: 404 Not Found: The requested URL was not found on the server. If you entered the URL manually please check your spelling and try again.
[2025-07-18 15:32:10,224] [ERROR] [logger:62] - 查询视频状态出错 - 视频ID: 61, 错误: 404 Not Found: The requested URL was not found on the server. If you entered the URL manually please check your spelling and try again.
[2025-07-18 15:32:15,035] [INFO] [logger:55] - 用户 admin 查看我的视频页面，共 10 个视频
[2025-07-18 15:32:23,652] [INFO] [logger:55] - 用户 admin 生成视频扣除了 1 条额度，剩余 82 条
[2025-07-18 15:32:23,657] [INFO] [logger:55] - 用户 admin 的任务已加入队列，任务ID: 8
[2025-07-18 15:32:23,717] [INFO] [logger:55] - 开始处理用户 admin 的队列任务，任务ID: 8, 视频ID: 61
[2025-07-18 15:32:30,342] [INFO] [logger:55] - 用户 admin 生成视频扣除了 1 条额度，剩余 81 条
[2025-07-18 15:32:30,348] [INFO] [logger:55] - 用户 admin 的任务已加入队列，任务ID: 9
[2025-07-18 15:32:36,658] [INFO] [logger:55] - 开始处理用户 admin 的队列任务，任务ID: 9, 视频ID: 61
[2025-07-18 15:32:44,301] [ERROR] [logger:62] - 查询视频状态出错 - 视频ID: 61, 错误: 404 Not Found: The requested URL was not found on the server. If you entered the URL manually please check your spelling and try again.
[2025-07-18 15:32:45,712] [INFO] [logger:55] - 用户 admin 查看我的视频页面，共 10 个视频
[2025-07-18 15:33:09,844] [INFO] [logger:55] - 用户 admin 查看我的视频页面，共 10 个视频
[2025-07-18 15:33:12,072] [INFO] [logger:55] - 用户 admin 查看我的视频页面，共 10 个视频
[2025-07-18 15:33:23,855] [INFO] [logger:55] - 用户 admin 查看我的视频页面，共 10 个视频
[2025-07-18 15:34:46,151] [INFO] [logger:55] - 用户 admin 查看我的视频页面，共 10 个视频
[2025-07-18 15:34:49,108] [INFO] [logger:55] - 用户 admin 查看我的视频页面，共 10 个视频
[2025-07-18 15:34:53,436] [INFO] [logger:55] - 用户 admin 查看我的视频页面，共 10 个视频
[2025-07-18 15:37:57,568] [INFO] [logger:55] - 用户 admin 查看我的视频页面，共 10 个视频
[2025-07-18 15:39:34,158] [INFO] [logger:55] - 用户 admin 查看我的视频页面，共 10 个视频
[2025-07-18 15:40:36,220] [INFO] [logger:55] - 用户 admin 查看我的视频页面，共 10 个视频
[2025-07-18 15:44:17,322] [INFO] [logger:55] - 用户 admin 查看我的视频页面，共 10 个视频
[2025-07-18 15:44:20,251] [INFO] [logger:55] - 用户 admin 查看我的视频页面，共 10 个视频
[2025-07-18 15:44:38,862] [INFO] [logger:55] - 正在检查并恢复中断的任务...
[2025-07-18 15:44:38,863] [INFO] [logger:55] - 检查服务器启动时是否有中断的任务需要恢复...
[2025-07-18 15:44:38,866] [INFO] [logger:55] - 开始迁移视频路径...
[2025-07-18 15:44:38,866] [INFO] [logger:55] - 迁移视频 13: user1 -> admin
[2025-07-18 15:44:38,866] [WARNING] [logger:66] - 新路径不存在，跳过迁移视频 13: workstore/admin/纳什均衡解析/output.mp4
[2025-07-18 15:44:38,866] [INFO] [logger:55] - 迁移视频 15: user1 -> admin
[2025-07-18 15:44:38,866] [WARNING] [logger:66] - 新路径不存在，跳过迁移视频 15: workstore/admin/白雪公主的童话/output.mp4
[2025-07-18 15:44:38,867] [INFO] [logger:55] - 迁移视频 18: user3 -> test2
[2025-07-18 15:44:38,867] [WARNING] [logger:66] - 新路径不存在，跳过迁移视频 18: workstore/test2/坚持的力量/output.mp4
[2025-07-18 15:44:38,867] [INFO] [logger:55] - 迁移视频 19: user6 -> test4
[2025-07-18 15:44:38,867] [WARNING] [logger:66] - 新路径不存在，跳过迁移视频 19: workstore/test4/白雪公主的故事/output.mp4
[2025-07-18 15:44:38,867] [INFO] [logger:55] - 迁移视频 26: user6 -> test4
[2025-07-18 15:44:38,867] [WARNING] [logger:66] - 新路径不存在，跳过迁移视频 26: workstore/test4/人性弱点智慧/output.mp4
[2025-07-18 15:44:38,867] [INFO] [logger:55] - 迁移视频 27: user6 -> test4
[2025-07-18 15:44:38,867] [WARNING] [logger:66] - 新路径不存在，跳过迁移视频 27: workstore/test4/达克效应之谜/output.mp4
[2025-07-18 15:44:38,868] [INFO] [logger:55] - 迁移视频 32: user6 -> test4
[2025-07-18 15:44:38,868] [WARNING] [logger:66] - 新路径不存在，跳过迁移视频 32: workstore/test4/《金刚经》第一品：法会因由分/output.mp4
[2025-07-18 15:44:38,868] [INFO] [logger:55] - 迁移视频 33: user6 -> test4
[2025-07-18 15:44:38,868] [WARNING] [logger:66] - 新路径不存在，跳过迁移视频 33: workstore/test4/《金刚经》第二品善现启请分/output.mp4
[2025-07-18 15:44:38,868] [INFO] [logger:55] - 迁移视频 34: user1 -> admin
[2025-07-18 15:44:38,868] [WARNING] [logger:66] - 新路径不存在，跳过迁移视频 34: workstore/admin/小红帽的森林奇遇/output.mp4
[2025-07-18 15:44:38,868] [INFO] [logger:55] - 迁移视频 35: user8 -> test9
[2025-07-18 15:44:38,868] [WARNING] [logger:66] - 新路径不存在，跳过迁移视频 35: workstore/test9/《金刚经》第五品 如理实见分/output.mp4
[2025-07-18 15:44:38,869] [INFO] [logger:55] - 迁移视频 36: user8 -> test9
[2025-07-18 15:44:38,869] [WARNING] [logger:66] - 新路径不存在，跳过迁移视频 36: workstore/test9/《金刚经》第六品 正信希有分/output.mp4
[2025-07-18 15:44:38,869] [INFO] [logger:55] - 迁移视频 37: user1 -> admin
[2025-07-18 15:44:38,869] [WARNING] [logger:66] - 新路径不存在，跳过迁移视频 37: workstore/admin/停止按钮背后的故事/output.mp4
[2025-07-18 15:44:38,869] [INFO] [logger:55] - 迁移视频 38: user1 -> admin
[2025-07-18 15:44:38,869] [WARNING] [logger:66] - 新路径不存在，跳过迁移视频 38: workstore/admin/《金刚经》第八品 依法出生分/output.mp4
[2025-07-18 15:44:38,871] [INFO] [logger:55] - 视频路径迁移完成，共迁移 0 个视频
[2025-07-18 15:44:38,873] [INFO] [logger:55] - 没有发现中断的任务
[2025-07-18 15:44:38,873] [INFO] [logger:55] - 任务恢复完成
[2025-07-18 15:44:38,873] [INFO] [logger:55] - 没有等待中的任务需要启动
[2025-07-18 15:44:38,873] [INFO] [logger:55] - 任务恢复检查完成
[2025-07-18 15:44:39,770] [INFO] [logger:55] - 正在检查并恢复中断的任务...
[2025-07-18 15:44:39,770] [INFO] [logger:55] - 检查服务器启动时是否有中断的任务需要恢复...
[2025-07-18 15:44:39,773] [INFO] [logger:55] - 开始迁移视频路径...
[2025-07-18 15:44:39,773] [INFO] [logger:55] - 迁移视频 13: user1 -> admin
[2025-07-18 15:44:39,773] [WARNING] [logger:66] - 新路径不存在，跳过迁移视频 13: workstore/admin/纳什均衡解析/output.mp4
[2025-07-18 15:44:39,773] [INFO] [logger:55] - 迁移视频 15: user1 -> admin
[2025-07-18 15:44:39,773] [WARNING] [logger:66] - 新路径不存在，跳过迁移视频 15: workstore/admin/白雪公主的童话/output.mp4
[2025-07-18 15:44:39,773] [INFO] [logger:55] - 迁移视频 18: user3 -> test2
[2025-07-18 15:44:39,773] [WARNING] [logger:66] - 新路径不存在，跳过迁移视频 18: workstore/test2/坚持的力量/output.mp4
[2025-07-18 15:44:39,774] [INFO] [logger:55] - 迁移视频 19: user6 -> test4
[2025-07-18 15:44:39,774] [WARNING] [logger:66] - 新路径不存在，跳过迁移视频 19: workstore/test4/白雪公主的故事/output.mp4
[2025-07-18 15:44:39,774] [INFO] [logger:55] - 迁移视频 26: user6 -> test4
[2025-07-18 15:44:39,774] [WARNING] [logger:66] - 新路径不存在，跳过迁移视频 26: workstore/test4/人性弱点智慧/output.mp4
[2025-07-18 15:44:39,774] [INFO] [logger:55] - 迁移视频 27: user6 -> test4
[2025-07-18 15:44:39,774] [WARNING] [logger:66] - 新路径不存在，跳过迁移视频 27: workstore/test4/达克效应之谜/output.mp4
[2025-07-18 15:44:39,774] [INFO] [logger:55] - 迁移视频 32: user6 -> test4
[2025-07-18 15:44:39,774] [WARNING] [logger:66] - 新路径不存在，跳过迁移视频 32: workstore/test4/《金刚经》第一品：法会因由分/output.mp4
[2025-07-18 15:44:39,774] [INFO] [logger:55] - 迁移视频 33: user6 -> test4
[2025-07-18 15:44:39,774] [WARNING] [logger:66] - 新路径不存在，跳过迁移视频 33: workstore/test4/《金刚经》第二品善现启请分/output.mp4
[2025-07-18 15:44:39,775] [INFO] [logger:55] - 迁移视频 34: user1 -> admin
[2025-07-18 15:44:39,775] [WARNING] [logger:66] - 新路径不存在，跳过迁移视频 34: workstore/admin/小红帽的森林奇遇/output.mp4
[2025-07-18 15:44:39,775] [INFO] [logger:55] - 迁移视频 35: user8 -> test9
[2025-07-18 15:44:39,775] [WARNING] [logger:66] - 新路径不存在，跳过迁移视频 35: workstore/test9/《金刚经》第五品 如理实见分/output.mp4
[2025-07-18 15:44:39,775] [INFO] [logger:55] - 迁移视频 36: user8 -> test9
[2025-07-18 15:44:39,775] [WARNING] [logger:66] - 新路径不存在，跳过迁移视频 36: workstore/test9/《金刚经》第六品 正信希有分/output.mp4
[2025-07-18 15:44:39,776] [INFO] [logger:55] - 迁移视频 37: user1 -> admin
[2025-07-18 15:44:39,776] [WARNING] [logger:66] - 新路径不存在，跳过迁移视频 37: workstore/admin/停止按钮背后的故事/output.mp4
[2025-07-18 15:44:39,776] [INFO] [logger:55] - 迁移视频 38: user1 -> admin
[2025-07-18 15:44:39,776] [WARNING] [logger:66] - 新路径不存在，跳过迁移视频 38: workstore/admin/《金刚经》第八品 依法出生分/output.mp4
[2025-07-18 15:44:39,778] [INFO] [logger:55] - 视频路径迁移完成，共迁移 0 个视频
[2025-07-18 15:44:39,779] [INFO] [logger:55] - 没有发现中断的任务
[2025-07-18 15:44:39,779] [INFO] [logger:55] - 任务恢复完成
[2025-07-18 15:44:39,780] [INFO] [logger:55] - 没有等待中的任务需要启动
[2025-07-18 15:44:39,780] [INFO] [logger:55] - 任务恢复检查完成
[2025-07-18 15:44:46,565] [INFO] [logger:55] - 用户 admin 查看我的视频页面，共 10 个视频
[2025-07-18 15:44:59,112] [INFO] [logger:55] - 用户 admin 生成视频扣除了 1 条额度，剩余 82 条
[2025-07-18 15:44:59,115] [INFO] [logger:55] - 用户 admin 的任务已加入队列，任务ID: 8
[2025-07-18 15:44:59,196] [INFO] [logger:55] - 开始处理用户 admin 的队列任务，任务ID: 8, 视频ID: 61
[2025-07-18 15:45:11,061] [INFO] [logger:55] - 用户 admin 生成视频扣除了 1 条额度，剩余 81 条
[2025-07-18 15:45:11,066] [INFO] [logger:55] - 用户 admin 的任务已加入队列，任务ID: 9
[2025-07-18 15:45:15,714] [INFO] [logger:55] - 开始处理用户 admin 的队列任务，任务ID: 9, 视频ID: 61
[2025-07-18 15:46:19,967] [INFO] [logger:55] - 用户 admin 查看我的视频页面，共 10 个视频
[2025-07-18 15:52:48,683] [INFO] [logger:55] - 用户 admin 查看我的视频页面，共 10 个视频
[2025-07-18 15:52:49,526] [INFO] [logger:55] - 用户 admin 查看我的视频页面，共 10 个视频
[2025-07-18 15:52:52,218] [INFO] [logger:55] - 用户 admin 查看我的视频页面，共 10 个视频
[2025-07-18 15:54:30,524] [INFO] [logger:55] - 正在检查并恢复中断的任务...
[2025-07-18 15:54:30,524] [INFO] [logger:55] - 检查服务器启动时是否有中断的任务需要恢复...
[2025-07-18 15:54:30,526] [INFO] [logger:55] - 开始迁移视频路径...
[2025-07-18 15:54:30,527] [INFO] [logger:55] - 迁移视频 13: user1 -> admin
[2025-07-18 15:54:30,527] [WARNING] [logger:66] - 新路径不存在，跳过迁移视频 13: workstore/admin/纳什均衡解析/output.mp4
[2025-07-18 15:54:30,527] [INFO] [logger:55] - 迁移视频 15: user1 -> admin
[2025-07-18 15:54:30,527] [WARNING] [logger:66] - 新路径不存在，跳过迁移视频 15: workstore/admin/白雪公主的童话/output.mp4
[2025-07-18 15:54:30,527] [INFO] [logger:55] - 迁移视频 18: user3 -> test2
[2025-07-18 15:54:30,527] [WARNING] [logger:66] - 新路径不存在，跳过迁移视频 18: workstore/test2/坚持的力量/output.mp4
[2025-07-18 15:54:30,527] [INFO] [logger:55] - 迁移视频 19: user6 -> test4
[2025-07-18 15:54:30,528] [WARNING] [logger:66] - 新路径不存在，跳过迁移视频 19: workstore/test4/白雪公主的故事/output.mp4
[2025-07-18 15:54:30,528] [INFO] [logger:55] - 迁移视频 26: user6 -> test4
[2025-07-18 15:54:30,528] [WARNING] [logger:66] - 新路径不存在，跳过迁移视频 26: workstore/test4/人性弱点智慧/output.mp4
[2025-07-18 15:54:30,528] [INFO] [logger:55] - 迁移视频 27: user6 -> test4
[2025-07-18 15:54:30,528] [WARNING] [logger:66] - 新路径不存在，跳过迁移视频 27: workstore/test4/达克效应之谜/output.mp4
[2025-07-18 15:54:30,528] [INFO] [logger:55] - 迁移视频 32: user6 -> test4
[2025-07-18 15:54:30,528] [WARNING] [logger:66] - 新路径不存在，跳过迁移视频 32: workstore/test4/《金刚经》第一品：法会因由分/output.mp4
[2025-07-18 15:54:30,528] [INFO] [logger:55] - 迁移视频 33: user6 -> test4
[2025-07-18 15:54:30,528] [WARNING] [logger:66] - 新路径不存在，跳过迁移视频 33: workstore/test4/《金刚经》第二品善现启请分/output.mp4
[2025-07-18 15:54:30,528] [INFO] [logger:55] - 迁移视频 34: user1 -> admin
[2025-07-18 15:54:30,528] [WARNING] [logger:66] - 新路径不存在，跳过迁移视频 34: workstore/admin/小红帽的森林奇遇/output.mp4
[2025-07-18 15:54:30,529] [INFO] [logger:55] - 迁移视频 35: user8 -> test9
[2025-07-18 15:54:30,529] [WARNING] [logger:66] - 新路径不存在，跳过迁移视频 35: workstore/test9/《金刚经》第五品 如理实见分/output.mp4
[2025-07-18 15:54:30,529] [INFO] [logger:55] - 迁移视频 36: user8 -> test9
[2025-07-18 15:54:30,529] [WARNING] [logger:66] - 新路径不存在，跳过迁移视频 36: workstore/test9/《金刚经》第六品 正信希有分/output.mp4
[2025-07-18 15:54:30,529] [INFO] [logger:55] - 迁移视频 37: user1 -> admin
[2025-07-18 15:54:30,529] [WARNING] [logger:66] - 新路径不存在，跳过迁移视频 37: workstore/admin/停止按钮背后的故事/output.mp4
[2025-07-18 15:54:30,529] [INFO] [logger:55] - 迁移视频 38: user1 -> admin
[2025-07-18 15:54:30,529] [WARNING] [logger:66] - 新路径不存在，跳过迁移视频 38: workstore/admin/《金刚经》第八品 依法出生分/output.mp4
[2025-07-18 15:54:30,531] [INFO] [logger:55] - 视频路径迁移完成，共迁移 0 个视频
[2025-07-18 15:54:30,532] [INFO] [logger:55] - 没有发现中断的任务
[2025-07-18 15:54:30,532] [INFO] [logger:55] - 任务恢复完成
[2025-07-18 15:54:30,532] [INFO] [logger:55] - 没有等待中的任务需要启动
[2025-07-18 15:54:30,532] [INFO] [logger:55] - 任务恢复检查完成
[2025-07-18 15:54:38,171] [INFO] [logger:55] - 正在检查并恢复中断的任务...
[2025-07-18 15:54:38,171] [INFO] [logger:55] - 检查服务器启动时是否有中断的任务需要恢复...
[2025-07-18 15:54:38,174] [INFO] [logger:55] - 开始迁移视频路径...
[2025-07-18 15:54:38,174] [INFO] [logger:55] - 迁移视频 13: user1 -> admin
[2025-07-18 15:54:38,174] [WARNING] [logger:66] - 新路径不存在，跳过迁移视频 13: workstore/admin/纳什均衡解析/output.mp4
[2025-07-18 15:54:38,174] [INFO] [logger:55] - 迁移视频 15: user1 -> admin
[2025-07-18 15:54:38,174] [WARNING] [logger:66] - 新路径不存在，跳过迁移视频 15: workstore/admin/白雪公主的童话/output.mp4
[2025-07-18 15:54:38,175] [INFO] [logger:55] - 迁移视频 18: user3 -> test2
[2025-07-18 15:54:38,175] [WARNING] [logger:66] - 新路径不存在，跳过迁移视频 18: workstore/test2/坚持的力量/output.mp4
[2025-07-18 15:54:38,175] [INFO] [logger:55] - 迁移视频 19: user6 -> test4
[2025-07-18 15:54:38,175] [WARNING] [logger:66] - 新路径不存在，跳过迁移视频 19: workstore/test4/白雪公主的故事/output.mp4
[2025-07-18 15:54:38,175] [INFO] [logger:55] - 迁移视频 26: user6 -> test4
[2025-07-18 15:54:38,175] [WARNING] [logger:66] - 新路径不存在，跳过迁移视频 26: workstore/test4/人性弱点智慧/output.mp4
[2025-07-18 15:54:38,175] [INFO] [logger:55] - 迁移视频 27: user6 -> test4
[2025-07-18 15:54:38,175] [WARNING] [logger:66] - 新路径不存在，跳过迁移视频 27: workstore/test4/达克效应之谜/output.mp4
[2025-07-18 15:54:38,175] [INFO] [logger:55] - 迁移视频 32: user6 -> test4
[2025-07-18 15:54:38,175] [WARNING] [logger:66] - 新路径不存在，跳过迁移视频 32: workstore/test4/《金刚经》第一品：法会因由分/output.mp4
[2025-07-18 15:54:38,176] [INFO] [logger:55] - 迁移视频 33: user6 -> test4
[2025-07-18 15:54:38,176] [WARNING] [logger:66] - 新路径不存在，跳过迁移视频 33: workstore/test4/《金刚经》第二品善现启请分/output.mp4
[2025-07-18 15:54:38,176] [INFO] [logger:55] - 迁移视频 34: user1 -> admin
[2025-07-18 15:54:38,176] [WARNING] [logger:66] - 新路径不存在，跳过迁移视频 34: workstore/admin/小红帽的森林奇遇/output.mp4
[2025-07-18 15:54:38,176] [INFO] [logger:55] - 迁移视频 35: user8 -> test9
[2025-07-18 15:54:38,176] [WARNING] [logger:66] - 新路径不存在，跳过迁移视频 35: workstore/test9/《金刚经》第五品 如理实见分/output.mp4
[2025-07-18 15:54:38,177] [INFO] [logger:55] - 迁移视频 36: user8 -> test9
[2025-07-18 15:54:38,177] [WARNING] [logger:66] - 新路径不存在，跳过迁移视频 36: workstore/test9/《金刚经》第六品 正信希有分/output.mp4
[2025-07-18 15:54:38,177] [INFO] [logger:55] - 迁移视频 37: user1 -> admin
[2025-07-18 15:54:38,177] [WARNING] [logger:66] - 新路径不存在，跳过迁移视频 37: workstore/admin/停止按钮背后的故事/output.mp4
[2025-07-18 15:54:38,177] [INFO] [logger:55] - 迁移视频 38: user1 -> admin
[2025-07-18 15:54:38,177] [WARNING] [logger:66] - 新路径不存在，跳过迁移视频 38: workstore/admin/《金刚经》第八品 依法出生分/output.mp4
[2025-07-18 15:54:38,179] [INFO] [logger:55] - 视频路径迁移完成，共迁移 0 个视频
[2025-07-18 15:54:38,180] [INFO] [logger:55] - 没有发现中断的任务
[2025-07-18 15:54:38,180] [INFO] [logger:55] - 任务恢复完成
[2025-07-18 15:54:38,180] [INFO] [logger:55] - 没有等待中的任务需要启动
[2025-07-18 15:54:38,180] [INFO] [logger:55] - 任务恢复检查完成
[2025-07-18 15:54:54,288] [INFO] [logger:55] - 正在检查并恢复中断的任务...
[2025-07-18 15:54:54,288] [INFO] [logger:55] - 检查服务器启动时是否有中断的任务需要恢复...
[2025-07-18 15:54:54,291] [INFO] [logger:55] - 开始迁移视频路径...
[2025-07-18 15:54:54,291] [INFO] [logger:55] - 迁移视频 13: user1 -> admin
[2025-07-18 15:54:54,291] [WARNING] [logger:66] - 新路径不存在，跳过迁移视频 13: workstore/admin/纳什均衡解析/output.mp4
[2025-07-18 15:54:54,291] [INFO] [logger:55] - 迁移视频 15: user1 -> admin
[2025-07-18 15:54:54,291] [WARNING] [logger:66] - 新路径不存在，跳过迁移视频 15: workstore/admin/白雪公主的童话/output.mp4
[2025-07-18 15:54:54,291] [INFO] [logger:55] - 迁移视频 18: user3 -> test2
[2025-07-18 15:54:54,291] [WARNING] [logger:66] - 新路径不存在，跳过迁移视频 18: workstore/test2/坚持的力量/output.mp4
[2025-07-18 15:54:54,292] [INFO] [logger:55] - 迁移视频 19: user6 -> test4
[2025-07-18 15:54:54,292] [WARNING] [logger:66] - 新路径不存在，跳过迁移视频 19: workstore/test4/白雪公主的故事/output.mp4
[2025-07-18 15:54:54,292] [INFO] [logger:55] - 迁移视频 26: user6 -> test4
[2025-07-18 15:54:54,292] [WARNING] [logger:66] - 新路径不存在，跳过迁移视频 26: workstore/test4/人性弱点智慧/output.mp4
[2025-07-18 15:54:54,292] [INFO] [logger:55] - 迁移视频 27: user6 -> test4
[2025-07-18 15:54:54,292] [WARNING] [logger:66] - 新路径不存在，跳过迁移视频 27: workstore/test4/达克效应之谜/output.mp4
[2025-07-18 15:54:54,292] [INFO] [logger:55] - 迁移视频 32: user6 -> test4
[2025-07-18 15:54:54,292] [WARNING] [logger:66] - 新路径不存在，跳过迁移视频 32: workstore/test4/《金刚经》第一品：法会因由分/output.mp4
[2025-07-18 15:54:54,292] [INFO] [logger:55] - 迁移视频 33: user6 -> test4
[2025-07-18 15:54:54,292] [WARNING] [logger:66] - 新路径不存在，跳过迁移视频 33: workstore/test4/《金刚经》第二品善现启请分/output.mp4
[2025-07-18 15:54:54,293] [INFO] [logger:55] - 迁移视频 34: user1 -> admin
[2025-07-18 15:54:54,293] [WARNING] [logger:66] - 新路径不存在，跳过迁移视频 34: workstore/admin/小红帽的森林奇遇/output.mp4
[2025-07-18 15:54:54,293] [INFO] [logger:55] - 迁移视频 35: user8 -> test9
[2025-07-18 15:54:54,293] [WARNING] [logger:66] - 新路径不存在，跳过迁移视频 35: workstore/test9/《金刚经》第五品 如理实见分/output.mp4
[2025-07-18 15:54:54,293] [INFO] [logger:55] - 迁移视频 36: user8 -> test9
[2025-07-18 15:54:54,293] [WARNING] [logger:66] - 新路径不存在，跳过迁移视频 36: workstore/test9/《金刚经》第六品 正信希有分/output.mp4
[2025-07-18 15:54:54,293] [INFO] [logger:55] - 迁移视频 37: user1 -> admin
[2025-07-18 15:54:54,294] [WARNING] [logger:66] - 新路径不存在，跳过迁移视频 37: workstore/admin/停止按钮背后的故事/output.mp4
[2025-07-18 15:54:54,294] [INFO] [logger:55] - 迁移视频 38: user1 -> admin
[2025-07-18 15:54:54,294] [WARNING] [logger:66] - 新路径不存在，跳过迁移视频 38: workstore/admin/《金刚经》第八品 依法出生分/output.mp4
[2025-07-18 15:54:54,295] [INFO] [logger:55] - 视频路径迁移完成，共迁移 0 个视频
[2025-07-18 15:54:54,296] [INFO] [logger:55] - 没有发现中断的任务
[2025-07-18 15:54:54,296] [INFO] [logger:55] - 任务恢复完成
[2025-07-18 15:54:54,297] [INFO] [logger:55] - 没有等待中的任务需要启动
[2025-07-18 15:54:54,297] [INFO] [logger:55] - 任务恢复检查完成
[2025-07-18 15:55:04,101] [INFO] [logger:55] - 正在检查并恢复中断的任务...
[2025-07-18 15:55:04,101] [INFO] [logger:55] - 检查服务器启动时是否有中断的任务需要恢复...
[2025-07-18 15:55:04,104] [INFO] [logger:55] - 开始迁移视频路径...
[2025-07-18 15:55:04,104] [INFO] [logger:55] - 迁移视频 13: user1 -> admin
[2025-07-18 15:55:04,104] [WARNING] [logger:66] - 新路径不存在，跳过迁移视频 13: workstore/admin/纳什均衡解析/output.mp4
[2025-07-18 15:55:04,104] [INFO] [logger:55] - 迁移视频 15: user1 -> admin
[2025-07-18 15:55:04,104] [WARNING] [logger:66] - 新路径不存在，跳过迁移视频 15: workstore/admin/白雪公主的童话/output.mp4
[2025-07-18 15:55:04,105] [INFO] [logger:55] - 迁移视频 18: user3 -> test2
[2025-07-18 15:55:04,105] [WARNING] [logger:66] - 新路径不存在，跳过迁移视频 18: workstore/test2/坚持的力量/output.mp4
[2025-07-18 15:55:04,105] [INFO] [logger:55] - 迁移视频 19: user6 -> test4
[2025-07-18 15:55:04,105] [WARNING] [logger:66] - 新路径不存在，跳过迁移视频 19: workstore/test4/白雪公主的故事/output.mp4
[2025-07-18 15:55:04,105] [INFO] [logger:55] - 迁移视频 26: user6 -> test4
[2025-07-18 15:55:04,105] [WARNING] [logger:66] - 新路径不存在，跳过迁移视频 26: workstore/test4/人性弱点智慧/output.mp4
[2025-07-18 15:55:04,105] [INFO] [logger:55] - 迁移视频 27: user6 -> test4
[2025-07-18 15:55:04,105] [WARNING] [logger:66] - 新路径不存在，跳过迁移视频 27: workstore/test4/达克效应之谜/output.mp4
[2025-07-18 15:55:04,105] [INFO] [logger:55] - 迁移视频 32: user6 -> test4
[2025-07-18 15:55:04,105] [WARNING] [logger:66] - 新路径不存在，跳过迁移视频 32: workstore/test4/《金刚经》第一品：法会因由分/output.mp4
[2025-07-18 15:55:04,105] [INFO] [logger:55] - 迁移视频 33: user6 -> test4
[2025-07-18 15:55:04,106] [WARNING] [logger:66] - 新路径不存在，跳过迁移视频 33: workstore/test4/《金刚经》第二品善现启请分/output.mp4
[2025-07-18 15:55:04,106] [INFO] [logger:55] - 迁移视频 34: user1 -> admin
[2025-07-18 15:55:04,106] [WARNING] [logger:66] - 新路径不存在，跳过迁移视频 34: workstore/admin/小红帽的森林奇遇/output.mp4
[2025-07-18 15:55:04,106] [INFO] [logger:55] - 迁移视频 35: user8 -> test9
[2025-07-18 15:55:04,106] [WARNING] [logger:66] - 新路径不存在，跳过迁移视频 35: workstore/test9/《金刚经》第五品 如理实见分/output.mp4
[2025-07-18 15:55:04,106] [INFO] [logger:55] - 迁移视频 36: user8 -> test9
[2025-07-18 15:55:04,106] [WARNING] [logger:66] - 新路径不存在，跳过迁移视频 36: workstore/test9/《金刚经》第六品 正信希有分/output.mp4
[2025-07-18 15:55:04,106] [INFO] [logger:55] - 迁移视频 37: user1 -> admin
[2025-07-18 15:55:04,107] [WARNING] [logger:66] - 新路径不存在，跳过迁移视频 37: workstore/admin/停止按钮背后的故事/output.mp4
[2025-07-18 15:55:04,107] [INFO] [logger:55] - 迁移视频 38: user1 -> admin
[2025-07-18 15:55:04,107] [WARNING] [logger:66] - 新路径不存在，跳过迁移视频 38: workstore/admin/《金刚经》第八品 依法出生分/output.mp4
[2025-07-18 15:55:04,108] [INFO] [logger:55] - 视频路径迁移完成，共迁移 0 个视频
[2025-07-18 15:55:04,109] [INFO] [logger:55] - 没有发现中断的任务
[2025-07-18 15:55:04,109] [INFO] [logger:55] - 任务恢复完成
[2025-07-18 15:55:04,110] [INFO] [logger:55] - 没有等待中的任务需要启动
[2025-07-18 15:55:04,110] [INFO] [logger:55] - 任务恢复检查完成
[2025-07-18 15:55:18,231] [INFO] [logger:55] - 正在检查并恢复中断的任务...
[2025-07-18 15:55:18,231] [INFO] [logger:55] - 检查服务器启动时是否有中断的任务需要恢复...
[2025-07-18 15:55:18,234] [INFO] [logger:55] - 开始迁移视频路径...
[2025-07-18 15:55:18,234] [INFO] [logger:55] - 迁移视频 13: user1 -> admin
[2025-07-18 15:55:18,234] [WARNING] [logger:66] - 新路径不存在，跳过迁移视频 13: workstore/admin/纳什均衡解析/output.mp4
[2025-07-18 15:55:18,235] [INFO] [logger:55] - 迁移视频 15: user1 -> admin
[2025-07-18 15:55:18,235] [WARNING] [logger:66] - 新路径不存在，跳过迁移视频 15: workstore/admin/白雪公主的童话/output.mp4
[2025-07-18 15:55:18,235] [INFO] [logger:55] - 迁移视频 18: user3 -> test2
[2025-07-18 15:55:18,235] [WARNING] [logger:66] - 新路径不存在，跳过迁移视频 18: workstore/test2/坚持的力量/output.mp4
[2025-07-18 15:55:18,235] [INFO] [logger:55] - 迁移视频 19: user6 -> test4
[2025-07-18 15:55:18,235] [WARNING] [logger:66] - 新路径不存在，跳过迁移视频 19: workstore/test4/白雪公主的故事/output.mp4
[2025-07-18 15:55:18,235] [INFO] [logger:55] - 迁移视频 26: user6 -> test4
[2025-07-18 15:55:18,235] [WARNING] [logger:66] - 新路径不存在，跳过迁移视频 26: workstore/test4/人性弱点智慧/output.mp4
[2025-07-18 15:55:18,235] [INFO] [logger:55] - 迁移视频 27: user6 -> test4
[2025-07-18 15:55:18,236] [WARNING] [logger:66] - 新路径不存在，跳过迁移视频 27: workstore/test4/达克效应之谜/output.mp4
[2025-07-18 15:55:18,236] [INFO] [logger:55] - 迁移视频 32: user6 -> test4
[2025-07-18 15:55:18,236] [WARNING] [logger:66] - 新路径不存在，跳过迁移视频 32: workstore/test4/《金刚经》第一品：法会因由分/output.mp4
[2025-07-18 15:55:18,236] [INFO] [logger:55] - 迁移视频 33: user6 -> test4
[2025-07-18 15:55:18,236] [WARNING] [logger:66] - 新路径不存在，跳过迁移视频 33: workstore/test4/《金刚经》第二品善现启请分/output.mp4
[2025-07-18 15:55:18,236] [INFO] [logger:55] - 迁移视频 34: user1 -> admin
[2025-07-18 15:55:18,236] [WARNING] [logger:66] - 新路径不存在，跳过迁移视频 34: workstore/admin/小红帽的森林奇遇/output.mp4
[2025-07-18 15:55:18,236] [INFO] [logger:55] - 迁移视频 35: user8 -> test9
[2025-07-18 15:55:18,237] [WARNING] [logger:66] - 新路径不存在，跳过迁移视频 35: workstore/test9/《金刚经》第五品 如理实见分/output.mp4
[2025-07-18 15:55:18,237] [INFO] [logger:55] - 迁移视频 36: user8 -> test9
[2025-07-18 15:55:18,237] [WARNING] [logger:66] - 新路径不存在，跳过迁移视频 36: workstore/test9/《金刚经》第六品 正信希有分/output.mp4
[2025-07-18 15:55:18,237] [INFO] [logger:55] - 迁移视频 37: user1 -> admin
[2025-07-18 15:55:18,237] [WARNING] [logger:66] - 新路径不存在，跳过迁移视频 37: workstore/admin/停止按钮背后的故事/output.mp4
[2025-07-18 15:55:18,237] [INFO] [logger:55] - 迁移视频 38: user1 -> admin
[2025-07-18 15:55:18,237] [WARNING] [logger:66] - 新路径不存在，跳过迁移视频 38: workstore/admin/《金刚经》第八品 依法出生分/output.mp4
[2025-07-18 15:55:18,239] [INFO] [logger:55] - 视频路径迁移完成，共迁移 0 个视频
[2025-07-18 15:55:18,240] [INFO] [logger:55] - 没有发现中断的任务
[2025-07-18 15:55:18,240] [INFO] [logger:55] - 任务恢复完成
[2025-07-18 15:55:18,240] [INFO] [logger:55] - 没有等待中的任务需要启动
[2025-07-18 15:55:18,240] [INFO] [logger:55] - 任务恢复检查完成
[2025-07-18 15:56:04,934] [INFO] [logger:55] - 正在检查并恢复中断的任务...
[2025-07-18 15:56:04,935] [INFO] [logger:55] - 检查服务器启动时是否有中断的任务需要恢复...
[2025-07-18 15:56:04,938] [INFO] [logger:55] - 开始迁移视频路径...
[2025-07-18 15:56:04,938] [INFO] [logger:55] - 迁移视频 13: user1 -> admin
[2025-07-18 15:56:04,938] [WARNING] [logger:66] - 新路径不存在，跳过迁移视频 13: workstore/admin/纳什均衡解析/output.mp4
[2025-07-18 15:56:04,938] [INFO] [logger:55] - 迁移视频 15: user1 -> admin
[2025-07-18 15:56:04,938] [WARNING] [logger:66] - 新路径不存在，跳过迁移视频 15: workstore/admin/白雪公主的童话/output.mp4
[2025-07-18 15:56:04,938] [INFO] [logger:55] - 迁移视频 18: user3 -> test2
[2025-07-18 15:56:04,938] [WARNING] [logger:66] - 新路径不存在，跳过迁移视频 18: workstore/test2/坚持的力量/output.mp4
[2025-07-18 15:56:04,939] [INFO] [logger:55] - 迁移视频 19: user6 -> test4
[2025-07-18 15:56:04,939] [WARNING] [logger:66] - 新路径不存在，跳过迁移视频 19: workstore/test4/白雪公主的故事/output.mp4
[2025-07-18 15:56:04,939] [INFO] [logger:55] - 迁移视频 26: user6 -> test4
[2025-07-18 15:56:04,939] [WARNING] [logger:66] - 新路径不存在，跳过迁移视频 26: workstore/test4/人性弱点智慧/output.mp4
[2025-07-18 15:56:04,939] [INFO] [logger:55] - 迁移视频 27: user6 -> test4
[2025-07-18 15:56:04,939] [WARNING] [logger:66] - 新路径不存在，跳过迁移视频 27: workstore/test4/达克效应之谜/output.mp4
[2025-07-18 15:56:04,939] [INFO] [logger:55] - 迁移视频 32: user6 -> test4
[2025-07-18 15:56:04,939] [WARNING] [logger:66] - 新路径不存在，跳过迁移视频 32: workstore/test4/《金刚经》第一品：法会因由分/output.mp4
[2025-07-18 15:56:04,939] [INFO] [logger:55] - 迁移视频 33: user6 -> test4
[2025-07-18 15:56:04,939] [WARNING] [logger:66] - 新路径不存在，跳过迁移视频 33: workstore/test4/《金刚经》第二品善现启请分/output.mp4
[2025-07-18 15:56:04,940] [INFO] [logger:55] - 迁移视频 34: user1 -> admin
[2025-07-18 15:56:04,940] [WARNING] [logger:66] - 新路径不存在，跳过迁移视频 34: workstore/admin/小红帽的森林奇遇/output.mp4
[2025-07-18 15:56:04,940] [INFO] [logger:55] - 迁移视频 35: user8 -> test9
[2025-07-18 15:56:04,940] [WARNING] [logger:66] - 新路径不存在，跳过迁移视频 35: workstore/test9/《金刚经》第五品 如理实见分/output.mp4
[2025-07-18 15:56:04,940] [INFO] [logger:55] - 迁移视频 36: user8 -> test9
[2025-07-18 15:56:04,940] [WARNING] [logger:66] - 新路径不存在，跳过迁移视频 36: workstore/test9/《金刚经》第六品 正信希有分/output.mp4
[2025-07-18 15:56:04,940] [INFO] [logger:55] - 迁移视频 37: user1 -> admin
[2025-07-18 15:56:04,940] [WARNING] [logger:66] - 新路径不存在，跳过迁移视频 37: workstore/admin/停止按钮背后的故事/output.mp4
[2025-07-18 15:56:04,941] [INFO] [logger:55] - 迁移视频 38: user1 -> admin
[2025-07-18 15:56:04,941] [WARNING] [logger:66] - 新路径不存在，跳过迁移视频 38: workstore/admin/《金刚经》第八品 依法出生分/output.mp4
[2025-07-18 15:56:04,942] [INFO] [logger:55] - 视频路径迁移完成，共迁移 0 个视频
[2025-07-18 15:56:04,943] [INFO] [logger:55] - 没有发现中断的任务
[2025-07-18 15:56:04,943] [INFO] [logger:55] - 任务恢复完成
[2025-07-18 15:56:04,944] [INFO] [logger:55] - 没有等待中的任务需要启动
[2025-07-18 15:56:04,944] [INFO] [logger:55] - 任务恢复检查完成
[2025-07-18 15:56:12,564] [INFO] [logger:55] - 正在检查并恢复中断的任务...
[2025-07-18 15:56:12,565] [INFO] [logger:55] - 检查服务器启动时是否有中断的任务需要恢复...
[2025-07-18 15:56:12,568] [INFO] [logger:55] - 开始迁移视频路径...
[2025-07-18 15:56:12,568] [INFO] [logger:55] - 迁移视频 13: user1 -> admin
[2025-07-18 15:56:12,568] [WARNING] [logger:66] - 新路径不存在，跳过迁移视频 13: workstore/admin/纳什均衡解析/output.mp4
[2025-07-18 15:56:12,568] [INFO] [logger:55] - 迁移视频 15: user1 -> admin
[2025-07-18 15:56:12,568] [WARNING] [logger:66] - 新路径不存在，跳过迁移视频 15: workstore/admin/白雪公主的童话/output.mp4
[2025-07-18 15:56:12,568] [INFO] [logger:55] - 迁移视频 18: user3 -> test2
[2025-07-18 15:56:12,568] [WARNING] [logger:66] - 新路径不存在，跳过迁移视频 18: workstore/test2/坚持的力量/output.mp4
[2025-07-18 15:56:12,569] [INFO] [logger:55] - 迁移视频 19: user6 -> test4
[2025-07-18 15:56:12,569] [WARNING] [logger:66] - 新路径不存在，跳过迁移视频 19: workstore/test4/白雪公主的故事/output.mp4
[2025-07-18 15:56:12,569] [INFO] [logger:55] - 迁移视频 26: user6 -> test4
[2025-07-18 15:56:12,569] [WARNING] [logger:66] - 新路径不存在，跳过迁移视频 26: workstore/test4/人性弱点智慧/output.mp4
[2025-07-18 15:56:12,569] [INFO] [logger:55] - 迁移视频 27: user6 -> test4
[2025-07-18 15:56:12,569] [WARNING] [logger:66] - 新路径不存在，跳过迁移视频 27: workstore/test4/达克效应之谜/output.mp4
[2025-07-18 15:56:12,569] [INFO] [logger:55] - 迁移视频 32: user6 -> test4
[2025-07-18 15:56:12,569] [WARNING] [logger:66] - 新路径不存在，跳过迁移视频 32: workstore/test4/《金刚经》第一品：法会因由分/output.mp4
[2025-07-18 15:56:12,569] [INFO] [logger:55] - 迁移视频 33: user6 -> test4
[2025-07-18 15:56:12,569] [WARNING] [logger:66] - 新路径不存在，跳过迁移视频 33: workstore/test4/《金刚经》第二品善现启请分/output.mp4
[2025-07-18 15:56:12,570] [INFO] [logger:55] - 迁移视频 34: user1 -> admin
[2025-07-18 15:56:12,570] [WARNING] [logger:66] - 新路径不存在，跳过迁移视频 34: workstore/admin/小红帽的森林奇遇/output.mp4
[2025-07-18 15:56:12,570] [INFO] [logger:55] - 迁移视频 35: user8 -> test9
[2025-07-18 15:56:12,570] [WARNING] [logger:66] - 新路径不存在，跳过迁移视频 35: workstore/test9/《金刚经》第五品 如理实见分/output.mp4
[2025-07-18 15:56:12,570] [INFO] [logger:55] - 迁移视频 36: user8 -> test9
[2025-07-18 15:56:12,570] [WARNING] [logger:66] - 新路径不存在，跳过迁移视频 36: workstore/test9/《金刚经》第六品 正信希有分/output.mp4
[2025-07-18 15:56:12,570] [INFO] [logger:55] - 迁移视频 37: user1 -> admin
[2025-07-18 15:56:12,570] [WARNING] [logger:66] - 新路径不存在，跳过迁移视频 37: workstore/admin/停止按钮背后的故事/output.mp4
[2025-07-18 15:56:12,570] [INFO] [logger:55] - 迁移视频 38: user1 -> admin
[2025-07-18 15:56:12,570] [WARNING] [logger:66] - 新路径不存在，跳过迁移视频 38: workstore/admin/《金刚经》第八品 依法出生分/output.mp4
[2025-07-18 15:56:12,572] [INFO] [logger:55] - 视频路径迁移完成，共迁移 0 个视频
[2025-07-18 15:56:12,573] [INFO] [logger:55] - 没有发现中断的任务
[2025-07-18 15:56:12,573] [INFO] [logger:55] - 任务恢复完成
[2025-07-18 15:56:12,574] [INFO] [logger:55] - 没有等待中的任务需要启动
[2025-07-18 15:56:12,574] [INFO] [logger:55] - 任务恢复检查完成
[2025-07-18 15:56:21,289] [INFO] [logger:55] - 正在检查并恢复中断的任务...
[2025-07-18 15:56:21,289] [INFO] [logger:55] - 检查服务器启动时是否有中断的任务需要恢复...
[2025-07-18 15:56:21,292] [INFO] [logger:55] - 开始迁移视频路径...
[2025-07-18 15:56:21,292] [INFO] [logger:55] - 迁移视频 13: user1 -> admin
[2025-07-18 15:56:21,293] [WARNING] [logger:66] - 新路径不存在，跳过迁移视频 13: workstore/admin/纳什均衡解析/output.mp4
[2025-07-18 15:56:21,293] [INFO] [logger:55] - 迁移视频 15: user1 -> admin
[2025-07-18 15:56:21,293] [WARNING] [logger:66] - 新路径不存在，跳过迁移视频 15: workstore/admin/白雪公主的童话/output.mp4
[2025-07-18 15:56:21,293] [INFO] [logger:55] - 迁移视频 18: user3 -> test2
[2025-07-18 15:56:21,293] [WARNING] [logger:66] - 新路径不存在，跳过迁移视频 18: workstore/test2/坚持的力量/output.mp4
[2025-07-18 15:56:21,293] [INFO] [logger:55] - 迁移视频 19: user6 -> test4
[2025-07-18 15:56:21,293] [WARNING] [logger:66] - 新路径不存在，跳过迁移视频 19: workstore/test4/白雪公主的故事/output.mp4
[2025-07-18 15:56:21,293] [INFO] [logger:55] - 迁移视频 26: user6 -> test4
[2025-07-18 15:56:21,293] [WARNING] [logger:66] - 新路径不存在，跳过迁移视频 26: workstore/test4/人性弱点智慧/output.mp4
[2025-07-18 15:56:21,294] [INFO] [logger:55] - 迁移视频 27: user6 -> test4
[2025-07-18 15:56:21,294] [WARNING] [logger:66] - 新路径不存在，跳过迁移视频 27: workstore/test4/达克效应之谜/output.mp4
[2025-07-18 15:56:21,294] [INFO] [logger:55] - 迁移视频 32: user6 -> test4
[2025-07-18 15:56:21,294] [WARNING] [logger:66] - 新路径不存在，跳过迁移视频 32: workstore/test4/《金刚经》第一品：法会因由分/output.mp4
[2025-07-18 15:56:21,294] [INFO] [logger:55] - 迁移视频 33: user6 -> test4
[2025-07-18 15:56:21,294] [WARNING] [logger:66] - 新路径不存在，跳过迁移视频 33: workstore/test4/《金刚经》第二品善现启请分/output.mp4
[2025-07-18 15:56:21,294] [INFO] [logger:55] - 迁移视频 34: user1 -> admin
[2025-07-18 15:56:21,294] [WARNING] [logger:66] - 新路径不存在，跳过迁移视频 34: workstore/admin/小红帽的森林奇遇/output.mp4
[2025-07-18 15:56:21,295] [INFO] [logger:55] - 迁移视频 35: user8 -> test9
[2025-07-18 15:56:21,295] [WARNING] [logger:66] - 新路径不存在，跳过迁移视频 35: workstore/test9/《金刚经》第五品 如理实见分/output.mp4
[2025-07-18 15:56:21,295] [INFO] [logger:55] - 迁移视频 36: user8 -> test9
[2025-07-18 15:56:21,295] [WARNING] [logger:66] - 新路径不存在，跳过迁移视频 36: workstore/test9/《金刚经》第六品 正信希有分/output.mp4
[2025-07-18 15:56:21,295] [INFO] [logger:55] - 迁移视频 37: user1 -> admin
[2025-07-18 15:56:21,295] [WARNING] [logger:66] - 新路径不存在，跳过迁移视频 37: workstore/admin/停止按钮背后的故事/output.mp4
[2025-07-18 15:56:21,295] [INFO] [logger:55] - 迁移视频 38: user1 -> admin
[2025-07-18 15:56:21,295] [WARNING] [logger:66] - 新路径不存在，跳过迁移视频 38: workstore/admin/《金刚经》第八品 依法出生分/output.mp4
[2025-07-18 15:56:21,297] [INFO] [logger:55] - 视频路径迁移完成，共迁移 0 个视频
[2025-07-18 15:56:21,298] [INFO] [logger:55] - 没有发现中断的任务
[2025-07-18 15:56:21,298] [INFO] [logger:55] - 任务恢复完成
[2025-07-18 15:56:21,298] [INFO] [logger:55] - 没有等待中的任务需要启动
[2025-07-18 15:56:21,298] [INFO] [logger:55] - 任务恢复检查完成
[2025-07-18 15:56:40,642] [INFO] [logger:55] - 正在检查并恢复中断的任务...
[2025-07-18 15:56:40,642] [INFO] [logger:55] - 检查服务器启动时是否有中断的任务需要恢复...
[2025-07-18 15:56:40,645] [INFO] [logger:55] - 开始迁移视频路径...
[2025-07-18 15:56:40,645] [INFO] [logger:55] - 迁移视频 13: user1 -> admin
[2025-07-18 15:56:40,645] [WARNING] [logger:66] - 新路径不存在，跳过迁移视频 13: workstore/admin/纳什均衡解析/output.mp4
[2025-07-18 15:56:40,645] [INFO] [logger:55] - 迁移视频 15: user1 -> admin
[2025-07-18 15:56:40,646] [WARNING] [logger:66] - 新路径不存在，跳过迁移视频 15: workstore/admin/白雪公主的童话/output.mp4
[2025-07-18 15:56:40,646] [INFO] [logger:55] - 迁移视频 18: user3 -> test2
[2025-07-18 15:56:40,646] [WARNING] [logger:66] - 新路径不存在，跳过迁移视频 18: workstore/test2/坚持的力量/output.mp4
[2025-07-18 15:56:40,646] [INFO] [logger:55] - 迁移视频 19: user6 -> test4
[2025-07-18 15:56:40,646] [WARNING] [logger:66] - 新路径不存在，跳过迁移视频 19: workstore/test4/白雪公主的故事/output.mp4
[2025-07-18 15:56:40,646] [INFO] [logger:55] - 迁移视频 26: user6 -> test4
[2025-07-18 15:56:40,646] [WARNING] [logger:66] - 新路径不存在，跳过迁移视频 26: workstore/test4/人性弱点智慧/output.mp4
[2025-07-18 15:56:40,646] [INFO] [logger:55] - 迁移视频 27: user6 -> test4
[2025-07-18 15:56:40,646] [WARNING] [logger:66] - 新路径不存在，跳过迁移视频 27: workstore/test4/达克效应之谜/output.mp4
[2025-07-18 15:56:40,647] [INFO] [logger:55] - 迁移视频 32: user6 -> test4
[2025-07-18 15:56:40,647] [WARNING] [logger:66] - 新路径不存在，跳过迁移视频 32: workstore/test4/《金刚经》第一品：法会因由分/output.mp4
[2025-07-18 15:56:40,647] [INFO] [logger:55] - 迁移视频 33: user6 -> test4
[2025-07-18 15:56:40,647] [WARNING] [logger:66] - 新路径不存在，跳过迁移视频 33: workstore/test4/《金刚经》第二品善现启请分/output.mp4
[2025-07-18 15:56:40,647] [INFO] [logger:55] - 迁移视频 34: user1 -> admin
[2025-07-18 15:56:40,647] [WARNING] [logger:66] - 新路径不存在，跳过迁移视频 34: workstore/admin/小红帽的森林奇遇/output.mp4
[2025-07-18 15:56:40,647] [INFO] [logger:55] - 迁移视频 35: user8 -> test9
[2025-07-18 15:56:40,647] [WARNING] [logger:66] - 新路径不存在，跳过迁移视频 35: workstore/test9/《金刚经》第五品 如理实见分/output.mp4
[2025-07-18 15:56:40,647] [INFO] [logger:55] - 迁移视频 36: user8 -> test9
[2025-07-18 15:56:40,647] [WARNING] [logger:66] - 新路径不存在，跳过迁移视频 36: workstore/test9/《金刚经》第六品 正信希有分/output.mp4
[2025-07-18 15:56:40,648] [INFO] [logger:55] - 迁移视频 37: user1 -> admin
[2025-07-18 15:56:40,648] [WARNING] [logger:66] - 新路径不存在，跳过迁移视频 37: workstore/admin/停止按钮背后的故事/output.mp4
[2025-07-18 15:56:40,648] [INFO] [logger:55] - 迁移视频 38: user1 -> admin
[2025-07-18 15:56:40,648] [WARNING] [logger:66] - 新路径不存在，跳过迁移视频 38: workstore/admin/《金刚经》第八品 依法出生分/output.mp4
[2025-07-18 15:56:40,650] [INFO] [logger:55] - 视频路径迁移完成，共迁移 0 个视频
[2025-07-18 15:56:40,651] [INFO] [logger:55] - 没有发现中断的任务
[2025-07-18 15:56:40,651] [INFO] [logger:55] - 任务恢复完成
[2025-07-18 15:56:40,651] [INFO] [logger:55] - 没有等待中的任务需要启动
[2025-07-18 15:56:40,651] [INFO] [logger:55] - 任务恢复检查完成
[2025-07-18 15:56:50,475] [INFO] [logger:55] - 正在检查并恢复中断的任务...
[2025-07-18 15:56:50,476] [INFO] [logger:55] - 检查服务器启动时是否有中断的任务需要恢复...
[2025-07-18 15:56:50,479] [INFO] [logger:55] - 开始迁移视频路径...
[2025-07-18 15:56:50,479] [INFO] [logger:55] - 迁移视频 13: user1 -> admin
[2025-07-18 15:56:50,479] [WARNING] [logger:66] - 新路径不存在，跳过迁移视频 13: workstore/admin/纳什均衡解析/output.mp4
[2025-07-18 15:56:50,479] [INFO] [logger:55] - 迁移视频 15: user1 -> admin
[2025-07-18 15:56:50,479] [WARNING] [logger:66] - 新路径不存在，跳过迁移视频 15: workstore/admin/白雪公主的童话/output.mp4
[2025-07-18 15:56:50,479] [INFO] [logger:55] - 迁移视频 18: user3 -> test2
[2025-07-18 15:56:50,479] [WARNING] [logger:66] - 新路径不存在，跳过迁移视频 18: workstore/test2/坚持的力量/output.mp4
[2025-07-18 15:56:50,480] [INFO] [logger:55] - 迁移视频 19: user6 -> test4
[2025-07-18 15:56:50,480] [WARNING] [logger:66] - 新路径不存在，跳过迁移视频 19: workstore/test4/白雪公主的故事/output.mp4
[2025-07-18 15:56:50,480] [INFO] [logger:55] - 迁移视频 26: user6 -> test4
[2025-07-18 15:56:50,480] [WARNING] [logger:66] - 新路径不存在，跳过迁移视频 26: workstore/test4/人性弱点智慧/output.mp4
[2025-07-18 15:56:50,480] [INFO] [logger:55] - 迁移视频 27: user6 -> test4
[2025-07-18 15:56:50,480] [WARNING] [logger:66] - 新路径不存在，跳过迁移视频 27: workstore/test4/达克效应之谜/output.mp4
[2025-07-18 15:56:50,480] [INFO] [logger:55] - 迁移视频 32: user6 -> test4
[2025-07-18 15:56:50,480] [WARNING] [logger:66] - 新路径不存在，跳过迁移视频 32: workstore/test4/《金刚经》第一品：法会因由分/output.mp4
[2025-07-18 15:56:50,480] [INFO] [logger:55] - 迁移视频 33: user6 -> test4
[2025-07-18 15:56:50,480] [WARNING] [logger:66] - 新路径不存在，跳过迁移视频 33: workstore/test4/《金刚经》第二品善现启请分/output.mp4
[2025-07-18 15:56:50,480] [INFO] [logger:55] - 迁移视频 34: user1 -> admin
[2025-07-18 15:56:50,481] [WARNING] [logger:66] - 新路径不存在，跳过迁移视频 34: workstore/admin/小红帽的森林奇遇/output.mp4
[2025-07-18 15:56:50,481] [INFO] [logger:55] - 迁移视频 35: user8 -> test9
[2025-07-18 15:56:50,481] [WARNING] [logger:66] - 新路径不存在，跳过迁移视频 35: workstore/test9/《金刚经》第五品 如理实见分/output.mp4
[2025-07-18 15:56:50,481] [INFO] [logger:55] - 迁移视频 36: user8 -> test9
[2025-07-18 15:56:50,481] [WARNING] [logger:66] - 新路径不存在，跳过迁移视频 36: workstore/test9/《金刚经》第六品 正信希有分/output.mp4
[2025-07-18 15:56:50,481] [INFO] [logger:55] - 迁移视频 37: user1 -> admin
[2025-07-18 15:56:50,481] [WARNING] [logger:66] - 新路径不存在，跳过迁移视频 37: workstore/admin/停止按钮背后的故事/output.mp4
[2025-07-18 15:56:50,481] [INFO] [logger:55] - 迁移视频 38: user1 -> admin
[2025-07-18 15:56:50,481] [WARNING] [logger:66] - 新路径不存在，跳过迁移视频 38: workstore/admin/《金刚经》第八品 依法出生分/output.mp4
[2025-07-18 15:56:50,483] [INFO] [logger:55] - 视频路径迁移完成，共迁移 0 个视频
[2025-07-18 15:56:50,484] [INFO] [logger:55] - 没有发现中断的任务
[2025-07-18 15:56:50,484] [INFO] [logger:55] - 任务恢复完成
[2025-07-18 15:56:50,484] [INFO] [logger:55] - 没有等待中的任务需要启动
[2025-07-18 15:56:50,484] [INFO] [logger:55] - 任务恢复检查完成
[2025-07-18 15:56:59,146] [INFO] [logger:55] - 正在检查并恢复中断的任务...
[2025-07-18 15:56:59,146] [INFO] [logger:55] - 检查服务器启动时是否有中断的任务需要恢复...
[2025-07-18 15:56:59,149] [INFO] [logger:55] - 开始迁移视频路径...
[2025-07-18 15:56:59,149] [INFO] [logger:55] - 迁移视频 13: user1 -> admin
[2025-07-18 15:56:59,149] [WARNING] [logger:66] - 新路径不存在，跳过迁移视频 13: workstore/admin/纳什均衡解析/output.mp4
[2025-07-18 15:56:59,149] [INFO] [logger:55] - 迁移视频 15: user1 -> admin
[2025-07-18 15:56:59,149] [WARNING] [logger:66] - 新路径不存在，跳过迁移视频 15: workstore/admin/白雪公主的童话/output.mp4
[2025-07-18 15:56:59,150] [INFO] [logger:55] - 迁移视频 18: user3 -> test2
[2025-07-18 15:56:59,150] [WARNING] [logger:66] - 新路径不存在，跳过迁移视频 18: workstore/test2/坚持的力量/output.mp4
[2025-07-18 15:56:59,150] [INFO] [logger:55] - 迁移视频 19: user6 -> test4
[2025-07-18 15:56:59,150] [WARNING] [logger:66] - 新路径不存在，跳过迁移视频 19: workstore/test4/白雪公主的故事/output.mp4
[2025-07-18 15:56:59,150] [INFO] [logger:55] - 迁移视频 26: user6 -> test4
[2025-07-18 15:56:59,150] [WARNING] [logger:66] - 新路径不存在，跳过迁移视频 26: workstore/test4/人性弱点智慧/output.mp4
[2025-07-18 15:56:59,150] [INFO] [logger:55] - 迁移视频 27: user6 -> test4
[2025-07-18 15:56:59,150] [WARNING] [logger:66] - 新路径不存在，跳过迁移视频 27: workstore/test4/达克效应之谜/output.mp4
[2025-07-18 15:56:59,151] [INFO] [logger:55] - 迁移视频 32: user6 -> test4
[2025-07-18 15:56:59,151] [WARNING] [logger:66] - 新路径不存在，跳过迁移视频 32: workstore/test4/《金刚经》第一品：法会因由分/output.mp4
[2025-07-18 15:56:59,151] [INFO] [logger:55] - 迁移视频 33: user6 -> test4
[2025-07-18 15:56:59,151] [WARNING] [logger:66] - 新路径不存在，跳过迁移视频 33: workstore/test4/《金刚经》第二品善现启请分/output.mp4
[2025-07-18 15:56:59,151] [INFO] [logger:55] - 迁移视频 34: user1 -> admin
[2025-07-18 15:56:59,151] [WARNING] [logger:66] - 新路径不存在，跳过迁移视频 34: workstore/admin/小红帽的森林奇遇/output.mp4
[2025-07-18 15:56:59,151] [INFO] [logger:55] - 迁移视频 35: user8 -> test9
[2025-07-18 15:56:59,151] [WARNING] [logger:66] - 新路径不存在，跳过迁移视频 35: workstore/test9/《金刚经》第五品 如理实见分/output.mp4
[2025-07-18 15:56:59,152] [INFO] [logger:55] - 迁移视频 36: user8 -> test9
[2025-07-18 15:56:59,152] [WARNING] [logger:66] - 新路径不存在，跳过迁移视频 36: workstore/test9/《金刚经》第六品 正信希有分/output.mp4
[2025-07-18 15:56:59,152] [INFO] [logger:55] - 迁移视频 37: user1 -> admin
[2025-07-18 15:56:59,152] [WARNING] [logger:66] - 新路径不存在，跳过迁移视频 37: workstore/admin/停止按钮背后的故事/output.mp4
[2025-07-18 15:56:59,152] [INFO] [logger:55] - 迁移视频 38: user1 -> admin
[2025-07-18 15:56:59,152] [WARNING] [logger:66] - 新路径不存在，跳过迁移视频 38: workstore/admin/《金刚经》第八品 依法出生分/output.mp4
[2025-07-18 15:56:59,154] [INFO] [logger:55] - 视频路径迁移完成，共迁移 0 个视频
[2025-07-18 15:56:59,155] [INFO] [logger:55] - 没有发现中断的任务
[2025-07-18 15:56:59,155] [INFO] [logger:55] - 任务恢复完成
[2025-07-18 15:56:59,155] [INFO] [logger:55] - 没有等待中的任务需要启动
[2025-07-18 15:56:59,155] [INFO] [logger:55] - 任务恢复检查完成
[2025-07-18 15:57:14,235] [INFO] [logger:55] - 正在检查并恢复中断的任务...
[2025-07-18 15:57:14,236] [INFO] [logger:55] - 检查服务器启动时是否有中断的任务需要恢复...
[2025-07-18 15:57:14,239] [INFO] [logger:55] - 开始迁移视频路径...
[2025-07-18 15:57:14,239] [INFO] [logger:55] - 迁移视频 13: user1 -> admin
[2025-07-18 15:57:14,239] [WARNING] [logger:66] - 新路径不存在，跳过迁移视频 13: workstore/admin/纳什均衡解析/output.mp4
[2025-07-18 15:57:14,239] [INFO] [logger:55] - 迁移视频 15: user1 -> admin
[2025-07-18 15:57:14,239] [WARNING] [logger:66] - 新路径不存在，跳过迁移视频 15: workstore/admin/白雪公主的童话/output.mp4
[2025-07-18 15:57:14,240] [INFO] [logger:55] - 迁移视频 18: user3 -> test2
[2025-07-18 15:57:14,240] [WARNING] [logger:66] - 新路径不存在，跳过迁移视频 18: workstore/test2/坚持的力量/output.mp4
[2025-07-18 15:57:14,240] [INFO] [logger:55] - 迁移视频 19: user6 -> test4
[2025-07-18 15:57:14,240] [WARNING] [logger:66] - 新路径不存在，跳过迁移视频 19: workstore/test4/白雪公主的故事/output.mp4
[2025-07-18 15:57:14,240] [INFO] [logger:55] - 迁移视频 26: user6 -> test4
[2025-07-18 15:57:14,240] [WARNING] [logger:66] - 新路径不存在，跳过迁移视频 26: workstore/test4/人性弱点智慧/output.mp4
[2025-07-18 15:57:14,240] [INFO] [logger:55] - 迁移视频 27: user6 -> test4
[2025-07-18 15:57:14,240] [WARNING] [logger:66] - 新路径不存在，跳过迁移视频 27: workstore/test4/达克效应之谜/output.mp4
[2025-07-18 15:57:14,240] [INFO] [logger:55] - 迁移视频 32: user6 -> test4
[2025-07-18 15:57:14,240] [WARNING] [logger:66] - 新路径不存在，跳过迁移视频 32: workstore/test4/《金刚经》第一品：法会因由分/output.mp4
[2025-07-18 15:57:14,240] [INFO] [logger:55] - 迁移视频 33: user6 -> test4
[2025-07-18 15:57:14,240] [WARNING] [logger:66] - 新路径不存在，跳过迁移视频 33: workstore/test4/《金刚经》第二品善现启请分/output.mp4
[2025-07-18 15:57:14,241] [INFO] [logger:55] - 迁移视频 34: user1 -> admin
[2025-07-18 15:57:14,241] [WARNING] [logger:66] - 新路径不存在，跳过迁移视频 34: workstore/admin/小红帽的森林奇遇/output.mp4
[2025-07-18 15:57:14,241] [INFO] [logger:55] - 迁移视频 35: user8 -> test9
[2025-07-18 15:57:14,241] [WARNING] [logger:66] - 新路径不存在，跳过迁移视频 35: workstore/test9/《金刚经》第五品 如理实见分/output.mp4
[2025-07-18 15:57:14,241] [INFO] [logger:55] - 迁移视频 36: user8 -> test9
[2025-07-18 15:57:14,241] [WARNING] [logger:66] - 新路径不存在，跳过迁移视频 36: workstore/test9/《金刚经》第六品 正信希有分/output.mp4
[2025-07-18 15:57:14,241] [INFO] [logger:55] - 迁移视频 37: user1 -> admin
[2025-07-18 15:57:14,241] [WARNING] [logger:66] - 新路径不存在，跳过迁移视频 37: workstore/admin/停止按钮背后的故事/output.mp4
[2025-07-18 15:57:14,242] [INFO] [logger:55] - 迁移视频 38: user1 -> admin
[2025-07-18 15:57:14,242] [WARNING] [logger:66] - 新路径不存在，跳过迁移视频 38: workstore/admin/《金刚经》第八品 依法出生分/output.mp4
[2025-07-18 15:57:14,243] [INFO] [logger:55] - 视频路径迁移完成，共迁移 0 个视频
[2025-07-18 15:57:14,244] [INFO] [logger:55] - 没有发现中断的任务
[2025-07-18 15:57:14,244] [INFO] [logger:55] - 任务恢复完成
[2025-07-18 15:57:14,245] [INFO] [logger:55] - 没有等待中的任务需要启动
[2025-07-18 15:57:14,245] [INFO] [logger:55] - 任务恢复检查完成
[2025-07-18 15:57:20,903] [INFO] [logger:55] - 正在检查并恢复中断的任务...
[2025-07-18 15:57:20,903] [INFO] [logger:55] - 检查服务器启动时是否有中断的任务需要恢复...
[2025-07-18 15:57:20,906] [INFO] [logger:55] - 开始迁移视频路径...
[2025-07-18 15:57:20,906] [INFO] [logger:55] - 迁移视频 13: user1 -> admin
[2025-07-18 15:57:20,906] [WARNING] [logger:66] - 新路径不存在，跳过迁移视频 13: workstore/admin/纳什均衡解析/output.mp4
[2025-07-18 15:57:20,907] [INFO] [logger:55] - 迁移视频 15: user1 -> admin
[2025-07-18 15:57:20,907] [WARNING] [logger:66] - 新路径不存在，跳过迁移视频 15: workstore/admin/白雪公主的童话/output.mp4
[2025-07-18 15:57:20,907] [INFO] [logger:55] - 迁移视频 18: user3 -> test2
[2025-07-18 15:57:20,907] [WARNING] [logger:66] - 新路径不存在，跳过迁移视频 18: workstore/test2/坚持的力量/output.mp4
[2025-07-18 15:57:20,907] [INFO] [logger:55] - 迁移视频 19: user6 -> test4
[2025-07-18 15:57:20,907] [WARNING] [logger:66] - 新路径不存在，跳过迁移视频 19: workstore/test4/白雪公主的故事/output.mp4
[2025-07-18 15:57:20,907] [INFO] [logger:55] - 迁移视频 26: user6 -> test4
[2025-07-18 15:57:20,907] [WARNING] [logger:66] - 新路径不存在，跳过迁移视频 26: workstore/test4/人性弱点智慧/output.mp4
[2025-07-18 15:57:20,908] [INFO] [logger:55] - 迁移视频 27: user6 -> test4
[2025-07-18 15:57:20,908] [WARNING] [logger:66] - 新路径不存在，跳过迁移视频 27: workstore/test4/达克效应之谜/output.mp4
[2025-07-18 15:57:20,908] [INFO] [logger:55] - 迁移视频 32: user6 -> test4
[2025-07-18 15:57:20,908] [WARNING] [logger:66] - 新路径不存在，跳过迁移视频 32: workstore/test4/《金刚经》第一品：法会因由分/output.mp4
[2025-07-18 15:57:20,908] [INFO] [logger:55] - 迁移视频 33: user6 -> test4
[2025-07-18 15:57:20,908] [WARNING] [logger:66] - 新路径不存在，跳过迁移视频 33: workstore/test4/《金刚经》第二品善现启请分/output.mp4
[2025-07-18 15:57:20,908] [INFO] [logger:55] - 迁移视频 34: user1 -> admin
[2025-07-18 15:57:20,908] [WARNING] [logger:66] - 新路径不存在，跳过迁移视频 34: workstore/admin/小红帽的森林奇遇/output.mp4
[2025-07-18 15:57:20,909] [INFO] [logger:55] - 迁移视频 35: user8 -> test9
[2025-07-18 15:57:20,909] [WARNING] [logger:66] - 新路径不存在，跳过迁移视频 35: workstore/test9/《金刚经》第五品 如理实见分/output.mp4
[2025-07-18 15:57:20,909] [INFO] [logger:55] - 迁移视频 36: user8 -> test9
[2025-07-18 15:57:20,909] [WARNING] [logger:66] - 新路径不存在，跳过迁移视频 36: workstore/test9/《金刚经》第六品 正信希有分/output.mp4
[2025-07-18 15:57:20,909] [INFO] [logger:55] - 迁移视频 37: user1 -> admin
[2025-07-18 15:57:20,909] [WARNING] [logger:66] - 新路径不存在，跳过迁移视频 37: workstore/admin/停止按钮背后的故事/output.mp4
[2025-07-18 15:57:20,909] [INFO] [logger:55] - 迁移视频 38: user1 -> admin
[2025-07-18 15:57:20,909] [WARNING] [logger:66] - 新路径不存在，跳过迁移视频 38: workstore/admin/《金刚经》第八品 依法出生分/output.mp4
[2025-07-18 15:57:20,911] [INFO] [logger:55] - 视频路径迁移完成，共迁移 0 个视频
[2025-07-18 15:57:20,912] [INFO] [logger:55] - 没有发现中断的任务
[2025-07-18 15:57:20,912] [INFO] [logger:55] - 任务恢复完成
[2025-07-18 15:57:20,912] [INFO] [logger:55] - 没有等待中的任务需要启动
[2025-07-18 15:57:20,912] [INFO] [logger:55] - 任务恢复检查完成
[2025-07-18 16:22:27,924] [INFO] [logger:55] - 正在检查并恢复中断的任务...
[2025-07-18 16:22:27,924] [INFO] [logger:55] - 检查服务器启动时是否有中断的任务需要恢复...
[2025-07-18 16:22:27,927] [INFO] [logger:55] - 开始迁移视频路径...
[2025-07-18 16:22:27,927] [INFO] [logger:55] - 迁移视频 13: user1 -> admin
[2025-07-18 16:22:27,927] [WARNING] [logger:66] - 新路径不存在，跳过迁移视频 13: workstore/admin/纳什均衡解析/output.mp4
[2025-07-18 16:22:27,927] [INFO] [logger:55] - 迁移视频 15: user1 -> admin
[2025-07-18 16:22:27,927] [WARNING] [logger:66] - 新路径不存在，跳过迁移视频 15: workstore/admin/白雪公主的童话/output.mp4
[2025-07-18 16:22:27,928] [INFO] [logger:55] - 迁移视频 18: user3 -> test2
[2025-07-18 16:22:27,928] [WARNING] [logger:66] - 新路径不存在，跳过迁移视频 18: workstore/test2/坚持的力量/output.mp4
[2025-07-18 16:22:27,928] [INFO] [logger:55] - 迁移视频 19: user6 -> test4
[2025-07-18 16:22:27,928] [WARNING] [logger:66] - 新路径不存在，跳过迁移视频 19: workstore/test4/白雪公主的故事/output.mp4
[2025-07-18 16:22:27,928] [INFO] [logger:55] - 迁移视频 26: user6 -> test4
[2025-07-18 16:22:27,928] [WARNING] [logger:66] - 新路径不存在，跳过迁移视频 26: workstore/test4/人性弱点智慧/output.mp4
[2025-07-18 16:22:27,928] [INFO] [logger:55] - 迁移视频 27: user6 -> test4
[2025-07-18 16:22:27,928] [WARNING] [logger:66] - 新路径不存在，跳过迁移视频 27: workstore/test4/达克效应之谜/output.mp4
[2025-07-18 16:22:27,928] [INFO] [logger:55] - 迁移视频 32: user6 -> test4
[2025-07-18 16:22:27,928] [WARNING] [logger:66] - 新路径不存在，跳过迁移视频 32: workstore/test4/《金刚经》第一品：法会因由分/output.mp4
[2025-07-18 16:22:27,929] [INFO] [logger:55] - 迁移视频 33: user6 -> test4
[2025-07-18 16:22:27,929] [WARNING] [logger:66] - 新路径不存在，跳过迁移视频 33: workstore/test4/《金刚经》第二品善现启请分/output.mp4
[2025-07-18 16:22:27,929] [INFO] [logger:55] - 迁移视频 34: user1 -> admin
[2025-07-18 16:22:27,929] [WARNING] [logger:66] - 新路径不存在，跳过迁移视频 34: workstore/admin/小红帽的森林奇遇/output.mp4
[2025-07-18 16:22:27,929] [INFO] [logger:55] - 迁移视频 35: user8 -> test9
[2025-07-18 16:22:27,929] [WARNING] [logger:66] - 新路径不存在，跳过迁移视频 35: workstore/test9/《金刚经》第五品 如理实见分/output.mp4
[2025-07-18 16:22:27,929] [INFO] [logger:55] - 迁移视频 36: user8 -> test9
[2025-07-18 16:22:27,929] [WARNING] [logger:66] - 新路径不存在，跳过迁移视频 36: workstore/test9/《金刚经》第六品 正信希有分/output.mp4
[2025-07-18 16:22:27,930] [INFO] [logger:55] - 迁移视频 37: user1 -> admin
[2025-07-18 16:22:27,930] [WARNING] [logger:66] - 新路径不存在，跳过迁移视频 37: workstore/admin/停止按钮背后的故事/output.mp4
[2025-07-18 16:22:27,930] [INFO] [logger:55] - 迁移视频 38: user1 -> admin
[2025-07-18 16:22:27,930] [WARNING] [logger:66] - 新路径不存在，跳过迁移视频 38: workstore/admin/《金刚经》第八品 依法出生分/output.mp4
[2025-07-18 16:22:27,932] [INFO] [logger:55] - 视频路径迁移完成，共迁移 0 个视频
[2025-07-18 16:22:27,933] [INFO] [logger:55] - 没有发现中断的任务
[2025-07-18 16:22:27,933] [INFO] [logger:55] - 任务恢复完成
[2025-07-18 16:22:27,933] [INFO] [logger:55] - 没有等待中的任务需要启动
[2025-07-18 16:22:27,933] [INFO] [logger:55] - 任务恢复检查完成
[2025-07-18 16:22:28,771] [INFO] [logger:55] - 正在检查并恢复中断的任务...
[2025-07-18 16:22:28,771] [INFO] [logger:55] - 检查服务器启动时是否有中断的任务需要恢复...
[2025-07-18 16:22:28,773] [INFO] [logger:55] - 开始迁移视频路径...
[2025-07-18 16:22:28,773] [INFO] [logger:55] - 迁移视频 13: user1 -> admin
[2025-07-18 16:22:28,773] [WARNING] [logger:66] - 新路径不存在，跳过迁移视频 13: workstore/admin/纳什均衡解析/output.mp4
[2025-07-18 16:22:28,774] [INFO] [logger:55] - 迁移视频 15: user1 -> admin
[2025-07-18 16:22:28,774] [WARNING] [logger:66] - 新路径不存在，跳过迁移视频 15: workstore/admin/白雪公主的童话/output.mp4
[2025-07-18 16:22:28,774] [INFO] [logger:55] - 迁移视频 18: user3 -> test2
[2025-07-18 16:22:28,774] [WARNING] [logger:66] - 新路径不存在，跳过迁移视频 18: workstore/test2/坚持的力量/output.mp4
[2025-07-18 16:22:28,774] [INFO] [logger:55] - 迁移视频 19: user6 -> test4
[2025-07-18 16:22:28,774] [WARNING] [logger:66] - 新路径不存在，跳过迁移视频 19: workstore/test4/白雪公主的故事/output.mp4
[2025-07-18 16:22:28,774] [INFO] [logger:55] - 迁移视频 26: user6 -> test4
[2025-07-18 16:22:28,774] [WARNING] [logger:66] - 新路径不存在，跳过迁移视频 26: workstore/test4/人性弱点智慧/output.mp4
[2025-07-18 16:22:28,774] [INFO] [logger:55] - 迁移视频 27: user6 -> test4
[2025-07-18 16:22:28,775] [WARNING] [logger:66] - 新路径不存在，跳过迁移视频 27: workstore/test4/达克效应之谜/output.mp4
[2025-07-18 16:22:28,775] [INFO] [logger:55] - 迁移视频 32: user6 -> test4
[2025-07-18 16:22:28,775] [WARNING] [logger:66] - 新路径不存在，跳过迁移视频 32: workstore/test4/《金刚经》第一品：法会因由分/output.mp4
[2025-07-18 16:22:28,775] [INFO] [logger:55] - 迁移视频 33: user6 -> test4
[2025-07-18 16:22:28,775] [WARNING] [logger:66] - 新路径不存在，跳过迁移视频 33: workstore/test4/《金刚经》第二品善现启请分/output.mp4
[2025-07-18 16:22:28,775] [INFO] [logger:55] - 迁移视频 34: user1 -> admin
[2025-07-18 16:22:28,775] [WARNING] [logger:66] - 新路径不存在，跳过迁移视频 34: workstore/admin/小红帽的森林奇遇/output.mp4
[2025-07-18 16:22:28,776] [INFO] [logger:55] - 迁移视频 35: user8 -> test9
[2025-07-18 16:22:28,776] [WARNING] [logger:66] - 新路径不存在，跳过迁移视频 35: workstore/test9/《金刚经》第五品 如理实见分/output.mp4
[2025-07-18 16:22:28,776] [INFO] [logger:55] - 迁移视频 36: user8 -> test9
[2025-07-18 16:22:28,776] [WARNING] [logger:66] - 新路径不存在，跳过迁移视频 36: workstore/test9/《金刚经》第六品 正信希有分/output.mp4
[2025-07-18 16:22:28,776] [INFO] [logger:55] - 迁移视频 37: user1 -> admin
[2025-07-18 16:22:28,776] [WARNING] [logger:66] - 新路径不存在，跳过迁移视频 37: workstore/admin/停止按钮背后的故事/output.mp4
[2025-07-18 16:22:28,776] [INFO] [logger:55] - 迁移视频 38: user1 -> admin
[2025-07-18 16:22:28,776] [WARNING] [logger:66] - 新路径不存在，跳过迁移视频 38: workstore/admin/《金刚经》第八品 依法出生分/output.mp4
[2025-07-18 16:22:28,778] [INFO] [logger:55] - 视频路径迁移完成，共迁移 0 个视频
[2025-07-18 16:22:28,779] [INFO] [logger:55] - 没有发现中断的任务
[2025-07-18 16:22:28,780] [INFO] [logger:55] - 任务恢复完成
[2025-07-18 16:22:28,780] [INFO] [logger:55] - 没有等待中的任务需要启动
[2025-07-18 16:22:28,780] [INFO] [logger:55] - 任务恢复检查完成
[2025-07-18 16:22:42,871] [INFO] [logger:55] - 正在检查并恢复中断的任务...
[2025-07-18 16:22:42,871] [INFO] [logger:55] - 检查服务器启动时是否有中断的任务需要恢复...
[2025-07-18 16:22:42,874] [INFO] [logger:55] - 开始迁移视频路径...
[2025-07-18 16:22:42,875] [INFO] [logger:55] - 迁移视频 13: user1 -> admin
[2025-07-18 16:22:42,875] [WARNING] [logger:66] - 新路径不存在，跳过迁移视频 13: workstore/admin/纳什均衡解析/output.mp4
[2025-07-18 16:22:42,875] [INFO] [logger:55] - 迁移视频 15: user1 -> admin
[2025-07-18 16:22:42,875] [WARNING] [logger:66] - 新路径不存在，跳过迁移视频 15: workstore/admin/白雪公主的童话/output.mp4
[2025-07-18 16:22:42,875] [INFO] [logger:55] - 迁移视频 18: user3 -> test2
[2025-07-18 16:22:42,875] [WARNING] [logger:66] - 新路径不存在，跳过迁移视频 18: workstore/test2/坚持的力量/output.mp4
[2025-07-18 16:22:42,875] [INFO] [logger:55] - 迁移视频 19: user6 -> test4
[2025-07-18 16:22:42,875] [WARNING] [logger:66] - 新路径不存在，跳过迁移视频 19: workstore/test4/白雪公主的故事/output.mp4
[2025-07-18 16:22:42,876] [INFO] [logger:55] - 迁移视频 26: user6 -> test4
[2025-07-18 16:22:42,876] [WARNING] [logger:66] - 新路径不存在，跳过迁移视频 26: workstore/test4/人性弱点智慧/output.mp4
[2025-07-18 16:22:42,876] [INFO] [logger:55] - 迁移视频 27: user6 -> test4
[2025-07-18 16:22:42,876] [WARNING] [logger:66] - 新路径不存在，跳过迁移视频 27: workstore/test4/达克效应之谜/output.mp4
[2025-07-18 16:22:42,876] [INFO] [logger:55] - 迁移视频 32: user6 -> test4
[2025-07-18 16:22:42,876] [WARNING] [logger:66] - 新路径不存在，跳过迁移视频 32: workstore/test4/《金刚经》第一品：法会因由分/output.mp4
[2025-07-18 16:22:42,876] [INFO] [logger:55] - 迁移视频 33: user6 -> test4
[2025-07-18 16:22:42,876] [WARNING] [logger:66] - 新路径不存在，跳过迁移视频 33: workstore/test4/《金刚经》第二品善现启请分/output.mp4
[2025-07-18 16:22:42,876] [INFO] [logger:55] - 迁移视频 34: user1 -> admin
[2025-07-18 16:22:42,876] [WARNING] [logger:66] - 新路径不存在，跳过迁移视频 34: workstore/admin/小红帽的森林奇遇/output.mp4
[2025-07-18 16:22:42,877] [INFO] [logger:55] - 迁移视频 35: user8 -> test9
[2025-07-18 16:22:42,877] [WARNING] [logger:66] - 新路径不存在，跳过迁移视频 35: workstore/test9/《金刚经》第五品 如理实见分/output.mp4
[2025-07-18 16:22:42,877] [INFO] [logger:55] - 迁移视频 36: user8 -> test9
[2025-07-18 16:22:42,877] [WARNING] [logger:66] - 新路径不存在，跳过迁移视频 36: workstore/test9/《金刚经》第六品 正信希有分/output.mp4
[2025-07-18 16:22:42,877] [INFO] [logger:55] - 迁移视频 37: user1 -> admin
[2025-07-18 16:22:42,877] [WARNING] [logger:66] - 新路径不存在，跳过迁移视频 37: workstore/admin/停止按钮背后的故事/output.mp4
[2025-07-18 16:22:42,877] [INFO] [logger:55] - 迁移视频 38: user1 -> admin
[2025-07-18 16:22:42,878] [WARNING] [logger:66] - 新路径不存在，跳过迁移视频 38: workstore/admin/《金刚经》第八品 依法出生分/output.mp4
[2025-07-18 16:22:42,879] [INFO] [logger:55] - 视频路径迁移完成，共迁移 0 个视频
[2025-07-18 16:22:42,880] [INFO] [logger:55] - 没有发现中断的任务
[2025-07-18 16:22:42,880] [INFO] [logger:55] - 任务恢复完成
[2025-07-18 16:22:42,881] [INFO] [logger:55] - 没有等待中的任务需要启动
[2025-07-18 16:22:42,881] [INFO] [logger:55] - 任务恢复检查完成
[2025-07-18 16:22:43,897] [INFO] [logger:55] - 正在检查并恢复中断的任务...
[2025-07-18 16:22:43,898] [INFO] [logger:55] - 检查服务器启动时是否有中断的任务需要恢复...
[2025-07-18 16:22:43,900] [INFO] [logger:55] - 开始迁移视频路径...
[2025-07-18 16:22:43,900] [INFO] [logger:55] - 迁移视频 13: user1 -> admin
[2025-07-18 16:22:43,900] [WARNING] [logger:66] - 新路径不存在，跳过迁移视频 13: workstore/admin/纳什均衡解析/output.mp4
[2025-07-18 16:22:43,900] [INFO] [logger:55] - 迁移视频 15: user1 -> admin
[2025-07-18 16:22:43,900] [WARNING] [logger:66] - 新路径不存在，跳过迁移视频 15: workstore/admin/白雪公主的童话/output.mp4
[2025-07-18 16:22:43,901] [INFO] [logger:55] - 迁移视频 18: user3 -> test2
[2025-07-18 16:22:43,901] [WARNING] [logger:66] - 新路径不存在，跳过迁移视频 18: workstore/test2/坚持的力量/output.mp4
[2025-07-18 16:22:43,901] [INFO] [logger:55] - 迁移视频 19: user6 -> test4
[2025-07-18 16:22:43,901] [WARNING] [logger:66] - 新路径不存在，跳过迁移视频 19: workstore/test4/白雪公主的故事/output.mp4
[2025-07-18 16:22:43,901] [INFO] [logger:55] - 迁移视频 26: user6 -> test4
[2025-07-18 16:22:43,901] [WARNING] [logger:66] - 新路径不存在，跳过迁移视频 26: workstore/test4/人性弱点智慧/output.mp4
[2025-07-18 16:22:43,901] [INFO] [logger:55] - 迁移视频 27: user6 -> test4
[2025-07-18 16:22:43,901] [WARNING] [logger:66] - 新路径不存在，跳过迁移视频 27: workstore/test4/达克效应之谜/output.mp4
[2025-07-18 16:22:43,902] [INFO] [logger:55] - 迁移视频 32: user6 -> test4
[2025-07-18 16:22:43,902] [WARNING] [logger:66] - 新路径不存在，跳过迁移视频 32: workstore/test4/《金刚经》第一品：法会因由分/output.mp4
[2025-07-18 16:22:43,902] [INFO] [logger:55] - 迁移视频 33: user6 -> test4
[2025-07-18 16:22:43,902] [WARNING] [logger:66] - 新路径不存在，跳过迁移视频 33: workstore/test4/《金刚经》第二品善现启请分/output.mp4
[2025-07-18 16:22:43,902] [INFO] [logger:55] - 迁移视频 34: user1 -> admin
[2025-07-18 16:22:43,902] [WARNING] [logger:66] - 新路径不存在，跳过迁移视频 34: workstore/admin/小红帽的森林奇遇/output.mp4
[2025-07-18 16:22:43,902] [INFO] [logger:55] - 迁移视频 35: user8 -> test9
[2025-07-18 16:22:43,902] [WARNING] [logger:66] - 新路径不存在，跳过迁移视频 35: workstore/test9/《金刚经》第五品 如理实见分/output.mp4
[2025-07-18 16:22:43,903] [INFO] [logger:55] - 迁移视频 36: user8 -> test9
[2025-07-18 16:22:43,903] [WARNING] [logger:66] - 新路径不存在，跳过迁移视频 36: workstore/test9/《金刚经》第六品 正信希有分/output.mp4
[2025-07-18 16:22:43,903] [INFO] [logger:55] - 迁移视频 37: user1 -> admin
[2025-07-18 16:22:43,903] [WARNING] [logger:66] - 新路径不存在，跳过迁移视频 37: workstore/admin/停止按钮背后的故事/output.mp4
[2025-07-18 16:22:43,903] [INFO] [logger:55] - 迁移视频 38: user1 -> admin
[2025-07-18 16:22:43,903] [WARNING] [logger:66] - 新路径不存在，跳过迁移视频 38: workstore/admin/《金刚经》第八品 依法出生分/output.mp4
[2025-07-18 16:22:43,905] [INFO] [logger:55] - 视频路径迁移完成，共迁移 0 个视频
[2025-07-18 16:22:43,906] [INFO] [logger:55] - 没有发现中断的任务
[2025-07-18 16:22:43,906] [INFO] [logger:55] - 任务恢复完成
[2025-07-18 16:22:43,907] [INFO] [logger:55] - 没有等待中的任务需要启动
[2025-07-18 16:22:43,907] [INFO] [logger:55] - 任务恢复检查完成
[2025-07-18 16:22:47,615] [INFO] [logger:55] - 用户 admin 查看我的视频页面，共 10 个视频
[2025-07-18 16:23:06,591] [INFO] [logger:55] - 用户 admin 生成视频扣除了 1 条额度，剩余 82 条
[2025-07-18 16:23:06,598] [INFO] [logger:55] - 用户 admin 的任务已加入队列，任务ID: 8
[2025-07-18 16:23:06,610] [INFO] [logger:55] - 开始处理用户 admin 的队列任务，任务ID: 8, 视频ID: 61
[2025-07-18 16:23:18,434] [INFO] [logger:55] - 用户 admin 生成视频扣除了 1 条额度，剩余 81 条
[2025-07-18 16:23:18,439] [INFO] [logger:55] - 用户 admin 的任务已加入队列，任务ID: 9
[2025-07-18 16:23:24,039] [ERROR] [logger:62] - 查询视频状态出错 - 视频ID: 61, 错误: 404 Not Found: The requested URL was not found on the server. If you entered the URL manually please check your spelling and try again.
[2025-07-18 16:23:24,050] [INFO] [logger:55] - 开始处理用户 admin 的队列任务，任务ID: 9, 视频ID: 61
[2025-07-18 16:23:31,640] [ERROR] [logger:62] - 查询视频状态出错 - 视频ID: 61, 错误: 404 Not Found: The requested URL was not found on the server. If you entered the URL manually please check your spelling and try again.
[2025-07-18 16:24:09,339] [INFO] [logger:55] - 用户 admin 查看我的视频页面，共 10 个视频
[2025-07-19 14:57:55,691] [INFO] [logger:55] - 正在检查并恢复中断的任务...
[2025-07-19 14:57:55,691] [INFO] [logger:55] - 检查服务器启动时是否有中断的任务需要恢复...
[2025-07-19 14:57:55,695] [INFO] [logger:55] - 开始迁移视频路径...
[2025-07-19 14:57:55,695] [INFO] [logger:55] - 迁移视频 13: user1 -> admin
[2025-07-19 14:57:55,695] [WARNING] [logger:66] - 新路径不存在，跳过迁移视频 13: workstore/admin/纳什均衡解析/output.mp4
[2025-07-19 14:57:55,695] [INFO] [logger:55] - 迁移视频 15: user1 -> admin
[2025-07-19 14:57:55,695] [WARNING] [logger:66] - 新路径不存在，跳过迁移视频 15: workstore/admin/白雪公主的童话/output.mp4
[2025-07-19 14:57:55,696] [INFO] [logger:55] - 迁移视频 18: user3 -> test2
[2025-07-19 14:57:55,696] [WARNING] [logger:66] - 新路径不存在，跳过迁移视频 18: workstore/test2/坚持的力量/output.mp4
[2025-07-19 14:57:55,696] [INFO] [logger:55] - 迁移视频 19: user6 -> test4
[2025-07-19 14:57:55,696] [WARNING] [logger:66] - 新路径不存在，跳过迁移视频 19: workstore/test4/白雪公主的故事/output.mp4
[2025-07-19 14:57:55,696] [INFO] [logger:55] - 迁移视频 26: user6 -> test4
[2025-07-19 14:57:55,696] [WARNING] [logger:66] - 新路径不存在，跳过迁移视频 26: workstore/test4/人性弱点智慧/output.mp4
[2025-07-19 14:57:55,697] [INFO] [logger:55] - 迁移视频 27: user6 -> test4
[2025-07-19 14:57:55,697] [WARNING] [logger:66] - 新路径不存在，跳过迁移视频 27: workstore/test4/达克效应之谜/output.mp4
[2025-07-19 14:57:55,697] [INFO] [logger:55] - 迁移视频 32: user6 -> test4
[2025-07-19 14:57:55,697] [WARNING] [logger:66] - 新路径不存在，跳过迁移视频 32: workstore/test4/《金刚经》第一品：法会因由分/output.mp4
[2025-07-19 14:57:55,697] [INFO] [logger:55] - 迁移视频 33: user6 -> test4
[2025-07-19 14:57:55,697] [WARNING] [logger:66] - 新路径不存在，跳过迁移视频 33: workstore/test4/《金刚经》第二品善现启请分/output.mp4
[2025-07-19 14:57:55,697] [INFO] [logger:55] - 迁移视频 34: user1 -> admin
[2025-07-19 14:57:55,697] [WARNING] [logger:66] - 新路径不存在，跳过迁移视频 34: workstore/admin/小红帽的森林奇遇/output.mp4
[2025-07-19 14:57:55,698] [INFO] [logger:55] - 迁移视频 35: user8 -> test9
[2025-07-19 14:57:55,698] [WARNING] [logger:66] - 新路径不存在，跳过迁移视频 35: workstore/test9/《金刚经》第五品 如理实见分/output.mp4
[2025-07-19 14:57:55,698] [INFO] [logger:55] - 迁移视频 36: user8 -> test9
[2025-07-19 14:57:55,698] [WARNING] [logger:66] - 新路径不存在，跳过迁移视频 36: workstore/test9/《金刚经》第六品 正信希有分/output.mp4
[2025-07-19 14:57:55,698] [INFO] [logger:55] - 迁移视频 37: user1 -> admin
[2025-07-19 14:57:55,698] [WARNING] [logger:66] - 新路径不存在，跳过迁移视频 37: workstore/admin/停止按钮背后的故事/output.mp4
[2025-07-19 14:57:55,699] [INFO] [logger:55] - 迁移视频 38: user1 -> admin
[2025-07-19 14:57:55,699] [WARNING] [logger:66] - 新路径不存在，跳过迁移视频 38: workstore/admin/《金刚经》第八品 依法出生分/output.mp4
[2025-07-19 14:57:55,700] [INFO] [logger:55] - 视频路径迁移完成，共迁移 0 个视频
[2025-07-19 14:57:55,703] [INFO] [logger:55] - 没有发现中断的任务
[2025-07-19 14:57:55,703] [INFO] [logger:55] - 任务恢复完成
[2025-07-19 14:57:55,703] [INFO] [logger:55] - 没有等待中的任务需要启动
[2025-07-19 14:57:55,703] [INFO] [logger:55] - 任务恢复检查完成
[2025-07-19 14:57:56,619] [INFO] [logger:55] - 正在检查并恢复中断的任务...
[2025-07-19 14:57:56,619] [INFO] [logger:55] - 检查服务器启动时是否有中断的任务需要恢复...
[2025-07-19 14:57:56,622] [INFO] [logger:55] - 开始迁移视频路径...
[2025-07-19 14:57:56,622] [INFO] [logger:55] - 迁移视频 13: user1 -> admin
[2025-07-19 14:57:56,622] [WARNING] [logger:66] - 新路径不存在，跳过迁移视频 13: workstore/admin/纳什均衡解析/output.mp4
[2025-07-19 14:57:56,622] [INFO] [logger:55] - 迁移视频 15: user1 -> admin
[2025-07-19 14:57:56,622] [WARNING] [logger:66] - 新路径不存在，跳过迁移视频 15: workstore/admin/白雪公主的童话/output.mp4
[2025-07-19 14:57:56,622] [INFO] [logger:55] - 迁移视频 18: user3 -> test2
[2025-07-19 14:57:56,623] [WARNING] [logger:66] - 新路径不存在，跳过迁移视频 18: workstore/test2/坚持的力量/output.mp4
[2025-07-19 14:57:56,623] [INFO] [logger:55] - 迁移视频 19: user6 -> test4
[2025-07-19 14:57:56,623] [WARNING] [logger:66] - 新路径不存在，跳过迁移视频 19: workstore/test4/白雪公主的故事/output.mp4
[2025-07-19 14:57:56,623] [INFO] [logger:55] - 迁移视频 26: user6 -> test4
[2025-07-19 14:57:56,623] [WARNING] [logger:66] - 新路径不存在，跳过迁移视频 26: workstore/test4/人性弱点智慧/output.mp4
[2025-07-19 14:57:56,623] [INFO] [logger:55] - 迁移视频 27: user6 -> test4
[2025-07-19 14:57:56,623] [WARNING] [logger:66] - 新路径不存在，跳过迁移视频 27: workstore/test4/达克效应之谜/output.mp4
[2025-07-19 14:57:56,623] [INFO] [logger:55] - 迁移视频 32: user6 -> test4
[2025-07-19 14:57:56,623] [WARNING] [logger:66] - 新路径不存在，跳过迁移视频 32: workstore/test4/《金刚经》第一品：法会因由分/output.mp4
[2025-07-19 14:57:56,623] [INFO] [logger:55] - 迁移视频 33: user6 -> test4
[2025-07-19 14:57:56,623] [WARNING] [logger:66] - 新路径不存在，跳过迁移视频 33: workstore/test4/《金刚经》第二品善现启请分/output.mp4
[2025-07-19 14:57:56,624] [INFO] [logger:55] - 迁移视频 34: user1 -> admin
[2025-07-19 14:57:56,624] [WARNING] [logger:66] - 新路径不存在，跳过迁移视频 34: workstore/admin/小红帽的森林奇遇/output.mp4
[2025-07-19 14:57:56,624] [INFO] [logger:55] - 迁移视频 35: user8 -> test9
[2025-07-19 14:57:56,624] [WARNING] [logger:66] - 新路径不存在，跳过迁移视频 35: workstore/test9/《金刚经》第五品 如理实见分/output.mp4
[2025-07-19 14:57:56,624] [INFO] [logger:55] - 迁移视频 36: user8 -> test9
[2025-07-19 14:57:56,624] [WARNING] [logger:66] - 新路径不存在，跳过迁移视频 36: workstore/test9/《金刚经》第六品 正信希有分/output.mp4
[2025-07-19 14:57:56,625] [INFO] [logger:55] - 迁移视频 37: user1 -> admin
[2025-07-19 14:57:56,625] [WARNING] [logger:66] - 新路径不存在，跳过迁移视频 37: workstore/admin/停止按钮背后的故事/output.mp4
[2025-07-19 14:57:56,625] [INFO] [logger:55] - 迁移视频 38: user1 -> admin
[2025-07-19 14:57:56,625] [WARNING] [logger:66] - 新路径不存在，跳过迁移视频 38: workstore/admin/《金刚经》第八品 依法出生分/output.mp4
[2025-07-19 14:57:56,627] [INFO] [logger:55] - 视频路径迁移完成，共迁移 0 个视频
[2025-07-19 14:57:56,628] [INFO] [logger:55] - 没有发现中断的任务
[2025-07-19 14:57:56,628] [INFO] [logger:55] - 任务恢复完成
[2025-07-19 14:57:56,628] [INFO] [logger:55] - 没有等待中的任务需要启动
[2025-07-19 14:57:56,628] [INFO] [logger:55] - 任务恢复检查完成
[2025-07-19 14:58:24,537] [INFO] [logger:55] - 用户 admin 查看我的视频页面，共 10 个视频
[2025-07-19 14:58:27,583] [INFO] [logger:55] - 用户 admin 查看我的视频页面，共 10 个视频
[2025-07-19 14:58:29,673] [INFO] [logger:55] - 用户 admin 查看我的视频页面，共 10 个视频
[2025-07-19 14:59:06,227] [INFO] [logger:55] - 用户 admin 生成视频扣除了 1 条额度，剩余 82 条
[2025-07-19 14:59:06,232] [INFO] [logger:55] - 用户 admin 的任务已加入队列，任务ID: 8
[2025-07-19 14:59:06,265] [INFO] [logger:55] - 开始处理用户 admin 的队列任务，任务ID: 8, 视频ID: 61
[2025-07-19 14:59:14,565] [INFO] [logger:55] - 用户 admin 生成视频扣除了 1 条额度，剩余 81 条
[2025-07-19 14:59:14,568] [INFO] [logger:55] - 用户 admin 的任务已加入队列，任务ID: 9
[2025-07-19 14:59:20,315] [INFO] [logger:55] - 开始处理用户 admin 的队列任务，任务ID: 9, 视频ID: 61
[2025-07-19 14:59:53,521] [INFO] [logger:55] - 用户 admin 查看我的视频页面，共 10 个视频
[2025-07-19 14:59:59,869] [INFO] [logger:55] - 用户 admin 查看我的视频页面，共 10 个视频
[2025-07-19 15:00:05,064] [INFO] [logger:55] - 用户 admin 查看我的视频页面，共 10 个视频
[2025-07-19 15:00:08,759] [ERROR] [logger:62] - 队列视频生成任务失败: 任务被用户主动取消
[2025-07-19 15:01:18,343] [INFO] [logger:55] - 用户 admin 查看我的视频页面，共 10 个视频
[2025-07-19 15:01:20,579] [INFO] [logger:55] - 用户 admin 查看我的视频页面，共 10 个视频
[2025-07-19 15:01:32,684] [INFO] [logger:55] - 用户 admin 查看我的视频页面，共 10 个视频
[2025-07-19 15:04:04,251] [INFO] [logger:55] - 用户 admin 查看我的视频页面，共 10 个视频
[2025-07-19 15:04:14,241] [INFO] [logger:55] - 用户 admin 生成视频扣除了 1 条额度，剩余 81 条
[2025-07-19 15:04:14,245] [INFO] [logger:55] - 用户 admin 的任务已加入队列，任务ID: 10
[2025-07-19 15:07:39,319] [INFO] [logger:55] - 更新视频路径: workstore/admin/小明的奇妙星期天/output.mp4
[2025-07-19 15:07:39,320] [INFO] [logger:55] - 更新封面路径: workstore/admin/小明的奇妙星期天/covers/cover_4:3.png
[2025-07-19 15:07:39,322] [INFO] [logger:55] - 队列任务完成，任务ID: 9, 视频ID: 61
[2025-07-19 15:07:39,326] [INFO] [logger:55] - 开始处理用户 admin 的队列任务，任务ID: 10, 视频ID: 62
[2025-07-19 21:14:39,232] [INFO] [logger:55] - 更新视频路径: workstore/admin/小花的星期一/output.mp4
[2025-07-19 21:14:39,232] [INFO] [logger:55] - 更新封面路径: workstore/admin/小花的星期一/covers/cover_4:3.png
[2025-07-19 21:14:39,236] [INFO] [logger:55] - 队列任务完成，任务ID: 10, 视频ID: 62
[2025-08-06 09:59:55,181] [INFO] [logger:55] - 正在检查并恢复中断的任务...
[2025-08-06 09:59:55,181] [INFO] [logger:55] - 检查服务器启动时是否有中断的任务需要恢复...
[2025-08-06 09:59:55,184] [INFO] [logger:55] - 开始迁移视频路径...
[2025-08-06 09:59:55,184] [INFO] [logger:55] - 迁移视频 13: user1 -> admin
[2025-08-06 09:59:55,184] [WARNING] [logger:66] - 新路径不存在，跳过迁移视频 13: workstore/admin/纳什均衡解析/output.mp4
[2025-08-06 09:59:55,185] [INFO] [logger:55] - 迁移视频 15: user1 -> admin
[2025-08-06 09:59:55,185] [WARNING] [logger:66] - 新路径不存在，跳过迁移视频 15: workstore/admin/白雪公主的童话/output.mp4
[2025-08-06 09:59:55,185] [INFO] [logger:55] - 迁移视频 18: user3 -> test2
[2025-08-06 09:59:55,185] [WARNING] [logger:66] - 新路径不存在，跳过迁移视频 18: workstore/test2/坚持的力量/output.mp4
[2025-08-06 09:59:55,185] [INFO] [logger:55] - 迁移视频 19: user6 -> test4
[2025-08-06 09:59:55,185] [WARNING] [logger:66] - 新路径不存在，跳过迁移视频 19: workstore/test4/白雪公主的故事/output.mp4
[2025-08-06 09:59:55,186] [INFO] [logger:55] - 迁移视频 26: user6 -> test4
[2025-08-06 09:59:55,186] [WARNING] [logger:66] - 新路径不存在，跳过迁移视频 26: workstore/test4/人性弱点智慧/output.mp4
[2025-08-06 09:59:55,186] [INFO] [logger:55] - 迁移视频 27: user6 -> test4
[2025-08-06 09:59:55,186] [WARNING] [logger:66] - 新路径不存在，跳过迁移视频 27: workstore/test4/达克效应之谜/output.mp4
[2025-08-06 09:59:55,186] [INFO] [logger:55] - 迁移视频 32: user6 -> test4
[2025-08-06 09:59:55,186] [WARNING] [logger:66] - 新路径不存在，跳过迁移视频 32: workstore/test4/《金刚经》第一品：法会因由分/output.mp4
[2025-08-06 09:59:55,186] [INFO] [logger:55] - 迁移视频 33: user6 -> test4
[2025-08-06 09:59:55,186] [WARNING] [logger:66] - 新路径不存在，跳过迁移视频 33: workstore/test4/《金刚经》第二品善现启请分/output.mp4
[2025-08-06 09:59:55,187] [INFO] [logger:55] - 迁移视频 34: user1 -> admin
[2025-08-06 09:59:55,187] [WARNING] [logger:66] - 新路径不存在，跳过迁移视频 34: workstore/admin/小红帽的森林奇遇/output.mp4
[2025-08-06 09:59:55,187] [INFO] [logger:55] - 迁移视频 35: user8 -> test9
[2025-08-06 09:59:55,187] [WARNING] [logger:66] - 新路径不存在，跳过迁移视频 35: workstore/test9/《金刚经》第五品 如理实见分/output.mp4
[2025-08-06 09:59:55,187] [INFO] [logger:55] - 迁移视频 36: user8 -> test9
[2025-08-06 09:59:55,187] [WARNING] [logger:66] - 新路径不存在，跳过迁移视频 36: workstore/test9/《金刚经》第六品 正信希有分/output.mp4
[2025-08-06 09:59:55,188] [INFO] [logger:55] - 迁移视频 37: user1 -> admin
[2025-08-06 09:59:55,188] [WARNING] [logger:66] - 新路径不存在，跳过迁移视频 37: workstore/admin/停止按钮背后的故事/output.mp4
[2025-08-06 09:59:55,188] [INFO] [logger:55] - 迁移视频 38: user1 -> admin
[2025-08-06 09:59:55,188] [WARNING] [logger:66] - 新路径不存在，跳过迁移视频 38: workstore/admin/《金刚经》第八品 依法出生分/output.mp4
[2025-08-06 09:59:55,190] [INFO] [logger:55] - 视频路径迁移完成，共迁移 0 个视频
[2025-08-06 09:59:55,191] [INFO] [logger:55] - 没有发现中断的任务
[2025-08-06 09:59:55,191] [INFO] [logger:55] - 任务恢复完成
[2025-08-06 09:59:55,191] [INFO] [logger:55] - 没有等待中的任务需要启动
[2025-08-06 09:59:55,191] [INFO] [logger:55] - 任务恢复检查完成
[2025-08-06 09:59:56,351] [INFO] [logger:55] - 正在检查并恢复中断的任务...
[2025-08-06 09:59:56,351] [INFO] [logger:55] - 检查服务器启动时是否有中断的任务需要恢复...
[2025-08-06 09:59:56,356] [INFO] [logger:55] - 开始迁移视频路径...
[2025-08-06 09:59:56,356] [INFO] [logger:55] - 迁移视频 13: user1 -> admin
[2025-08-06 09:59:56,356] [WARNING] [logger:66] - 新路径不存在，跳过迁移视频 13: workstore/admin/纳什均衡解析/output.mp4
[2025-08-06 09:59:56,357] [INFO] [logger:55] - 迁移视频 15: user1 -> admin
[2025-08-06 09:59:56,357] [WARNING] [logger:66] - 新路径不存在，跳过迁移视频 15: workstore/admin/白雪公主的童话/output.mp4
[2025-08-06 09:59:56,357] [INFO] [logger:55] - 迁移视频 18: user3 -> test2
[2025-08-06 09:59:56,357] [WARNING] [logger:66] - 新路径不存在，跳过迁移视频 18: workstore/test2/坚持的力量/output.mp4
[2025-08-06 09:59:56,357] [INFO] [logger:55] - 迁移视频 19: user6 -> test4
[2025-08-06 09:59:56,357] [WARNING] [logger:66] - 新路径不存在，跳过迁移视频 19: workstore/test4/白雪公主的故事/output.mp4
[2025-08-06 09:59:56,358] [INFO] [logger:55] - 迁移视频 26: user6 -> test4
[2025-08-06 09:59:56,358] [WARNING] [logger:66] - 新路径不存在，跳过迁移视频 26: workstore/test4/人性弱点智慧/output.mp4
[2025-08-06 09:59:56,358] [INFO] [logger:55] - 迁移视频 27: user6 -> test4
[2025-08-06 09:59:56,358] [WARNING] [logger:66] - 新路径不存在，跳过迁移视频 27: workstore/test4/达克效应之谜/output.mp4
[2025-08-06 09:59:56,358] [INFO] [logger:55] - 迁移视频 32: user6 -> test4
[2025-08-06 09:59:56,358] [WARNING] [logger:66] - 新路径不存在，跳过迁移视频 32: workstore/test4/《金刚经》第一品：法会因由分/output.mp4
[2025-08-06 09:59:56,358] [INFO] [logger:55] - 迁移视频 33: user6 -> test4
[2025-08-06 09:59:56,358] [WARNING] [logger:66] - 新路径不存在，跳过迁移视频 33: workstore/test4/《金刚经》第二品善现启请分/output.mp4
[2025-08-06 09:59:56,358] [INFO] [logger:55] - 迁移视频 34: user1 -> admin
[2025-08-06 09:59:56,358] [WARNING] [logger:66] - 新路径不存在，跳过迁移视频 34: workstore/admin/小红帽的森林奇遇/output.mp4
[2025-08-06 09:59:56,359] [INFO] [logger:55] - 迁移视频 35: user8 -> test9
[2025-08-06 09:59:56,359] [WARNING] [logger:66] - 新路径不存在，跳过迁移视频 35: workstore/test9/《金刚经》第五品 如理实见分/output.mp4
[2025-08-06 09:59:56,359] [INFO] [logger:55] - 迁移视频 36: user8 -> test9
[2025-08-06 09:59:56,359] [WARNING] [logger:66] - 新路径不存在，跳过迁移视频 36: workstore/test9/《金刚经》第六品 正信希有分/output.mp4
[2025-08-06 09:59:56,359] [INFO] [logger:55] - 迁移视频 37: user1 -> admin
[2025-08-06 09:59:56,359] [WARNING] [logger:66] - 新路径不存在，跳过迁移视频 37: workstore/admin/停止按钮背后的故事/output.mp4
[2025-08-06 09:59:56,360] [INFO] [logger:55] - 迁移视频 38: user1 -> admin
[2025-08-06 09:59:56,360] [WARNING] [logger:66] - 新路径不存在，跳过迁移视频 38: workstore/admin/《金刚经》第八品 依法出生分/output.mp4
[2025-08-06 09:59:56,362] [INFO] [logger:55] - 视频路径迁移完成，共迁移 0 个视频
[2025-08-06 09:59:56,364] [INFO] [logger:55] - 没有发现中断的任务
[2025-08-06 09:59:56,364] [INFO] [logger:55] - 任务恢复完成
[2025-08-06 09:59:56,364] [INFO] [logger:55] - 没有等待中的任务需要启动
[2025-08-06 09:59:56,364] [INFO] [logger:55] - 任务恢复检查完成
[2025-08-06 10:03:21,142] [INFO] [logger:55] - 用户 admin 生成视频扣除了 1 条额度，剩余 80 条
[2025-08-06 10:03:21,146] [INFO] [logger:55] - 用户 admin 的任务已加入队列，任务ID: 11
[2025-08-06 10:03:21,172] [INFO] [logger:55] - 开始处理用户 admin 的队列任务，任务ID: 11, 视频ID: 63
[2025-08-06 10:10:40,345] [INFO] [logger:55] - 更新视频路径: workstore/admin/解读《庄子》内篇·德充符/output.mp4
[2025-08-06 10:10:40,346] [INFO] [logger:55] - 更新封面路径: workstore/admin/解读《庄子》内篇·德充符/covers/cover_4:3.png
[2025-08-06 10:10:40,353] [INFO] [logger:55] - 队列任务完成，任务ID: 11, 视频ID: 63
[2025-08-06 10:10:50,344] [INFO] [logger:55] - 用户 admin 查看我的视频页面，共 10 个视频
[2025-08-06 10:10:50,954] [INFO] [app:2539] - 请求 workstore 文件: admin/小花的星期一/covers/cover_4:3.png
[2025-08-06 10:10:50,955] [INFO] [app:2539] - 请求 workstore 文件: admin/解读《庄子》内篇·德充符/covers/cover_4:3.png
[2025-08-06 10:10:50,975] [INFO] [app:2539] - 请求 workstore 文件: admin/小明的奇妙星期天/covers/cover_4:3.png
[2025-08-06 10:10:54,807] [INFO] [app:2457] - 用户 1 请求下载视频 63, 路径: workstore/admin/解读《庄子》内篇·德充符/output.mp4
[2025-08-06 10:10:54,807] [INFO] [app:2484] - 解析的基础目录: workstore/admin/解读《庄子》内篇·德充符
[2025-08-06 10:10:55,483] [INFO] [app:2498] - 已添加视频文件到ZIP: workstore/admin/解读《庄子》内篇·德充符/output.mp4
[2025-08-06 10:10:55,502] [INFO] [app:2510] - 已添加封面文件到ZIP: workstore/admin/解读《庄子》内篇·德充符/covers/cover_3:4.png
[2025-08-06 10:10:55,522] [INFO] [app:2510] - 已添加封面文件到ZIP: workstore/admin/解读《庄子》内篇·德充符/covers/cover_4:3.png
[2025-08-06 10:10:55,522] [INFO] [app:2519] - 开始下载，文件名: video_63_20250806101055.zip
[2025-08-06 10:42:12,282] [INFO] [logger:55] - 正在检查并恢复中断的任务...
[2025-08-06 10:42:12,282] [INFO] [logger:55] - 检查服务器启动时是否有中断的任务需要恢复...
[2025-08-06 10:42:12,285] [INFO] [logger:55] - 开始迁移视频路径...
[2025-08-06 10:42:12,285] [INFO] [logger:55] - 迁移视频 13: user1 -> admin
[2025-08-06 10:42:12,285] [WARNING] [logger:66] - 新路径不存在，跳过迁移视频 13: workstore/admin/纳什均衡解析/output.mp4
[2025-08-06 10:42:12,286] [INFO] [logger:55] - 迁移视频 15: user1 -> admin
[2025-08-06 10:42:12,286] [WARNING] [logger:66] - 新路径不存在，跳过迁移视频 15: workstore/admin/白雪公主的童话/output.mp4
[2025-08-06 10:42:12,286] [INFO] [logger:55] - 迁移视频 18: user3 -> test2
[2025-08-06 10:42:12,286] [WARNING] [logger:66] - 新路径不存在，跳过迁移视频 18: workstore/test2/坚持的力量/output.mp4
[2025-08-06 10:42:12,286] [INFO] [logger:55] - 迁移视频 19: user6 -> test4
[2025-08-06 10:42:12,287] [WARNING] [logger:66] - 新路径不存在，跳过迁移视频 19: workstore/test4/白雪公主的故事/output.mp4
[2025-08-06 10:42:12,287] [INFO] [logger:55] - 迁移视频 26: user6 -> test4
[2025-08-06 10:42:12,287] [WARNING] [logger:66] - 新路径不存在，跳过迁移视频 26: workstore/test4/人性弱点智慧/output.mp4
[2025-08-06 10:42:12,287] [INFO] [logger:55] - 迁移视频 27: user6 -> test4
[2025-08-06 10:42:12,287] [WARNING] [logger:66] - 新路径不存在，跳过迁移视频 27: workstore/test4/达克效应之谜/output.mp4
[2025-08-06 10:42:12,287] [INFO] [logger:55] - 迁移视频 32: user6 -> test4
[2025-08-06 10:42:12,287] [WARNING] [logger:66] - 新路径不存在，跳过迁移视频 32: workstore/test4/《金刚经》第一品：法会因由分/output.mp4
[2025-08-06 10:42:12,287] [INFO] [logger:55] - 迁移视频 33: user6 -> test4
[2025-08-06 10:42:12,287] [WARNING] [logger:66] - 新路径不存在，跳过迁移视频 33: workstore/test4/《金刚经》第二品善现启请分/output.mp4
[2025-08-06 10:42:12,288] [INFO] [logger:55] - 迁移视频 34: user1 -> admin
[2025-08-06 10:42:12,288] [WARNING] [logger:66] - 新路径不存在，跳过迁移视频 34: workstore/admin/小红帽的森林奇遇/output.mp4
[2025-08-06 10:42:12,288] [INFO] [logger:55] - 迁移视频 35: user8 -> test9
[2025-08-06 10:42:12,288] [WARNING] [logger:66] - 新路径不存在，跳过迁移视频 35: workstore/test9/《金刚经》第五品 如理实见分/output.mp4
[2025-08-06 10:42:12,288] [INFO] [logger:55] - 迁移视频 36: user8 -> test9
[2025-08-06 10:42:12,288] [WARNING] [logger:66] - 新路径不存在，跳过迁移视频 36: workstore/test9/《金刚经》第六品 正信希有分/output.mp4
[2025-08-06 10:42:12,288] [INFO] [logger:55] - 迁移视频 37: user1 -> admin
[2025-08-06 10:42:12,288] [WARNING] [logger:66] - 新路径不存在，跳过迁移视频 37: workstore/admin/停止按钮背后的故事/output.mp4
[2025-08-06 10:42:12,288] [INFO] [logger:55] - 迁移视频 38: user1 -> admin
[2025-08-06 10:42:12,289] [WARNING] [logger:66] - 新路径不存在，跳过迁移视频 38: workstore/admin/《金刚经》第八品 依法出生分/output.mp4
[2025-08-06 10:42:12,291] [INFO] [logger:55] - 视频路径迁移完成，共迁移 0 个视频
[2025-08-06 10:42:12,293] [INFO] [logger:55] - 没有发现中断的任务
[2025-08-06 10:42:12,293] [INFO] [logger:55] - 任务恢复完成
[2025-08-06 10:42:12,293] [INFO] [logger:55] - 没有等待中的任务需要启动
[2025-08-06 10:42:12,293] [INFO] [logger:55] - 任务恢复检查完成
[2025-08-06 10:42:13,179] [INFO] [logger:55] - 正在检查并恢复中断的任务...
[2025-08-06 10:42:13,179] [INFO] [logger:55] - 检查服务器启动时是否有中断的任务需要恢复...
[2025-08-06 10:42:13,182] [INFO] [logger:55] - 开始迁移视频路径...
[2025-08-06 10:42:13,182] [INFO] [logger:55] - 迁移视频 13: user1 -> admin
[2025-08-06 10:42:13,182] [WARNING] [logger:66] - 新路径不存在，跳过迁移视频 13: workstore/admin/纳什均衡解析/output.mp4
[2025-08-06 10:42:13,182] [INFO] [logger:55] - 迁移视频 15: user1 -> admin
[2025-08-06 10:42:13,182] [WARNING] [logger:66] - 新路径不存在，跳过迁移视频 15: workstore/admin/白雪公主的童话/output.mp4
[2025-08-06 10:42:13,182] [INFO] [logger:55] - 迁移视频 18: user3 -> test2
[2025-08-06 10:42:13,182] [WARNING] [logger:66] - 新路径不存在，跳过迁移视频 18: workstore/test2/坚持的力量/output.mp4
[2025-08-06 10:42:13,183] [INFO] [logger:55] - 迁移视频 19: user6 -> test4
[2025-08-06 10:42:13,183] [WARNING] [logger:66] - 新路径不存在，跳过迁移视频 19: workstore/test4/白雪公主的故事/output.mp4
[2025-08-06 10:42:13,183] [INFO] [logger:55] - 迁移视频 26: user6 -> test4
[2025-08-06 10:42:13,183] [WARNING] [logger:66] - 新路径不存在，跳过迁移视频 26: workstore/test4/人性弱点智慧/output.mp4
[2025-08-06 10:42:13,183] [INFO] [logger:55] - 迁移视频 27: user6 -> test4
[2025-08-06 10:42:13,183] [WARNING] [logger:66] - 新路径不存在，跳过迁移视频 27: workstore/test4/达克效应之谜/output.mp4
[2025-08-06 10:42:13,183] [INFO] [logger:55] - 迁移视频 32: user6 -> test4
[2025-08-06 10:42:13,183] [WARNING] [logger:66] - 新路径不存在，跳过迁移视频 32: workstore/test4/《金刚经》第一品：法会因由分/output.mp4
[2025-08-06 10:42:13,183] [INFO] [logger:55] - 迁移视频 33: user6 -> test4
[2025-08-06 10:42:13,183] [WARNING] [logger:66] - 新路径不存在，跳过迁移视频 33: workstore/test4/《金刚经》第二品善现启请分/output.mp4
[2025-08-06 10:42:13,184] [INFO] [logger:55] - 迁移视频 34: user1 -> admin
[2025-08-06 10:42:13,184] [WARNING] [logger:66] - 新路径不存在，跳过迁移视频 34: workstore/admin/小红帽的森林奇遇/output.mp4
[2025-08-06 10:42:13,184] [INFO] [logger:55] - 迁移视频 35: user8 -> test9
[2025-08-06 10:42:13,184] [WARNING] [logger:66] - 新路径不存在，跳过迁移视频 35: workstore/test9/《金刚经》第五品 如理实见分/output.mp4
[2025-08-06 10:42:13,184] [INFO] [logger:55] - 迁移视频 36: user8 -> test9
[2025-08-06 10:42:13,184] [WARNING] [logger:66] - 新路径不存在，跳过迁移视频 36: workstore/test9/《金刚经》第六品 正信希有分/output.mp4
[2025-08-06 10:42:13,185] [INFO] [logger:55] - 迁移视频 37: user1 -> admin
[2025-08-06 10:42:13,185] [WARNING] [logger:66] - 新路径不存在，跳过迁移视频 37: workstore/admin/停止按钮背后的故事/output.mp4
[2025-08-06 10:42:13,185] [INFO] [logger:55] - 迁移视频 38: user1 -> admin
[2025-08-06 10:42:13,185] [WARNING] [logger:66] - 新路径不存在，跳过迁移视频 38: workstore/admin/《金刚经》第八品 依法出生分/output.mp4
[2025-08-06 10:42:13,187] [INFO] [logger:55] - 视频路径迁移完成，共迁移 0 个视频
[2025-08-06 10:42:13,188] [INFO] [logger:55] - 没有发现中断的任务
[2025-08-06 10:42:13,189] [INFO] [logger:55] - 任务恢复完成
[2025-08-06 10:42:13,189] [INFO] [logger:55] - 没有等待中的任务需要启动
[2025-08-06 10:42:13,189] [INFO] [logger:55] - 任务恢复检查完成
[2025-08-06 10:45:20,592] [INFO] [logger:55] - 用户 admin 生成视频扣除了 1 条额度，剩余 79 条
[2025-08-06 10:45:20,597] [INFO] [logger:55] - 用户 admin 的任务已加入队列，任务ID: 12
[2025-08-06 10:45:20,622] [INFO] [logger:55] - 开始处理用户 admin 的队列任务，任务ID: 12, 视频ID: 64
[2025-08-06 10:50:56,973] [INFO] [logger:55] - 更新视频路径: workstore/admin/解读《庄子》内篇·应帝王/output.mp4
[2025-08-06 10:50:56,973] [INFO] [logger:55] - 更新封面路径: workstore/admin/解读《庄子》内篇·应帝王/covers/cover_4:3.png
[2025-08-06 10:50:56,978] [INFO] [logger:55] - 队列任务完成，任务ID: 12, 视频ID: 64
[2025-08-06 10:59:17,406] [INFO] [logger:55] - 用户 admin 查看我的视频页面，共 10 个视频
[2025-08-06 10:59:17,951] [INFO] [app:2539] - 请求 workstore 文件: admin/解读《庄子》内篇·应帝王/covers/cover_4:3.png
[2025-08-06 10:59:17,952] [INFO] [app:2539] - 请求 workstore 文件: admin/解读《庄子》内篇·德充符/covers/cover_4:3.png
[2025-08-06 10:59:17,969] [INFO] [app:2539] - 请求 workstore 文件: admin/小花的星期一/covers/cover_4:3.png
[2025-08-06 10:59:17,970] [INFO] [app:2539] - 请求 workstore 文件: admin/小明的奇妙星期天/covers/cover_4:3.png
[2025-08-06 10:59:20,162] [INFO] [app:2457] - 用户 1 请求下载视频 64, 路径: workstore/admin/解读《庄子》内篇·应帝王/output.mp4
[2025-08-06 10:59:20,163] [INFO] [app:2484] - 解析的基础目录: workstore/admin/解读《庄子》内篇·应帝王
[2025-08-06 10:59:21,467] [INFO] [app:2498] - 已添加视频文件到ZIP: workstore/admin/解读《庄子》内篇·应帝王/output.mp4
[2025-08-06 10:59:21,511] [INFO] [app:2510] - 已添加封面文件到ZIP: workstore/admin/解读《庄子》内篇·应帝王/covers/cover_3:4.png
[2025-08-06 10:59:21,550] [INFO] [app:2510] - 已添加封面文件到ZIP: workstore/admin/解读《庄子》内篇·应帝王/covers/cover_4:3.png
[2025-08-06 10:59:21,550] [INFO] [app:2519] - 开始下载，文件名: video_64_20250806105921.zip
[2025-08-06 11:10:43,949] [INFO] [logger:55] - 正在检查并恢复中断的任务...
[2025-08-06 11:10:43,949] [INFO] [logger:55] - 检查服务器启动时是否有中断的任务需要恢复...
[2025-08-06 11:10:43,953] [INFO] [logger:55] - 开始迁移视频路径...
[2025-08-06 11:10:43,953] [INFO] [logger:55] - 迁移视频 13: user1 -> admin
[2025-08-06 11:10:43,953] [WARNING] [logger:66] - 新路径不存在，跳过迁移视频 13: workstore/admin/纳什均衡解析/output.mp4
[2025-08-06 11:10:43,953] [INFO] [logger:55] - 迁移视频 15: user1 -> admin
[2025-08-06 11:10:43,953] [WARNING] [logger:66] - 新路径不存在，跳过迁移视频 15: workstore/admin/白雪公主的童话/output.mp4
[2025-08-06 11:10:43,954] [INFO] [logger:55] - 迁移视频 18: user3 -> test2
[2025-08-06 11:10:43,954] [WARNING] [logger:66] - 新路径不存在，跳过迁移视频 18: workstore/test2/坚持的力量/output.mp4
[2025-08-06 11:10:43,954] [INFO] [logger:55] - 迁移视频 19: user6 -> test4
[2025-08-06 11:10:43,954] [WARNING] [logger:66] - 新路径不存在，跳过迁移视频 19: workstore/test4/白雪公主的故事/output.mp4
[2025-08-06 11:10:43,954] [INFO] [logger:55] - 迁移视频 26: user6 -> test4
[2025-08-06 11:10:43,954] [WARNING] [logger:66] - 新路径不存在，跳过迁移视频 26: workstore/test4/人性弱点智慧/output.mp4
[2025-08-06 11:10:43,954] [INFO] [logger:55] - 迁移视频 27: user6 -> test4
[2025-08-06 11:10:43,955] [WARNING] [logger:66] - 新路径不存在，跳过迁移视频 27: workstore/test4/达克效应之谜/output.mp4
[2025-08-06 11:10:43,955] [INFO] [logger:55] - 迁移视频 32: user6 -> test4
[2025-08-06 11:10:43,955] [WARNING] [logger:66] - 新路径不存在，跳过迁移视频 32: workstore/test4/《金刚经》第一品：法会因由分/output.mp4
[2025-08-06 11:10:43,955] [INFO] [logger:55] - 迁移视频 33: user6 -> test4
[2025-08-06 11:10:43,955] [WARNING] [logger:66] - 新路径不存在，跳过迁移视频 33: workstore/test4/《金刚经》第二品善现启请分/output.mp4
[2025-08-06 11:10:43,955] [INFO] [logger:55] - 迁移视频 34: user1 -> admin
[2025-08-06 11:10:43,955] [WARNING] [logger:66] - 新路径不存在，跳过迁移视频 34: workstore/admin/小红帽的森林奇遇/output.mp4
[2025-08-06 11:10:43,955] [INFO] [logger:55] - 迁移视频 35: user8 -> test9
[2025-08-06 11:10:43,955] [WARNING] [logger:66] - 新路径不存在，跳过迁移视频 35: workstore/test9/《金刚经》第五品 如理实见分/output.mp4
[2025-08-06 11:10:43,956] [INFO] [logger:55] - 迁移视频 36: user8 -> test9
[2025-08-06 11:10:43,956] [WARNING] [logger:66] - 新路径不存在，跳过迁移视频 36: workstore/test9/《金刚经》第六品 正信希有分/output.mp4
[2025-08-06 11:10:43,956] [INFO] [logger:55] - 迁移视频 37: user1 -> admin
[2025-08-06 11:10:43,956] [WARNING] [logger:66] - 新路径不存在，跳过迁移视频 37: workstore/admin/停止按钮背后的故事/output.mp4
[2025-08-06 11:10:43,956] [INFO] [logger:55] - 迁移视频 38: user1 -> admin
[2025-08-06 11:10:43,956] [WARNING] [logger:66] - 新路径不存在，跳过迁移视频 38: workstore/admin/《金刚经》第八品 依法出生分/output.mp4
[2025-08-06 11:10:43,958] [INFO] [logger:55] - 视频路径迁移完成，共迁移 0 个视频
[2025-08-06 11:10:43,959] [INFO] [logger:55] - 没有发现中断的任务
[2025-08-06 11:10:43,959] [INFO] [logger:55] - 任务恢复完成
[2025-08-06 11:10:43,959] [INFO] [logger:55] - 没有等待中的任务需要启动
[2025-08-06 11:10:43,960] [INFO] [logger:55] - 任务恢复检查完成
[2025-08-06 11:11:08,009] [INFO] [logger:55] - 正在检查并恢复中断的任务...
[2025-08-06 11:11:08,010] [INFO] [logger:55] - 检查服务器启动时是否有中断的任务需要恢复...
[2025-08-06 11:11:08,013] [INFO] [logger:55] - 开始迁移视频路径...
[2025-08-06 11:11:08,013] [INFO] [logger:55] - 迁移视频 13: user1 -> admin
[2025-08-06 11:11:08,013] [WARNING] [logger:66] - 新路径不存在，跳过迁移视频 13: workstore/admin/纳什均衡解析/output.mp4
[2025-08-06 11:11:08,013] [INFO] [logger:55] - 迁移视频 15: user1 -> admin
[2025-08-06 11:11:08,013] [WARNING] [logger:66] - 新路径不存在，跳过迁移视频 15: workstore/admin/白雪公主的童话/output.mp4
[2025-08-06 11:11:08,014] [INFO] [logger:55] - 迁移视频 18: user3 -> test2
[2025-08-06 11:11:08,014] [WARNING] [logger:66] - 新路径不存在，跳过迁移视频 18: workstore/test2/坚持的力量/output.mp4
[2025-08-06 11:11:08,014] [INFO] [logger:55] - 迁移视频 19: user6 -> test4
[2025-08-06 11:11:08,014] [WARNING] [logger:66] - 新路径不存在，跳过迁移视频 19: workstore/test4/白雪公主的故事/output.mp4
[2025-08-06 11:11:08,014] [INFO] [logger:55] - 迁移视频 26: user6 -> test4
[2025-08-06 11:11:08,014] [WARNING] [logger:66] - 新路径不存在，跳过迁移视频 26: workstore/test4/人性弱点智慧/output.mp4
[2025-08-06 11:11:08,014] [INFO] [logger:55] - 迁移视频 27: user6 -> test4
[2025-08-06 11:11:08,014] [WARNING] [logger:66] - 新路径不存在，跳过迁移视频 27: workstore/test4/达克效应之谜/output.mp4
[2025-08-06 11:11:08,014] [INFO] [logger:55] - 迁移视频 32: user6 -> test4
[2025-08-06 11:11:08,014] [WARNING] [logger:66] - 新路径不存在，跳过迁移视频 32: workstore/test4/《金刚经》第一品：法会因由分/output.mp4
[2025-08-06 11:11:08,014] [INFO] [logger:55] - 迁移视频 33: user6 -> test4
[2025-08-06 11:11:08,014] [WARNING] [logger:66] - 新路径不存在，跳过迁移视频 33: workstore/test4/《金刚经》第二品善现启请分/output.mp4
[2025-08-06 11:11:08,015] [INFO] [logger:55] - 迁移视频 34: user1 -> admin
[2025-08-06 11:11:08,015] [WARNING] [logger:66] - 新路径不存在，跳过迁移视频 34: workstore/admin/小红帽的森林奇遇/output.mp4
[2025-08-06 11:11:08,015] [INFO] [logger:55] - 迁移视频 35: user8 -> test9
[2025-08-06 11:11:08,015] [WARNING] [logger:66] - 新路径不存在，跳过迁移视频 35: workstore/test9/《金刚经》第五品 如理实见分/output.mp4
[2025-08-06 11:11:08,015] [INFO] [logger:55] - 迁移视频 36: user8 -> test9
[2025-08-06 11:11:08,016] [WARNING] [logger:66] - 新路径不存在，跳过迁移视频 36: workstore/test9/《金刚经》第六品 正信希有分/output.mp4
[2025-08-06 11:11:08,017] [INFO] [logger:55] - 迁移视频 37: user1 -> admin
[2025-08-06 11:11:08,017] [WARNING] [logger:66] - 新路径不存在，跳过迁移视频 37: workstore/admin/停止按钮背后的故事/output.mp4
[2025-08-06 11:11:08,017] [INFO] [logger:55] - 迁移视频 38: user1 -> admin
[2025-08-06 11:11:08,017] [WARNING] [logger:66] - 新路径不存在，跳过迁移视频 38: workstore/admin/《金刚经》第八品 依法出生分/output.mp4
[2025-08-06 11:11:08,019] [INFO] [logger:55] - 视频路径迁移完成，共迁移 0 个视频
[2025-08-06 11:11:08,021] [INFO] [logger:55] - 没有发现中断的任务
[2025-08-06 11:11:08,021] [INFO] [logger:55] - 任务恢复完成
[2025-08-06 11:11:08,021] [INFO] [logger:55] - 没有等待中的任务需要启动
[2025-08-06 11:11:08,021] [INFO] [logger:55] - 任务恢复检查完成
[2025-08-06 11:11:08,876] [INFO] [logger:55] - 正在检查并恢复中断的任务...
[2025-08-06 11:11:08,876] [INFO] [logger:55] - 检查服务器启动时是否有中断的任务需要恢复...
[2025-08-06 11:11:08,878] [INFO] [logger:55] - 开始迁移视频路径...
[2025-08-06 11:11:08,879] [INFO] [logger:55] - 迁移视频 13: user1 -> admin
[2025-08-06 11:11:08,879] [WARNING] [logger:66] - 新路径不存在，跳过迁移视频 13: workstore/admin/纳什均衡解析/output.mp4
[2025-08-06 11:11:08,879] [INFO] [logger:55] - 迁移视频 15: user1 -> admin
[2025-08-06 11:11:08,879] [WARNING] [logger:66] - 新路径不存在，跳过迁移视频 15: workstore/admin/白雪公主的童话/output.mp4
[2025-08-06 11:11:08,879] [INFO] [logger:55] - 迁移视频 18: user3 -> test2
[2025-08-06 11:11:08,879] [WARNING] [logger:66] - 新路径不存在，跳过迁移视频 18: workstore/test2/坚持的力量/output.mp4
[2025-08-06 11:11:08,879] [INFO] [logger:55] - 迁移视频 19: user6 -> test4
[2025-08-06 11:11:08,879] [WARNING] [logger:66] - 新路径不存在，跳过迁移视频 19: workstore/test4/白雪公主的故事/output.mp4
[2025-08-06 11:11:08,880] [INFO] [logger:55] - 迁移视频 26: user6 -> test4
[2025-08-06 11:11:08,880] [WARNING] [logger:66] - 新路径不存在，跳过迁移视频 26: workstore/test4/人性弱点智慧/output.mp4
[2025-08-06 11:11:08,880] [INFO] [logger:55] - 迁移视频 27: user6 -> test4
[2025-08-06 11:11:08,880] [WARNING] [logger:66] - 新路径不存在，跳过迁移视频 27: workstore/test4/达克效应之谜/output.mp4
[2025-08-06 11:11:08,880] [INFO] [logger:55] - 迁移视频 32: user6 -> test4
[2025-08-06 11:11:08,880] [WARNING] [logger:66] - 新路径不存在，跳过迁移视频 32: workstore/test4/《金刚经》第一品：法会因由分/output.mp4
[2025-08-06 11:11:08,880] [INFO] [logger:55] - 迁移视频 33: user6 -> test4
[2025-08-06 11:11:08,880] [WARNING] [logger:66] - 新路径不存在，跳过迁移视频 33: workstore/test4/《金刚经》第二品善现启请分/output.mp4
[2025-08-06 11:11:08,880] [INFO] [logger:55] - 迁移视频 34: user1 -> admin
[2025-08-06 11:11:08,880] [WARNING] [logger:66] - 新路径不存在，跳过迁移视频 34: workstore/admin/小红帽的森林奇遇/output.mp4
[2025-08-06 11:11:08,881] [INFO] [logger:55] - 迁移视频 35: user8 -> test9
[2025-08-06 11:11:08,881] [WARNING] [logger:66] - 新路径不存在，跳过迁移视频 35: workstore/test9/《金刚经》第五品 如理实见分/output.mp4
[2025-08-06 11:11:08,881] [INFO] [logger:55] - 迁移视频 36: user8 -> test9
[2025-08-06 11:11:08,881] [WARNING] [logger:66] - 新路径不存在，跳过迁移视频 36: workstore/test9/《金刚经》第六品 正信希有分/output.mp4
[2025-08-06 11:11:08,881] [INFO] [logger:55] - 迁移视频 37: user1 -> admin
[2025-08-06 11:11:08,881] [WARNING] [logger:66] - 新路径不存在，跳过迁移视频 37: workstore/admin/停止按钮背后的故事/output.mp4
[2025-08-06 11:11:08,881] [INFO] [logger:55] - 迁移视频 38: user1 -> admin
[2025-08-06 11:11:08,881] [WARNING] [logger:66] - 新路径不存在，跳过迁移视频 38: workstore/admin/《金刚经》第八品 依法出生分/output.mp4
[2025-08-06 11:11:08,884] [INFO] [logger:55] - 视频路径迁移完成，共迁移 0 个视频
[2025-08-06 11:11:08,885] [INFO] [logger:55] - 没有发现中断的任务
[2025-08-06 11:11:08,885] [INFO] [logger:55] - 任务恢复完成
[2025-08-06 11:11:08,885] [INFO] [logger:55] - 没有等待中的任务需要启动
[2025-08-06 11:11:08,885] [INFO] [logger:55] - 任务恢复检查完成
[2025-08-06 11:12:39,074] [INFO] [logger:55] - 用户 admin 生成视频扣除了 1 条额度，剩余 78 条
[2025-08-06 11:12:39,077] [INFO] [logger:55] - 用户 admin 的任务已加入队列，任务ID: 13
[2025-08-06 11:12:39,158] [INFO] [logger:55] - 开始处理用户 admin 的队列任务，任务ID: 13, 视频ID: 65
[2025-08-06 11:13:31,875] [INFO] [logger:55] - 用户 admin 生成视频扣除了 1 条额度，剩余 77 条
[2025-08-06 11:13:31,881] [INFO] [logger:55] - 用户 admin 的任务已加入队列，任务ID: 14
[2025-08-06 11:20:44,321] [INFO] [logger:55] - 更新视频路径: workstore/admin/解读《庄子》内篇·应帝王/output.mp4
[2025-08-06 11:20:44,321] [INFO] [logger:55] - 更新封面路径: workstore/admin/解读《庄子》内篇·应帝王/covers/cover_4:3.png
[2025-08-06 11:20:44,326] [INFO] [logger:55] - 队列任务完成，任务ID: 13, 视频ID: 65
[2025-08-06 11:20:44,330] [INFO] [logger:55] - 开始处理用户 admin 的队列任务，任务ID: 14, 视频ID: 66
[2025-08-06 11:22:16,126] [INFO] [logger:55] - 用户 admin 查看我的视频页面，共 10 个视频
[2025-08-06 11:22:16,376] [INFO] [app:2539] - 请求 workstore 文件: admin/解读《庄子》内篇·应帝王/covers/cover_4:3.png
[2025-08-06 11:22:16,377] [INFO] [app:2539] - 请求 workstore 文件: admin/解读《庄子》内篇·德充符/covers/cover_4:3.png
[2025-08-06 11:22:16,378] [INFO] [app:2539] - 请求 workstore 文件: admin/小花的星期一/covers/cover_4:3.png
[2025-08-06 11:22:16,378] [INFO] [app:2539] - 请求 workstore 文件: admin/小明的奇妙星期天/covers/cover_4:3.png
[2025-08-06 11:22:33,277] [INFO] [app:2457] - 用户 1 请求下载视频 65, 路径: workstore/admin/解读《庄子》内篇·应帝王/output.mp4
[2025-08-06 11:22:33,278] [INFO] [app:2484] - 解析的基础目录: workstore/admin/解读《庄子》内篇·应帝王
[2025-08-06 11:22:33,943] [INFO] [app:2498] - 已添加视频文件到ZIP: workstore/admin/解读《庄子》内篇·应帝王/output.mp4
[2025-08-06 11:22:33,977] [INFO] [app:2510] - 已添加封面文件到ZIP: workstore/admin/解读《庄子》内篇·应帝王/covers/cover_3:4.png
[2025-08-06 11:22:34,006] [INFO] [app:2510] - 已添加封面文件到ZIP: workstore/admin/解读《庄子》内篇·应帝王/covers/cover_4:3.png
[2025-08-06 11:22:34,006] [INFO] [app:2519] - 开始下载，文件名: video_65_20250806112234.zip
[2025-08-06 11:27:02,579] [INFO] [logger:55] - 更新视频路径: workstore/admin/解读《庄子》外篇·马蹄/output.mp4
[2025-08-06 11:27:02,580] [INFO] [logger:55] - 更新封面路径: workstore/admin/解读《庄子》外篇·马蹄/covers/cover_4:3.png
[2025-08-06 11:27:02,588] [INFO] [logger:55] - 队列任务完成，任务ID: 14, 视频ID: 66
[2025-08-06 11:27:07,243] [INFO] [logger:55] - 用户 admin 查看我的视频页面，共 10 个视频
[2025-08-06 11:27:07,643] [INFO] [app:2539] - 请求 workstore 文件: admin/解读《庄子》内篇·应帝王/covers/cover_4:3.png
[2025-08-06 11:27:07,644] [INFO] [app:2539] - 请求 workstore 文件: admin/解读《庄子》外篇·马蹄/covers/cover_4:3.png
[2025-08-06 11:27:07,654] [INFO] [app:2539] - 请求 workstore 文件: admin/小花的星期一/covers/cover_4:3.png
[2025-08-06 11:27:07,660] [INFO] [app:2539] - 请求 workstore 文件: admin/解读《庄子》内篇·德充符/covers/cover_4:3.png
[2025-08-06 11:27:07,663] [INFO] [app:2539] - 请求 workstore 文件: admin/小明的奇妙星期天/covers/cover_4:3.png
[2025-08-06 11:27:16,002] [INFO] [app:2457] - 用户 1 请求下载视频 66, 路径: workstore/admin/解读《庄子》外篇·马蹄/output.mp4
[2025-08-06 11:27:16,003] [INFO] [app:2484] - 解析的基础目录: workstore/admin/解读《庄子》外篇·马蹄
[2025-08-06 11:27:16,528] [INFO] [app:2498] - 已添加视频文件到ZIP: workstore/admin/解读《庄子》外篇·马蹄/output.mp4
[2025-08-06 11:27:16,548] [INFO] [app:2510] - 已添加封面文件到ZIP: workstore/admin/解读《庄子》外篇·马蹄/covers/cover_3:4.png
[2025-08-06 11:27:16,569] [INFO] [app:2510] - 已添加封面文件到ZIP: workstore/admin/解读《庄子》外篇·马蹄/covers/cover_4:3.png
[2025-08-06 11:27:16,569] [INFO] [app:2519] - 开始下载，文件名: video_66_20250806112716.zip
[2025-08-06 11:27:36,091] [INFO] [logger:55] - 正在检查并恢复中断的任务...
[2025-08-06 11:27:36,092] [INFO] [logger:55] - 检查服务器启动时是否有中断的任务需要恢复...
[2025-08-06 11:27:36,098] [INFO] [logger:55] - 开始迁移视频路径...
[2025-08-06 11:27:36,099] [INFO] [logger:55] - 迁移视频 13: user1 -> admin
[2025-08-06 11:27:36,099] [WARNING] [logger:66] - 新路径不存在，跳过迁移视频 13: workstore/admin/纳什均衡解析/output.mp4
[2025-08-06 11:27:36,099] [INFO] [logger:55] - 迁移视频 15: user1 -> admin
[2025-08-06 11:27:36,099] [WARNING] [logger:66] - 新路径不存在，跳过迁移视频 15: workstore/admin/白雪公主的童话/output.mp4
[2025-08-06 11:27:36,100] [INFO] [logger:55] - 迁移视频 18: user3 -> test2
[2025-08-06 11:27:36,100] [WARNING] [logger:66] - 新路径不存在，跳过迁移视频 18: workstore/test2/坚持的力量/output.mp4
[2025-08-06 11:27:36,100] [INFO] [logger:55] - 迁移视频 19: user6 -> test4
[2025-08-06 11:27:36,100] [WARNING] [logger:66] - 新路径不存在，跳过迁移视频 19: workstore/test4/白雪公主的故事/output.mp4
[2025-08-06 11:27:36,100] [INFO] [logger:55] - 迁移视频 26: user6 -> test4
[2025-08-06 11:27:36,100] [WARNING] [logger:66] - 新路径不存在，跳过迁移视频 26: workstore/test4/人性弱点智慧/output.mp4
[2025-08-06 11:27:36,101] [INFO] [logger:55] - 迁移视频 27: user6 -> test4
[2025-08-06 11:27:36,101] [WARNING] [logger:66] - 新路径不存在，跳过迁移视频 27: workstore/test4/达克效应之谜/output.mp4
[2025-08-06 11:27:36,101] [INFO] [logger:55] - 迁移视频 32: user6 -> test4
[2025-08-06 11:27:36,101] [WARNING] [logger:66] - 新路径不存在，跳过迁移视频 32: workstore/test4/《金刚经》第一品：法会因由分/output.mp4
[2025-08-06 11:27:36,101] [INFO] [logger:55] - 迁移视频 33: user6 -> test4
[2025-08-06 11:27:36,101] [WARNING] [logger:66] - 新路径不存在，跳过迁移视频 33: workstore/test4/《金刚经》第二品善现启请分/output.mp4
[2025-08-06 11:27:36,101] [INFO] [logger:55] - 迁移视频 34: user1 -> admin
[2025-08-06 11:27:36,101] [WARNING] [logger:66] - 新路径不存在，跳过迁移视频 34: workstore/admin/小红帽的森林奇遇/output.mp4
[2025-08-06 11:27:36,102] [INFO] [logger:55] - 迁移视频 35: user8 -> test9
[2025-08-06 11:27:36,102] [WARNING] [logger:66] - 新路径不存在，跳过迁移视频 35: workstore/test9/《金刚经》第五品 如理实见分/output.mp4
[2025-08-06 11:27:36,102] [INFO] [logger:55] - 迁移视频 36: user8 -> test9
[2025-08-06 11:27:36,102] [WARNING] [logger:66] - 新路径不存在，跳过迁移视频 36: workstore/test9/《金刚经》第六品 正信希有分/output.mp4
[2025-08-06 11:27:36,102] [INFO] [logger:55] - 迁移视频 37: user1 -> admin
[2025-08-06 11:27:36,102] [WARNING] [logger:66] - 新路径不存在，跳过迁移视频 37: workstore/admin/停止按钮背后的故事/output.mp4
[2025-08-06 11:27:36,103] [INFO] [logger:55] - 迁移视频 38: user1 -> admin
[2025-08-06 11:27:36,103] [WARNING] [logger:66] - 新路径不存在，跳过迁移视频 38: workstore/admin/《金刚经》第八品 依法出生分/output.mp4
[2025-08-06 11:27:36,108] [INFO] [logger:55] - 视频路径迁移完成，共迁移 0 个视频
[2025-08-06 11:27:36,112] [INFO] [logger:55] - 没有发现中断的任务
[2025-08-06 11:27:36,112] [INFO] [logger:55] - 任务恢复完成
[2025-08-06 11:27:36,112] [INFO] [logger:55] - 没有等待中的任务需要启动
[2025-08-06 11:27:36,112] [INFO] [logger:55] - 任务恢复检查完成
[2025-08-06 11:35:46,970] [INFO] [logger:55] - 用户 admin 生成视频扣除了 1 条额度，剩余 76 条
[2025-08-06 11:35:46,975] [INFO] [logger:55] - 用户 admin 的任务已加入队列，任务ID: 15
[2025-08-06 11:35:46,987] [INFO] [logger:55] - 开始处理用户 admin 的队列任务，任务ID: 15, 视频ID: 67
[2025-08-06 11:38:26,475] [INFO] [logger:55] - 用户 admin 生成视频扣除了 1 条额度，剩余 75 条
[2025-08-06 11:38:26,483] [INFO] [logger:55] - 用户 admin 的任务已加入队列，任务ID: 16
[2025-08-06 11:41:57,249] [INFO] [logger:55] - 更新视频路径: workstore/admin/解读《庄子》外篇·在宥/output.mp4
[2025-08-06 11:41:57,249] [INFO] [logger:55] - 更新封面路径: workstore/admin/解读《庄子》外篇·在宥/covers/cover_4:3.png
[2025-08-06 11:41:57,254] [INFO] [logger:55] - 队列任务完成，任务ID: 15, 视频ID: 67
[2025-08-06 11:41:57,258] [INFO] [logger:55] - 开始处理用户 admin 的队列任务，任务ID: 16, 视频ID: 68
[2025-08-06 11:42:08,560] [INFO] [logger:55] - 用户 admin 查看我的视频页面，共 10 个视频
[2025-08-06 11:42:09,146] [INFO] [app:2539] - 请求 workstore 文件: admin/解读《庄子》外篇·在宥/covers/cover_4:3.png
[2025-08-06 11:42:09,149] [INFO] [app:2539] - 请求 workstore 文件: admin/解读《庄子》外篇·马蹄/covers/cover_4:3.png
[2025-08-06 11:42:09,152] [INFO] [app:2539] - 请求 workstore 文件: admin/解读《庄子》内篇·应帝王/covers/cover_4:3.png
[2025-08-06 11:42:09,152] [INFO] [app:2539] - 请求 workstore 文件: admin/小花的星期一/covers/cover_4:3.png
[2025-08-06 11:42:09,153] [INFO] [app:2539] - 请求 workstore 文件: admin/解读《庄子》内篇·德充符/covers/cover_4:3.png
[2025-08-06 11:42:09,154] [INFO] [app:2539] - 请求 workstore 文件: admin/小明的奇妙星期天/covers/cover_4:3.png
[2025-08-06 11:42:12,221] [INFO] [app:2457] - 用户 1 请求下载视频 67, 路径: workstore/admin/解读《庄子》外篇·在宥/output.mp4
[2025-08-06 11:42:12,222] [INFO] [app:2484] - 解析的基础目录: workstore/admin/解读《庄子》外篇·在宥
[2025-08-06 11:42:12,848] [INFO] [app:2498] - 已添加视频文件到ZIP: workstore/admin/解读《庄子》外篇·在宥/output.mp4
[2025-08-06 11:42:12,873] [INFO] [app:2510] - 已添加封面文件到ZIP: workstore/admin/解读《庄子》外篇·在宥/covers/cover_3:4.png
[2025-08-06 11:42:12,897] [INFO] [app:2510] - 已添加封面文件到ZIP: workstore/admin/解读《庄子》外篇·在宥/covers/cover_4:3.png
[2025-08-06 11:42:12,897] [INFO] [app:2519] - 开始下载，文件名: video_67_20250806114212.zip
[2025-08-06 11:45:58,652] [INFO] [logger:55] - 正在检查并恢复中断的任务...
[2025-08-06 11:45:58,653] [INFO] [logger:55] - 检查服务器启动时是否有中断的任务需要恢复...
[2025-08-06 11:45:58,656] [INFO] [logger:55] - 开始迁移视频路径...
[2025-08-06 11:45:58,656] [INFO] [logger:55] - 迁移视频 13: user1 -> admin
[2025-08-06 11:45:58,656] [WARNING] [logger:66] - 新路径不存在，跳过迁移视频 13: workstore/admin/纳什均衡解析/output.mp4
[2025-08-06 11:45:58,656] [INFO] [logger:55] - 迁移视频 15: user1 -> admin
[2025-08-06 11:45:58,657] [WARNING] [logger:66] - 新路径不存在，跳过迁移视频 15: workstore/admin/白雪公主的童话/output.mp4
[2025-08-06 11:45:58,657] [INFO] [logger:55] - 迁移视频 18: user3 -> test2
[2025-08-06 11:45:58,657] [WARNING] [logger:66] - 新路径不存在，跳过迁移视频 18: workstore/test2/坚持的力量/output.mp4
[2025-08-06 11:45:58,657] [INFO] [logger:55] - 迁移视频 19: user6 -> test4
[2025-08-06 11:45:58,657] [WARNING] [logger:66] - 新路径不存在，跳过迁移视频 19: workstore/test4/白雪公主的故事/output.mp4
[2025-08-06 11:45:58,657] [INFO] [logger:55] - 迁移视频 26: user6 -> test4
[2025-08-06 11:45:58,657] [WARNING] [logger:66] - 新路径不存在，跳过迁移视频 26: workstore/test4/人性弱点智慧/output.mp4
[2025-08-06 11:45:58,658] [INFO] [logger:55] - 迁移视频 27: user6 -> test4
[2025-08-06 11:45:58,658] [WARNING] [logger:66] - 新路径不存在，跳过迁移视频 27: workstore/test4/达克效应之谜/output.mp4
[2025-08-06 11:45:58,658] [INFO] [logger:55] - 迁移视频 32: user6 -> test4
[2025-08-06 11:45:58,658] [WARNING] [logger:66] - 新路径不存在，跳过迁移视频 32: workstore/test4/《金刚经》第一品：法会因由分/output.mp4
[2025-08-06 11:45:58,658] [INFO] [logger:55] - 迁移视频 33: user6 -> test4
[2025-08-06 11:45:58,658] [WARNING] [logger:66] - 新路径不存在，跳过迁移视频 33: workstore/test4/《金刚经》第二品善现启请分/output.mp4
[2025-08-06 11:45:58,658] [INFO] [logger:55] - 迁移视频 34: user1 -> admin
[2025-08-06 11:45:58,658] [WARNING] [logger:66] - 新路径不存在，跳过迁移视频 34: workstore/admin/小红帽的森林奇遇/output.mp4
[2025-08-06 11:45:58,659] [INFO] [logger:55] - 迁移视频 35: user8 -> test9
[2025-08-06 11:45:58,659] [WARNING] [logger:66] - 新路径不存在，跳过迁移视频 35: workstore/test9/《金刚经》第五品 如理实见分/output.mp4
[2025-08-06 11:45:58,659] [INFO] [logger:55] - 迁移视频 36: user8 -> test9
[2025-08-06 11:45:58,659] [WARNING] [logger:66] - 新路径不存在，跳过迁移视频 36: workstore/test9/《金刚经》第六品 正信希有分/output.mp4
[2025-08-06 11:45:58,659] [INFO] [logger:55] - 迁移视频 37: user1 -> admin
[2025-08-06 11:45:58,659] [WARNING] [logger:66] - 新路径不存在，跳过迁移视频 37: workstore/admin/停止按钮背后的故事/output.mp4
[2025-08-06 11:45:58,660] [INFO] [logger:55] - 迁移视频 38: user1 -> admin
[2025-08-06 11:45:58,660] [WARNING] [logger:66] - 新路径不存在，跳过迁移视频 38: workstore/admin/《金刚经》第八品 依法出生分/output.mp4
[2025-08-06 11:45:58,662] [INFO] [logger:55] - 视频路径迁移完成，共迁移 0 个视频
[2025-08-06 11:45:58,664] [INFO] [logger:55] - 发现 1 个中断的任务，开始恢复...
[2025-08-06 11:45:58,666] [INFO] [logger:55] - 重置视频ID 68 状态为pending
[2025-08-06 11:45:58,667] [INFO] [logger:55] - 恢复任务 16，用户 1，标题: 将三只小猪的故事作成视频...
[2025-08-06 11:45:58,668] [INFO] [logger:55] - 任务 16 已重新启动
[2025-08-06 11:45:58,668] [INFO] [logger:55] - 任务恢复完成
[2025-08-06 11:45:58,668] [INFO] [logger:55] - 发现 1 个等待中的任务，开始启动...
[2025-08-06 11:45:58,669] [INFO] [logger:55] - 已为用户 1 启动任务处理线程
[2025-08-06 11:45:58,669] [INFO] [logger:55] - 任务恢复检查完成
[2025-08-06 11:45:58,680] [INFO] [logger:55] - 开始处理用户 admin 的队列任务，任务ID: 16, 视频ID: 70
[2025-08-06 11:45:58,686] [INFO] [logger:55] - 开始处理用户 admin 的队列任务，任务ID: 16, 视频ID: 69
[2025-08-06 11:52:25,863] [INFO] [logger:55] - 更新视频路径: workstore/admin/三只小猪历险记/output.mp4
[2025-08-06 11:52:25,864] [INFO] [logger:55] - 更新封面路径: workstore/admin/三只小猪历险记/covers/cover_4:3.png
[2025-08-06 11:52:25,871] [INFO] [logger:55] - 队列任务完成，任务ID: 16, 视频ID: 69
[2025-08-06 11:54:16,385] [INFO] [logger:55] - 更新视频路径: workstore/admin/三只小猪的智慧/output.mp4
[2025-08-06 11:54:16,385] [INFO] [logger:55] - 更新封面路径: workstore/admin/三只小猪的智慧/covers/cover_4:3.png
[2025-08-06 11:54:16,387] [INFO] [logger:55] - 队列任务完成，任务ID: 16, 视频ID: 70
[2025-08-06 13:49:22,666] [INFO] [logger:55] - 用户 admin 查看我的视频页面，共 10 个视频
[2025-08-06 13:49:23,575] [INFO] [app:2539] - 请求 workstore 文件: admin/三只小猪历险记/covers/cover_4:3.png
[2025-08-06 13:49:23,575] [INFO] [app:2539] - 请求 workstore 文件: admin/三只小猪的智慧/covers/cover_4:3.png
[2025-08-06 13:49:23,579] [INFO] [app:2539] - 请求 workstore 文件: admin/解读《庄子》外篇·马蹄/covers/cover_4:3.png
[2025-08-06 13:49:23,579] [INFO] [app:2539] - 请求 workstore 文件: admin/解读《庄子》外篇·在宥/covers/cover_4:3.png
[2025-08-06 13:49:23,583] [INFO] [app:2539] - 请求 workstore 文件: admin/解读《庄子》内篇·应帝王/covers/cover_4:3.png
[2025-08-06 13:49:23,590] [INFO] [app:2539] - 请求 workstore 文件: admin/解读《庄子》内篇·德充符/covers/cover_4:3.png
[2025-08-06 13:49:23,599] [INFO] [app:2539] - 请求 workstore 文件: admin/小花的星期一/covers/cover_4:3.png
[2025-08-06 13:49:23,601] [INFO] [app:2539] - 请求 workstore 文件: admin/小明的奇妙星期天/covers/cover_4:3.png
[2025-08-06 13:49:53,837] [INFO] [app:2457] - 用户 1 请求下载视频 67, 路径: workstore/admin/解读《庄子》外篇·在宥/output.mp4
[2025-08-06 13:49:53,838] [INFO] [app:2484] - 解析的基础目录: workstore/admin/解读《庄子》外篇·在宥
[2025-08-06 13:49:54,453] [INFO] [app:2498] - 已添加视频文件到ZIP: workstore/admin/解读《庄子》外篇·在宥/output.mp4
[2025-08-06 13:49:54,485] [INFO] [app:2510] - 已添加封面文件到ZIP: workstore/admin/解读《庄子》外篇·在宥/covers/cover_3:4.png
[2025-08-06 13:49:54,509] [INFO] [app:2510] - 已添加封面文件到ZIP: workstore/admin/解读《庄子》外篇·在宥/covers/cover_4:3.png
[2025-08-06 13:49:54,509] [INFO] [app:2519] - 开始下载，文件名: video_67_20250806134954.zip
[2025-08-06 13:51:34,505] [INFO] [app:2539] - 请求 workstore 文件: admin/三只小猪历险记/output.mp4
[2025-08-06 13:51:34,513] [INFO] [app:2539] - 请求 workstore 文件: admin/三只小猪历险记/output.mp4
[2025-08-06 13:51:34,522] [INFO] [app:2539] - 请求 workstore 文件: admin/三只小猪历险记/output.mp4
[2025-08-06 13:51:34,528] [INFO] [app:2539] - 请求 workstore 文件: admin/三只小猪历险记/output.mp4
[2025-08-06 13:51:41,538] [INFO] [app:2539] - 请求 workstore 文件: admin/三只小猪历险记/output.mp4
[2025-08-06 13:53:05,525] [INFO] [app:2539] - 请求 workstore 文件: admin/三只小猪的智慧/output.mp4
[2025-08-06 13:53:05,536] [INFO] [app:2539] - 请求 workstore 文件: admin/三只小猪的智慧/output.mp4
[2025-08-06 13:53:05,549] [INFO] [app:2539] - 请求 workstore 文件: admin/三只小猪的智慧/output.mp4
[2025-08-06 13:53:05,557] [INFO] [app:2539] - 请求 workstore 文件: admin/三只小猪的智慧/output.mp4
[2025-08-06 13:53:09,173] [INFO] [app:2539] - 请求 workstore 文件: admin/三只小猪的智慧/output.mp4
[2025-08-06 14:16:21,758] [INFO] [logger:55] - 正在检查并恢复中断的任务...
[2025-08-06 14:16:21,758] [INFO] [logger:55] - 检查服务器启动时是否有中断的任务需要恢复...
[2025-08-06 14:16:21,762] [INFO] [logger:55] - 开始迁移视频路径...
[2025-08-06 14:16:21,763] [INFO] [logger:55] - 迁移视频 13: user1 -> admin
[2025-08-06 14:16:21,763] [WARNING] [logger:66] - 新路径不存在，跳过迁移视频 13: workstore/admin/纳什均衡解析/output.mp4
[2025-08-06 14:16:21,763] [INFO] [logger:55] - 迁移视频 15: user1 -> admin
[2025-08-06 14:16:21,763] [WARNING] [logger:66] - 新路径不存在，跳过迁移视频 15: workstore/admin/白雪公主的童话/output.mp4
[2025-08-06 14:16:21,763] [INFO] [logger:55] - 迁移视频 18: user3 -> test2
[2025-08-06 14:16:21,763] [WARNING] [logger:66] - 新路径不存在，跳过迁移视频 18: workstore/test2/坚持的力量/output.mp4
[2025-08-06 14:16:21,764] [INFO] [logger:55] - 迁移视频 19: user6 -> test4
[2025-08-06 14:16:21,764] [WARNING] [logger:66] - 新路径不存在，跳过迁移视频 19: workstore/test4/白雪公主的故事/output.mp4
[2025-08-06 14:16:21,764] [INFO] [logger:55] - 迁移视频 26: user6 -> test4
[2025-08-06 14:16:21,764] [WARNING] [logger:66] - 新路径不存在，跳过迁移视频 26: workstore/test4/人性弱点智慧/output.mp4
[2025-08-06 14:16:21,764] [INFO] [logger:55] - 迁移视频 27: user6 -> test4
[2025-08-06 14:16:21,764] [WARNING] [logger:66] - 新路径不存在，跳过迁移视频 27: workstore/test4/达克效应之谜/output.mp4
[2025-08-06 14:16:21,765] [INFO] [logger:55] - 迁移视频 32: user6 -> test4
[2025-08-06 14:16:21,765] [WARNING] [logger:66] - 新路径不存在，跳过迁移视频 32: workstore/test4/《金刚经》第一品：法会因由分/output.mp4
[2025-08-06 14:16:21,765] [INFO] [logger:55] - 迁移视频 33: user6 -> test4
[2025-08-06 14:16:21,765] [WARNING] [logger:66] - 新路径不存在，跳过迁移视频 33: workstore/test4/《金刚经》第二品善现启请分/output.mp4
[2025-08-06 14:16:21,766] [INFO] [logger:55] - 迁移视频 34: user1 -> admin
[2025-08-06 14:16:21,766] [WARNING] [logger:66] - 新路径不存在，跳过迁移视频 34: workstore/admin/小红帽的森林奇遇/output.mp4
[2025-08-06 14:16:21,767] [INFO] [logger:55] - 迁移视频 35: user8 -> test9
[2025-08-06 14:16:21,767] [WARNING] [logger:66] - 新路径不存在，跳过迁移视频 35: workstore/test9/《金刚经》第五品 如理实见分/output.mp4
[2025-08-06 14:16:21,767] [INFO] [logger:55] - 迁移视频 36: user8 -> test9
[2025-08-06 14:16:21,767] [WARNING] [logger:66] - 新路径不存在，跳过迁移视频 36: workstore/test9/《金刚经》第六品 正信希有分/output.mp4
[2025-08-06 14:16:21,767] [INFO] [logger:55] - 迁移视频 37: user1 -> admin
[2025-08-06 14:16:21,767] [WARNING] [logger:66] - 新路径不存在，跳过迁移视频 37: workstore/admin/停止按钮背后的故事/output.mp4
[2025-08-06 14:16:21,767] [INFO] [logger:55] - 迁移视频 38: user1 -> admin
[2025-08-06 14:16:21,767] [WARNING] [logger:66] - 新路径不存在，跳过迁移视频 38: workstore/admin/《金刚经》第八品 依法出生分/output.mp4
[2025-08-06 14:16:21,771] [INFO] [logger:55] - 视频路径迁移完成，共迁移 0 个视频
[2025-08-06 14:16:21,772] [INFO] [logger:55] - 没有发现中断的任务
[2025-08-06 14:16:21,772] [INFO] [logger:55] - 任务恢复完成
[2025-08-06 14:16:21,772] [INFO] [logger:55] - 没有等待中的任务需要启动
[2025-08-06 14:16:21,772] [INFO] [logger:55] - 任务恢复检查完成
[2025-08-07 08:33:31,770] [INFO] [logger:55] - 正在检查并恢复中断的任务...
[2025-08-07 08:33:31,771] [INFO] [logger:55] - 检查服务器启动时是否有中断的任务需要恢复...
[2025-08-07 08:33:31,774] [INFO] [logger:55] - 开始迁移视频路径...
[2025-08-07 08:33:31,775] [INFO] [logger:55] - 迁移视频 13: user1 -> admin
[2025-08-07 08:33:31,775] [WARNING] [logger:66] - 新路径不存在，跳过迁移视频 13: workstore/admin/纳什均衡解析/output.mp4
[2025-08-07 08:33:31,775] [INFO] [logger:55] - 迁移视频 15: user1 -> admin
[2025-08-07 08:33:31,775] [WARNING] [logger:66] - 新路径不存在，跳过迁移视频 15: workstore/admin/白雪公主的童话/output.mp4
[2025-08-07 08:33:31,775] [INFO] [logger:55] - 迁移视频 18: user3 -> test2
[2025-08-07 08:33:31,775] [WARNING] [logger:66] - 新路径不存在，跳过迁移视频 18: workstore/test2/坚持的力量/output.mp4
[2025-08-07 08:33:31,775] [INFO] [logger:55] - 迁移视频 19: user6 -> test4
[2025-08-07 08:33:31,775] [WARNING] [logger:66] - 新路径不存在，跳过迁移视频 19: workstore/test4/白雪公主的故事/output.mp4
[2025-08-07 08:33:31,776] [INFO] [logger:55] - 迁移视频 26: user6 -> test4
[2025-08-07 08:33:31,776] [WARNING] [logger:66] - 新路径不存在，跳过迁移视频 26: workstore/test4/人性弱点智慧/output.mp4
[2025-08-07 08:33:31,776] [INFO] [logger:55] - 迁移视频 27: user6 -> test4
[2025-08-07 08:33:31,776] [WARNING] [logger:66] - 新路径不存在，跳过迁移视频 27: workstore/test4/达克效应之谜/output.mp4
[2025-08-07 08:33:31,776] [INFO] [logger:55] - 迁移视频 32: user6 -> test4
[2025-08-07 08:33:31,776] [WARNING] [logger:66] - 新路径不存在，跳过迁移视频 32: workstore/test4/《金刚经》第一品：法会因由分/output.mp4
[2025-08-07 08:33:31,776] [INFO] [logger:55] - 迁移视频 33: user6 -> test4
[2025-08-07 08:33:31,776] [WARNING] [logger:66] - 新路径不存在，跳过迁移视频 33: workstore/test4/《金刚经》第二品善现启请分/output.mp4
[2025-08-07 08:33:31,776] [INFO] [logger:55] - 迁移视频 34: user1 -> admin
[2025-08-07 08:33:31,776] [WARNING] [logger:66] - 新路径不存在，跳过迁移视频 34: workstore/admin/小红帽的森林奇遇/output.mp4
[2025-08-07 08:33:31,777] [INFO] [logger:55] - 迁移视频 35: user8 -> test9
[2025-08-07 08:33:31,777] [WARNING] [logger:66] - 新路径不存在，跳过迁移视频 35: workstore/test9/《金刚经》第五品 如理实见分/output.mp4
[2025-08-07 08:33:31,777] [INFO] [logger:55] - 迁移视频 36: user8 -> test9
[2025-08-07 08:33:31,777] [WARNING] [logger:66] - 新路径不存在，跳过迁移视频 36: workstore/test9/《金刚经》第六品 正信希有分/output.mp4
[2025-08-07 08:33:31,777] [INFO] [logger:55] - 迁移视频 37: user1 -> admin
[2025-08-07 08:33:31,777] [WARNING] [logger:66] - 新路径不存在，跳过迁移视频 37: workstore/admin/停止按钮背后的故事/output.mp4
[2025-08-07 08:33:31,777] [INFO] [logger:55] - 迁移视频 38: user1 -> admin
[2025-08-07 08:33:31,777] [WARNING] [logger:66] - 新路径不存在，跳过迁移视频 38: workstore/admin/《金刚经》第八品 依法出生分/output.mp4
[2025-08-07 08:33:31,780] [INFO] [logger:55] - 视频路径迁移完成，共迁移 0 个视频
[2025-08-07 08:33:31,781] [INFO] [logger:55] - 没有发现中断的任务
[2025-08-07 08:33:31,781] [INFO] [logger:55] - 任务恢复完成
[2025-08-07 08:33:31,781] [INFO] [logger:55] - 没有等待中的任务需要启动
[2025-08-07 08:33:31,781] [INFO] [logger:55] - 任务恢复检查完成
[2025-08-07 08:33:32,646] [INFO] [logger:55] - 正在检查并恢复中断的任务...
[2025-08-07 08:33:32,647] [INFO] [logger:55] - 检查服务器启动时是否有中断的任务需要恢复...
[2025-08-07 08:33:32,649] [INFO] [logger:55] - 开始迁移视频路径...
[2025-08-07 08:33:32,649] [INFO] [logger:55] - 迁移视频 13: user1 -> admin
[2025-08-07 08:33:32,649] [WARNING] [logger:66] - 新路径不存在，跳过迁移视频 13: workstore/admin/纳什均衡解析/output.mp4
[2025-08-07 08:33:32,649] [INFO] [logger:55] - 迁移视频 15: user1 -> admin
[2025-08-07 08:33:32,649] [WARNING] [logger:66] - 新路径不存在，跳过迁移视频 15: workstore/admin/白雪公主的童话/output.mp4
[2025-08-07 08:33:32,650] [INFO] [logger:55] - 迁移视频 18: user3 -> test2
[2025-08-07 08:33:32,650] [WARNING] [logger:66] - 新路径不存在，跳过迁移视频 18: workstore/test2/坚持的力量/output.mp4
[2025-08-07 08:33:32,650] [INFO] [logger:55] - 迁移视频 19: user6 -> test4
[2025-08-07 08:33:32,650] [WARNING] [logger:66] - 新路径不存在，跳过迁移视频 19: workstore/test4/白雪公主的故事/output.mp4
[2025-08-07 08:33:32,650] [INFO] [logger:55] - 迁移视频 26: user6 -> test4
[2025-08-07 08:33:32,650] [WARNING] [logger:66] - 新路径不存在，跳过迁移视频 26: workstore/test4/人性弱点智慧/output.mp4
[2025-08-07 08:33:32,650] [INFO] [logger:55] - 迁移视频 27: user6 -> test4
[2025-08-07 08:33:32,650] [WARNING] [logger:66] - 新路径不存在，跳过迁移视频 27: workstore/test4/达克效应之谜/output.mp4
[2025-08-07 08:33:32,651] [INFO] [logger:55] - 迁移视频 32: user6 -> test4
[2025-08-07 08:33:32,651] [WARNING] [logger:66] - 新路径不存在，跳过迁移视频 32: workstore/test4/《金刚经》第一品：法会因由分/output.mp4
[2025-08-07 08:33:32,651] [INFO] [logger:55] - 迁移视频 33: user6 -> test4
[2025-08-07 08:33:32,651] [WARNING] [logger:66] - 新路径不存在，跳过迁移视频 33: workstore/test4/《金刚经》第二品善现启请分/output.mp4
[2025-08-07 08:33:32,651] [INFO] [logger:55] - 迁移视频 34: user1 -> admin
[2025-08-07 08:33:32,651] [WARNING] [logger:66] - 新路径不存在，跳过迁移视频 34: workstore/admin/小红帽的森林奇遇/output.mp4
[2025-08-07 08:33:32,651] [INFO] [logger:55] - 迁移视频 35: user8 -> test9
[2025-08-07 08:33:32,651] [WARNING] [logger:66] - 新路径不存在，跳过迁移视频 35: workstore/test9/《金刚经》第五品 如理实见分/output.mp4
[2025-08-07 08:33:32,652] [INFO] [logger:55] - 迁移视频 36: user8 -> test9
[2025-08-07 08:33:32,652] [WARNING] [logger:66] - 新路径不存在，跳过迁移视频 36: workstore/test9/《金刚经》第六品 正信希有分/output.mp4
[2025-08-07 08:33:32,652] [INFO] [logger:55] - 迁移视频 37: user1 -> admin
[2025-08-07 08:33:32,652] [WARNING] [logger:66] - 新路径不存在，跳过迁移视频 37: workstore/admin/停止按钮背后的故事/output.mp4
[2025-08-07 08:33:32,652] [INFO] [logger:55] - 迁移视频 38: user1 -> admin
[2025-08-07 08:33:32,652] [WARNING] [logger:66] - 新路径不存在，跳过迁移视频 38: workstore/admin/《金刚经》第八品 依法出生分/output.mp4
[2025-08-07 08:33:32,655] [INFO] [logger:55] - 视频路径迁移完成，共迁移 0 个视频
[2025-08-07 08:33:32,656] [INFO] [logger:55] - 没有发现中断的任务
[2025-08-07 08:33:32,656] [INFO] [logger:55] - 任务恢复完成
[2025-08-07 08:33:32,656] [INFO] [logger:55] - 没有等待中的任务需要启动
[2025-08-07 08:33:32,657] [INFO] [logger:55] - 任务恢复检查完成
[2025-08-07 08:37:31,610] [INFO] [logger:55] - 用户 admin 生成视频扣除了 1 条额度，剩余 74 条
[2025-08-07 08:37:31,616] [INFO] [logger:55] - 用户 admin 的任务已加入队列，任务ID: 17
[2025-08-07 08:37:31,633] [INFO] [logger:55] - 开始处理用户 admin 的队列任务，任务ID: 17, 视频ID: 71
[2025-08-07 08:43:26,179] [INFO] [logger:55] - 更新视频路径: workstore/admin/解读《庄子》外篇·刻意/output.mp4
[2025-08-07 08:43:26,180] [INFO] [logger:55] - 更新封面路径: workstore/admin/解读《庄子》外篇·刻意/covers/cover_4:3.png
[2025-08-07 08:43:26,185] [INFO] [logger:55] - 队列任务完成，任务ID: 17, 视频ID: 71
[2025-08-07 08:45:27,611] [INFO] [logger:55] - 用户 admin 查看我的视频页面，共 10 个视频
[2025-08-07 08:45:28,110] [INFO] [app:2539] - 请求 workstore 文件: admin/解读《庄子》外篇·刻意/covers/cover_4:3.png
[2025-08-07 08:45:28,116] [INFO] [app:2539] - 请求 workstore 文件: admin/解读《庄子》外篇·在宥/covers/cover_4:3.png
[2025-08-07 08:45:28,120] [INFO] [app:2539] - 请求 workstore 文件: admin/三只小猪的智慧/covers/cover_4:3.png
[2025-08-07 08:45:28,122] [INFO] [app:2539] - 请求 workstore 文件: admin/三只小猪历险记/covers/cover_4:3.png
[2025-08-07 08:45:28,134] [INFO] [app:2539] - 请求 workstore 文件: admin/解读《庄子》内篇·应帝王/covers/cover_4:3.png
[2025-08-07 08:45:28,138] [INFO] [app:2539] - 请求 workstore 文件: admin/解读《庄子》外篇·马蹄/covers/cover_4:3.png
[2025-08-07 08:45:28,219] [INFO] [app:2539] - 请求 workstore 文件: admin/解读《庄子》内篇·德充符/covers/cover_4:3.png
[2025-08-07 08:45:28,224] [INFO] [app:2539] - 请求 workstore 文件: admin/小花的星期一/covers/cover_4:3.png
[2025-08-07 08:45:35,040] [INFO] [app:2539] - 请求 workstore 文件: admin/解读《庄子》外篇·刻意/output.mp4
[2025-08-07 08:45:35,106] [INFO] [app:2539] - 请求 workstore 文件: admin/解读《庄子》外篇·刻意/output.mp4
[2025-08-07 08:45:35,418] [INFO] [app:2539] - 请求 workstore 文件: admin/解读《庄子》外篇·刻意/output.mp4
[2025-08-07 08:45:35,425] [INFO] [app:2539] - 请求 workstore 文件: admin/解读《庄子》外篇·刻意/output.mp4
[2025-08-07 08:45:42,173] [INFO] [app:2539] - 请求 workstore 文件: admin/解读《庄子》外篇·刻意/output.mp4
[2025-08-07 08:46:40,126] [INFO] [app:2457] - 用户 1 请求下载视频 71, 路径: workstore/admin/解读《庄子》外篇·刻意/output.mp4
[2025-08-07 08:46:40,127] [INFO] [app:2484] - 解析的基础目录: workstore/admin/解读《庄子》外篇·刻意
[2025-08-07 08:46:40,730] [INFO] [app:2498] - 已添加视频文件到ZIP: workstore/admin/解读《庄子》外篇·刻意/output.mp4
[2025-08-07 08:46:40,759] [INFO] [app:2510] - 已添加封面文件到ZIP: workstore/admin/解读《庄子》外篇·刻意/covers/cover_3:4.png
[2025-08-07 08:46:40,798] [INFO] [app:2510] - 已添加封面文件到ZIP: workstore/admin/解读《庄子》外篇·刻意/covers/cover_4:3.png
[2025-08-07 08:46:40,799] [INFO] [app:2519] - 开始下载，文件名: video_71_20250807084640.zip
[2025-08-07 08:50:41,350] [INFO] [logger:55] - 正在检查并恢复中断的任务...
[2025-08-07 08:50:41,350] [INFO] [logger:55] - 检查服务器启动时是否有中断的任务需要恢复...
[2025-08-07 08:50:41,354] [INFO] [logger:55] - 开始迁移视频路径...
[2025-08-07 08:50:41,354] [INFO] [logger:55] - 迁移视频 13: user1 -> admin
[2025-08-07 08:50:41,354] [WARNING] [logger:66] - 新路径不存在，跳过迁移视频 13: workstore/admin/纳什均衡解析/output.mp4
[2025-08-07 08:50:41,354] [INFO] [logger:55] - 迁移视频 15: user1 -> admin
[2025-08-07 08:50:41,354] [WARNING] [logger:66] - 新路径不存在，跳过迁移视频 15: workstore/admin/白雪公主的童话/output.mp4
[2025-08-07 08:50:41,355] [INFO] [logger:55] - 迁移视频 18: user3 -> test2
[2025-08-07 08:50:41,355] [WARNING] [logger:66] - 新路径不存在，跳过迁移视频 18: workstore/test2/坚持的力量/output.mp4
[2025-08-07 08:50:41,355] [INFO] [logger:55] - 迁移视频 19: user6 -> test4
[2025-08-07 08:50:41,355] [WARNING] [logger:66] - 新路径不存在，跳过迁移视频 19: workstore/test4/白雪公主的故事/output.mp4
[2025-08-07 08:50:41,355] [INFO] [logger:55] - 迁移视频 26: user6 -> test4
[2025-08-07 08:50:41,355] [WARNING] [logger:66] - 新路径不存在，跳过迁移视频 26: workstore/test4/人性弱点智慧/output.mp4
[2025-08-07 08:50:41,355] [INFO] [logger:55] - 迁移视频 27: user6 -> test4
[2025-08-07 08:50:41,355] [WARNING] [logger:66] - 新路径不存在，跳过迁移视频 27: workstore/test4/达克效应之谜/output.mp4
[2025-08-07 08:50:41,356] [INFO] [logger:55] - 迁移视频 32: user6 -> test4
[2025-08-07 08:50:41,356] [WARNING] [logger:66] - 新路径不存在，跳过迁移视频 32: workstore/test4/《金刚经》第一品：法会因由分/output.mp4
[2025-08-07 08:50:41,356] [INFO] [logger:55] - 迁移视频 33: user6 -> test4
[2025-08-07 08:50:41,356] [WARNING] [logger:66] - 新路径不存在，跳过迁移视频 33: workstore/test4/《金刚经》第二品善现启请分/output.mp4
[2025-08-07 08:50:41,356] [INFO] [logger:55] - 迁移视频 34: user1 -> admin
[2025-08-07 08:50:41,356] [WARNING] [logger:66] - 新路径不存在，跳过迁移视频 34: workstore/admin/小红帽的森林奇遇/output.mp4
[2025-08-07 08:50:41,356] [INFO] [logger:55] - 迁移视频 35: user8 -> test9
[2025-08-07 08:50:41,356] [WARNING] [logger:66] - 新路径不存在，跳过迁移视频 35: workstore/test9/《金刚经》第五品 如理实见分/output.mp4
[2025-08-07 08:50:41,357] [INFO] [logger:55] - 迁移视频 36: user8 -> test9
[2025-08-07 08:50:41,357] [WARNING] [logger:66] - 新路径不存在，跳过迁移视频 36: workstore/test9/《金刚经》第六品 正信希有分/output.mp4
[2025-08-07 08:50:41,357] [INFO] [logger:55] - 迁移视频 37: user1 -> admin
[2025-08-07 08:50:41,357] [WARNING] [logger:66] - 新路径不存在，跳过迁移视频 37: workstore/admin/停止按钮背后的故事/output.mp4
[2025-08-07 08:50:41,357] [INFO] [logger:55] - 迁移视频 38: user1 -> admin
[2025-08-07 08:50:41,357] [WARNING] [logger:66] - 新路径不存在，跳过迁移视频 38: workstore/admin/《金刚经》第八品 依法出生分/output.mp4
[2025-08-07 08:50:41,360] [INFO] [logger:55] - 视频路径迁移完成，共迁移 0 个视频
[2025-08-07 08:50:41,361] [INFO] [logger:55] - 没有发现中断的任务
[2025-08-07 08:50:41,361] [INFO] [logger:55] - 任务恢复完成
[2025-08-07 08:50:41,361] [INFO] [logger:55] - 没有等待中的任务需要启动
[2025-08-07 08:50:41,361] [INFO] [logger:55] - 任务恢复检查完成
[2025-08-07 08:52:01,320] [INFO] [logger:55] - 正在检查并恢复中断的任务...
[2025-08-07 08:52:01,320] [INFO] [logger:55] - 检查服务器启动时是否有中断的任务需要恢复...
[2025-08-07 08:52:01,323] [INFO] [logger:55] - 开始迁移视频路径...
[2025-08-07 08:52:01,324] [INFO] [logger:55] - 迁移视频 13: user1 -> admin
[2025-08-07 08:52:01,324] [WARNING] [logger:66] - 新路径不存在，跳过迁移视频 13: workstore/admin/纳什均衡解析/output.mp4
[2025-08-07 08:52:01,324] [INFO] [logger:55] - 迁移视频 15: user1 -> admin
[2025-08-07 08:52:01,324] [WARNING] [logger:66] - 新路径不存在，跳过迁移视频 15: workstore/admin/白雪公主的童话/output.mp4
[2025-08-07 08:52:01,324] [INFO] [logger:55] - 迁移视频 18: user3 -> test2
[2025-08-07 08:52:01,324] [WARNING] [logger:66] - 新路径不存在，跳过迁移视频 18: workstore/test2/坚持的力量/output.mp4
[2025-08-07 08:52:01,325] [INFO] [logger:55] - 迁移视频 19: user6 -> test4
[2025-08-07 08:52:01,325] [WARNING] [logger:66] - 新路径不存在，跳过迁移视频 19: workstore/test4/白雪公主的故事/output.mp4
[2025-08-07 08:52:01,325] [INFO] [logger:55] - 迁移视频 26: user6 -> test4
[2025-08-07 08:52:01,325] [WARNING] [logger:66] - 新路径不存在，跳过迁移视频 26: workstore/test4/人性弱点智慧/output.mp4
[2025-08-07 08:52:01,325] [INFO] [logger:55] - 迁移视频 27: user6 -> test4
[2025-08-07 08:52:01,325] [WARNING] [logger:66] - 新路径不存在，跳过迁移视频 27: workstore/test4/达克效应之谜/output.mp4
[2025-08-07 08:52:01,325] [INFO] [logger:55] - 迁移视频 32: user6 -> test4
[2025-08-07 08:52:01,325] [WARNING] [logger:66] - 新路径不存在，跳过迁移视频 32: workstore/test4/《金刚经》第一品：法会因由分/output.mp4
[2025-08-07 08:52:01,325] [INFO] [logger:55] - 迁移视频 33: user6 -> test4
[2025-08-07 08:52:01,325] [WARNING] [logger:66] - 新路径不存在，跳过迁移视频 33: workstore/test4/《金刚经》第二品善现启请分/output.mp4
[2025-08-07 08:52:01,326] [INFO] [logger:55] - 迁移视频 34: user1 -> admin
[2025-08-07 08:52:01,326] [WARNING] [logger:66] - 新路径不存在，跳过迁移视频 34: workstore/admin/小红帽的森林奇遇/output.mp4
[2025-08-07 08:52:01,326] [INFO] [logger:55] - 迁移视频 35: user8 -> test9
[2025-08-07 08:52:01,326] [WARNING] [logger:66] - 新路径不存在，跳过迁移视频 35: workstore/test9/《金刚经》第五品 如理实见分/output.mp4
[2025-08-07 08:52:01,326] [INFO] [logger:55] - 迁移视频 36: user8 -> test9
[2025-08-07 08:52:01,326] [WARNING] [logger:66] - 新路径不存在，跳过迁移视频 36: workstore/test9/《金刚经》第六品 正信希有分/output.mp4
[2025-08-07 08:52:01,326] [INFO] [logger:55] - 迁移视频 37: user1 -> admin
[2025-08-07 08:52:01,326] [WARNING] [logger:66] - 新路径不存在，跳过迁移视频 37: workstore/admin/停止按钮背后的故事/output.mp4
[2025-08-07 08:52:01,326] [INFO] [logger:55] - 迁移视频 38: user1 -> admin
[2025-08-07 08:52:01,326] [WARNING] [logger:66] - 新路径不存在，跳过迁移视频 38: workstore/admin/《金刚经》第八品 依法出生分/output.mp4
[2025-08-07 08:52:01,330] [INFO] [logger:55] - 视频路径迁移完成，共迁移 0 个视频
[2025-08-07 08:52:01,331] [INFO] [logger:55] - 没有发现中断的任务
[2025-08-07 08:52:01,331] [INFO] [logger:55] - 任务恢复完成
[2025-08-07 08:52:01,331] [INFO] [logger:55] - 没有等待中的任务需要启动
[2025-08-07 08:52:01,331] [INFO] [logger:55] - 任务恢复检查完成
[2025-08-07 08:58:48,464] [INFO] [logger:55] - 用户 admin 生成视频扣除了 1 条额度，剩余 73 条
[2025-08-07 08:58:48,471] [INFO] [logger:55] - 用户 admin 的任务已加入队列，任务ID: 18
[2025-08-07 08:58:48,480] [INFO] [logger:55] - 开始处理用户 admin 的队列任务，任务ID: 18, 视频ID: 71
[2025-08-07 09:04:59,070] [INFO] [logger:55] - 更新视频路径: workstore/admin/庄子教你摆脱刻意人生/output.mp4
[2025-08-07 09:04:59,071] [INFO] [logger:55] - 更新封面路径: workstore/admin/庄子教你摆脱刻意人生/covers/cover_4:3.png
[2025-08-07 09:04:59,078] [INFO] [logger:55] - 队列任务完成，任务ID: 18, 视频ID: 71
[2025-08-07 09:49:55,287] [INFO] [logger:55] - 用户 admin 查看我的视频页面，共 10 个视频
[2025-08-07 09:49:55,976] [INFO] [app:2539] - 请求 workstore 文件: admin/庄子教你摆脱刻意人生/covers/cover_4:3.png
[2025-08-07 09:49:55,984] [INFO] [app:2539] - 请求 workstore 文件: admin/三只小猪历险记/covers/cover_4:3.png
[2025-08-07 09:49:55,984] [INFO] [app:2539] - 请求 workstore 文件: admin/三只小猪的智慧/covers/cover_4:3.png
[2025-08-07 09:49:55,994] [INFO] [app:2539] - 请求 workstore 文件: admin/解读《庄子》外篇·马蹄/covers/cover_4:3.png
[2025-08-07 09:49:55,995] [INFO] [app:2539] - 请求 workstore 文件: admin/解读《庄子》外篇·在宥/covers/cover_4:3.png
[2025-08-07 09:49:55,998] [INFO] [app:2539] - 请求 workstore 文件: admin/解读《庄子》内篇·应帝王/covers/cover_4:3.png
[2025-08-07 09:49:56,005] [INFO] [app:2539] - 请求 workstore 文件: admin/解读《庄子》内篇·德充符/covers/cover_4:3.png
[2025-08-07 09:49:56,023] [INFO] [app:2539] - 请求 workstore 文件: admin/小花的星期一/covers/cover_4:3.png
[2025-08-07 09:49:58,244] [INFO] [app:2457] - 用户 1 请求下载视频 71, 路径: workstore/admin/庄子教你摆脱刻意人生/output.mp4
[2025-08-07 09:49:58,244] [INFO] [app:2484] - 解析的基础目录: workstore/admin/庄子教你摆脱刻意人生
[2025-08-07 09:49:58,895] [INFO] [app:2498] - 已添加视频文件到ZIP: workstore/admin/庄子教你摆脱刻意人生/output.mp4
[2025-08-07 09:49:58,920] [INFO] [app:2510] - 已添加封面文件到ZIP: workstore/admin/庄子教你摆脱刻意人生/covers/cover_3:4.png
[2025-08-07 09:49:58,945] [INFO] [app:2510] - 已添加封面文件到ZIP: workstore/admin/庄子教你摆脱刻意人生/covers/cover_4:3.png
[2025-08-07 09:49:58,945] [INFO] [app:2519] - 开始下载，文件名: video_71_20250807094958.zip
[2025-08-07 10:08:52,727] [INFO] [logger:55] - 用户 admin 生成视频扣除了 1 条额度，剩余 72 条
[2025-08-07 10:08:52,736] [INFO] [logger:55] - 用户 admin 的任务已加入队列，任务ID: 19
[2025-08-07 10:08:52,749] [INFO] [logger:55] - 开始处理用户 admin 的队列任务，任务ID: 19, 视频ID: 72
[2025-08-07 10:14:44,772] [INFO] [logger:55] - 更新视频路径: workstore/admin/庄子教你不刻意的人生/output.mp4
[2025-08-07 10:14:44,773] [INFO] [logger:55] - 更新封面路径: workstore/admin/庄子教你不刻意的人生/covers/cover_4:3.png
[2025-08-07 10:14:44,776] [INFO] [logger:55] - 队列任务完成，任务ID: 19, 视频ID: 72
[2025-08-07 10:20:32,236] [INFO] [logger:55] - 用户 admin 查看我的视频页面，共 10 个视频
[2025-08-07 10:20:32,765] [INFO] [app:2539] - 请求 workstore 文件: admin/庄子教你不刻意的人生/covers/cover_4:3.png
[2025-08-07 10:20:32,771] [INFO] [app:2539] - 请求 workstore 文件: admin/庄子教你摆脱刻意人生/covers/cover_4:3.png
[2025-08-07 10:20:32,776] [INFO] [app:2539] - 请求 workstore 文件: admin/三只小猪的智慧/covers/cover_4:3.png
[2025-08-07 10:20:32,777] [INFO] [app:2539] - 请求 workstore 文件: admin/三只小猪历险记/covers/cover_4:3.png
[2025-08-07 10:20:32,794] [INFO] [app:2539] - 请求 workstore 文件: admin/解读《庄子》内篇·应帝王/covers/cover_4:3.png
[2025-08-07 10:20:32,797] [INFO] [app:2539] - 请求 workstore 文件: admin/解读《庄子》外篇·马蹄/covers/cover_4:3.png
[2025-08-07 10:20:32,813] [INFO] [app:2539] - 请求 workstore 文件: admin/解读《庄子》外篇·在宥/covers/cover_4:3.png
[2025-08-07 10:20:32,818] [INFO] [app:2539] - 请求 workstore 文件: admin/解读《庄子》内篇·德充符/covers/cover_4:3.png
[2025-08-07 10:20:49,215] [INFO] [app:2457] - 用户 1 请求下载视频 72, 路径: workstore/admin/庄子教你不刻意的人生/output.mp4
[2025-08-07 10:20:49,216] [INFO] [app:2484] - 解析的基础目录: workstore/admin/庄子教你不刻意的人生
[2025-08-07 10:20:49,793] [INFO] [app:2498] - 已添加视频文件到ZIP: workstore/admin/庄子教你不刻意的人生/output.mp4
[2025-08-07 10:20:49,818] [INFO] [app:2510] - 已添加封面文件到ZIP: workstore/admin/庄子教你不刻意的人生/covers/cover_3:4.png
[2025-08-07 10:20:49,841] [INFO] [app:2510] - 已添加封面文件到ZIP: workstore/admin/庄子教你不刻意的人生/covers/cover_4:3.png
[2025-08-07 10:20:49,841] [INFO] [app:2519] - 开始下载，文件名: video_72_20250807102049.zip
[2025-08-07 10:28:23,561] [INFO] [logger:55] - 用户 admin 生成视频扣除了 1 条额度，剩余 71 条
[2025-08-07 10:28:23,568] [INFO] [logger:55] - 用户 admin 的任务已加入队列，任务ID: 20
[2025-08-07 10:28:23,579] [INFO] [logger:55] - 开始处理用户 admin 的队列任务，任务ID: 20, 视频ID: 73
[2025-08-07 10:34:37,824] [INFO] [logger:55] - 更新视频路径: workstore/admin/解读《庄子》外篇·秋水/output.mp4
[2025-08-07 10:34:37,825] [INFO] [logger:55] - 更新封面路径: workstore/admin/解读《庄子》外篇·秋水/covers/cover_4:3.png
[2025-08-07 10:34:37,828] [INFO] [logger:55] - 队列任务完成，任务ID: 20, 视频ID: 73
[2025-08-07 10:37:29,613] [INFO] [logger:55] - 用户 admin 查看我的视频页面，共 10 个视频
[2025-08-07 10:37:30,134] [INFO] [app:2539] - 请求 workstore 文件: admin/解读《庄子》外篇·秋水/covers/cover_4:3.png
[2025-08-07 10:37:30,136] [INFO] [app:2539] - 请求 workstore 文件: admin/庄子教你不刻意的人生/covers/cover_4:3.png
[2025-08-07 10:37:30,138] [INFO] [app:2539] - 请求 workstore 文件: admin/庄子教你摆脱刻意人生/covers/cover_4:3.png
[2025-08-07 10:37:30,140] [INFO] [app:2539] - 请求 workstore 文件: admin/三只小猪历险记/covers/cover_4:3.png
[2025-08-07 10:37:30,141] [INFO] [app:2539] - 请求 workstore 文件: admin/三只小猪的智慧/covers/cover_4:3.png
[2025-08-07 10:37:30,141] [INFO] [app:2539] - 请求 workstore 文件: admin/解读《庄子》外篇·在宥/covers/cover_4:3.png
[2025-08-07 10:37:30,149] [INFO] [app:2539] - 请求 workstore 文件: admin/解读《庄子》外篇·马蹄/covers/cover_4:3.png
[2025-08-07 10:37:30,153] [INFO] [app:2539] - 请求 workstore 文件: admin/解读《庄子》内篇·应帝王/covers/cover_4:3.png
[2025-08-07 10:37:32,977] [INFO] [app:2457] - 用户 1 请求下载视频 73, 路径: workstore/admin/解读《庄子》外篇·秋水/output.mp4
[2025-08-07 10:37:32,977] [INFO] [app:2484] - 解析的基础目录: workstore/admin/解读《庄子》外篇·秋水
[2025-08-07 10:37:33,481] [INFO] [app:2498] - 已添加视频文件到ZIP: workstore/admin/解读《庄子》外篇·秋水/output.mp4
[2025-08-07 10:37:33,498] [INFO] [app:2510] - 已添加封面文件到ZIP: workstore/admin/解读《庄子》外篇·秋水/covers/cover_3:4.png
[2025-08-07 10:37:33,512] [INFO] [app:2510] - 已添加封面文件到ZIP: workstore/admin/解读《庄子》外篇·秋水/covers/cover_4:3.png
[2025-08-07 10:37:33,512] [INFO] [app:2519] - 开始下载，文件名: video_73_20250807103733.zip
[2025-08-07 10:44:12,362] [INFO] [logger:55] - 正在检查并恢复中断的任务...
[2025-08-07 10:44:12,362] [INFO] [logger:55] - 检查服务器启动时是否有中断的任务需要恢复...
[2025-08-07 10:44:12,365] [INFO] [logger:55] - 开始迁移视频路径...
[2025-08-07 10:44:12,365] [INFO] [logger:55] - 迁移视频 13: user1 -> admin
[2025-08-07 10:44:12,365] [WARNING] [logger:66] - 新路径不存在，跳过迁移视频 13: workstore/admin/纳什均衡解析/output.mp4
[2025-08-07 10:44:12,365] [INFO] [logger:55] - 迁移视频 15: user1 -> admin
[2025-08-07 10:44:12,365] [WARNING] [logger:66] - 新路径不存在，跳过迁移视频 15: workstore/admin/白雪公主的童话/output.mp4
[2025-08-07 10:44:12,366] [INFO] [logger:55] - 迁移视频 18: user3 -> test2
[2025-08-07 10:44:12,366] [WARNING] [logger:66] - 新路径不存在，跳过迁移视频 18: workstore/test2/坚持的力量/output.mp4
[2025-08-07 10:44:12,366] [INFO] [logger:55] - 迁移视频 19: user6 -> test4
[2025-08-07 10:44:12,366] [WARNING] [logger:66] - 新路径不存在，跳过迁移视频 19: workstore/test4/白雪公主的故事/output.mp4
[2025-08-07 10:44:12,366] [INFO] [logger:55] - 迁移视频 26: user6 -> test4
[2025-08-07 10:44:12,366] [WARNING] [logger:66] - 新路径不存在，跳过迁移视频 26: workstore/test4/人性弱点智慧/output.mp4
[2025-08-07 10:44:12,366] [INFO] [logger:55] - 迁移视频 27: user6 -> test4
[2025-08-07 10:44:12,366] [WARNING] [logger:66] - 新路径不存在，跳过迁移视频 27: workstore/test4/达克效应之谜/output.mp4
[2025-08-07 10:44:12,366] [INFO] [logger:55] - 迁移视频 32: user6 -> test4
[2025-08-07 10:44:12,366] [WARNING] [logger:66] - 新路径不存在，跳过迁移视频 32: workstore/test4/《金刚经》第一品：法会因由分/output.mp4
[2025-08-07 10:44:12,367] [INFO] [logger:55] - 迁移视频 33: user6 -> test4
[2025-08-07 10:44:12,367] [WARNING] [logger:66] - 新路径不存在，跳过迁移视频 33: workstore/test4/《金刚经》第二品善现启请分/output.mp4
[2025-08-07 10:44:12,367] [INFO] [logger:55] - 迁移视频 34: user1 -> admin
[2025-08-07 10:44:12,367] [WARNING] [logger:66] - 新路径不存在，跳过迁移视频 34: workstore/admin/小红帽的森林奇遇/output.mp4
[2025-08-07 10:44:12,367] [INFO] [logger:55] - 迁移视频 35: user8 -> test9
[2025-08-07 10:44:12,367] [WARNING] [logger:66] - 新路径不存在，跳过迁移视频 35: workstore/test9/《金刚经》第五品 如理实见分/output.mp4
[2025-08-07 10:44:12,368] [INFO] [logger:55] - 迁移视频 36: user8 -> test9
[2025-08-07 10:44:12,368] [WARNING] [logger:66] - 新路径不存在，跳过迁移视频 36: workstore/test9/《金刚经》第六品 正信希有分/output.mp4
[2025-08-07 10:44:12,368] [INFO] [logger:55] - 迁移视频 37: user1 -> admin
[2025-08-07 10:44:12,368] [WARNING] [logger:66] - 新路径不存在，跳过迁移视频 37: workstore/admin/停止按钮背后的故事/output.mp4
[2025-08-07 10:44:12,368] [INFO] [logger:55] - 迁移视频 38: user1 -> admin
[2025-08-07 10:44:12,368] [WARNING] [logger:66] - 新路径不存在，跳过迁移视频 38: workstore/admin/《金刚经》第八品 依法出生分/output.mp4
[2025-08-07 10:44:12,372] [INFO] [logger:55] - 视频路径迁移完成，共迁移 0 个视频
[2025-08-07 10:44:12,373] [INFO] [logger:55] - 没有发现中断的任务
[2025-08-07 10:44:12,373] [INFO] [logger:55] - 任务恢复完成
[2025-08-07 10:44:12,374] [INFO] [logger:55] - 没有等待中的任务需要启动
[2025-08-07 10:44:12,374] [INFO] [logger:55] - 任务恢复检查完成
[2025-08-07 10:45:25,486] [INFO] [logger:55] - 用户 admin 生成视频扣除了 1 条额度，剩余 70 条
[2025-08-07 10:45:25,491] [INFO] [logger:55] - 用户 admin 的任务已加入队列，任务ID: 21
[2025-08-07 10:45:25,527] [INFO] [logger:55] - 开始处理用户 admin 的队列任务，任务ID: 21, 视频ID: 74
[2025-08-07 10:55:02,489] [INFO] [logger:55] - 更新视频路径: workstore/admin/解读《庄子》外篇·达生/output.mp4
[2025-08-07 10:55:02,489] [INFO] [logger:55] - 更新封面路径: workstore/admin/解读《庄子》外篇·达生/covers/cover_4:3.png
[2025-08-07 10:55:02,495] [INFO] [logger:55] - 队列任务完成，任务ID: 21, 视频ID: 74
[2025-08-07 11:02:16,591] [INFO] [logger:55] - 正在检查并恢复中断的任务...
[2025-08-07 11:02:16,591] [INFO] [logger:55] - 检查服务器启动时是否有中断的任务需要恢复...
[2025-08-07 11:02:16,596] [INFO] [logger:55] - 开始迁移视频路径...
[2025-08-07 11:02:16,597] [INFO] [logger:55] - 迁移视频 13: user1 -> admin
[2025-08-07 11:02:16,597] [WARNING] [logger:66] - 新路径不存在，跳过迁移视频 13: workstore/admin/纳什均衡解析/output.mp4
[2025-08-07 11:02:16,597] [INFO] [logger:55] - 迁移视频 15: user1 -> admin
[2025-08-07 11:02:16,597] [WARNING] [logger:66] - 新路径不存在，跳过迁移视频 15: workstore/admin/白雪公主的童话/output.mp4
[2025-08-07 11:02:16,597] [INFO] [logger:55] - 迁移视频 18: user3 -> test2
[2025-08-07 11:02:16,597] [WARNING] [logger:66] - 新路径不存在，跳过迁移视频 18: workstore/test2/坚持的力量/output.mp4
[2025-08-07 11:02:16,597] [INFO] [logger:55] - 迁移视频 19: user6 -> test4
[2025-08-07 11:02:16,597] [WARNING] [logger:66] - 新路径不存在，跳过迁移视频 19: workstore/test4/白雪公主的故事/output.mp4
[2025-08-07 11:02:16,598] [INFO] [logger:55] - 迁移视频 26: user6 -> test4
[2025-08-07 11:02:16,598] [WARNING] [logger:66] - 新路径不存在，跳过迁移视频 26: workstore/test4/人性弱点智慧/output.mp4
[2025-08-07 11:02:16,598] [INFO] [logger:55] - 迁移视频 27: user6 -> test4
[2025-08-07 11:02:16,598] [WARNING] [logger:66] - 新路径不存在，跳过迁移视频 27: workstore/test4/达克效应之谜/output.mp4
[2025-08-07 11:02:16,598] [INFO] [logger:55] - 迁移视频 32: user6 -> test4
[2025-08-07 11:02:16,598] [WARNING] [logger:66] - 新路径不存在，跳过迁移视频 32: workstore/test4/《金刚经》第一品：法会因由分/output.mp4
[2025-08-07 11:02:16,598] [INFO] [logger:55] - 迁移视频 33: user6 -> test4
[2025-08-07 11:02:16,598] [WARNING] [logger:66] - 新路径不存在，跳过迁移视频 33: workstore/test4/《金刚经》第二品善现启请分/output.mp4
[2025-08-07 11:02:16,598] [INFO] [logger:55] - 迁移视频 34: user1 -> admin
[2025-08-07 11:02:16,598] [WARNING] [logger:66] - 新路径不存在，跳过迁移视频 34: workstore/admin/小红帽的森林奇遇/output.mp4
[2025-08-07 11:02:16,599] [INFO] [logger:55] - 迁移视频 35: user8 -> test9
[2025-08-07 11:02:16,599] [WARNING] [logger:66] - 新路径不存在，跳过迁移视频 35: workstore/test9/《金刚经》第五品 如理实见分/output.mp4
[2025-08-07 11:02:16,599] [INFO] [logger:55] - 迁移视频 36: user8 -> test9
[2025-08-07 11:02:16,599] [WARNING] [logger:66] - 新路径不存在，跳过迁移视频 36: workstore/test9/《金刚经》第六品 正信希有分/output.mp4
[2025-08-07 11:02:16,599] [INFO] [logger:55] - 迁移视频 37: user1 -> admin
[2025-08-07 11:02:16,599] [WARNING] [logger:66] - 新路径不存在，跳过迁移视频 37: workstore/admin/停止按钮背后的故事/output.mp4
[2025-08-07 11:02:16,599] [INFO] [logger:55] - 迁移视频 38: user1 -> admin
[2025-08-07 11:02:16,599] [WARNING] [logger:66] - 新路径不存在，跳过迁移视频 38: workstore/admin/《金刚经》第八品 依法出生分/output.mp4
[2025-08-07 11:02:16,602] [INFO] [logger:55] - 视频路径迁移完成，共迁移 0 个视频
[2025-08-07 11:02:16,603] [INFO] [logger:55] - 没有发现中断的任务
[2025-08-07 11:02:16,604] [INFO] [logger:55] - 任务恢复完成
[2025-08-07 11:02:16,604] [INFO] [logger:55] - 没有等待中的任务需要启动
[2025-08-07 11:02:16,604] [INFO] [logger:55] - 任务恢复检查完成
[2025-08-07 11:02:17,461] [INFO] [logger:55] - 正在检查并恢复中断的任务...
[2025-08-07 11:02:17,462] [INFO] [logger:55] - 检查服务器启动时是否有中断的任务需要恢复...
[2025-08-07 11:02:17,464] [INFO] [logger:55] - 开始迁移视频路径...
[2025-08-07 11:02:17,464] [INFO] [logger:55] - 迁移视频 13: user1 -> admin
[2025-08-07 11:02:17,464] [WARNING] [logger:66] - 新路径不存在，跳过迁移视频 13: workstore/admin/纳什均衡解析/output.mp4
[2025-08-07 11:02:17,464] [INFO] [logger:55] - 迁移视频 15: user1 -> admin
[2025-08-07 11:02:17,465] [WARNING] [logger:66] - 新路径不存在，跳过迁移视频 15: workstore/admin/白雪公主的童话/output.mp4
[2025-08-07 11:02:17,465] [INFO] [logger:55] - 迁移视频 18: user3 -> test2
[2025-08-07 11:02:17,465] [WARNING] [logger:66] - 新路径不存在，跳过迁移视频 18: workstore/test2/坚持的力量/output.mp4
[2025-08-07 11:02:17,465] [INFO] [logger:55] - 迁移视频 19: user6 -> test4
[2025-08-07 11:02:17,465] [WARNING] [logger:66] - 新路径不存在，跳过迁移视频 19: workstore/test4/白雪公主的故事/output.mp4
[2025-08-07 11:02:17,465] [INFO] [logger:55] - 迁移视频 26: user6 -> test4
[2025-08-07 11:02:17,465] [WARNING] [logger:66] - 新路径不存在，跳过迁移视频 26: workstore/test4/人性弱点智慧/output.mp4
[2025-08-07 11:02:17,465] [INFO] [logger:55] - 迁移视频 27: user6 -> test4
[2025-08-07 11:02:17,465] [WARNING] [logger:66] - 新路径不存在，跳过迁移视频 27: workstore/test4/达克效应之谜/output.mp4
[2025-08-07 11:02:17,466] [INFO] [logger:55] - 迁移视频 32: user6 -> test4
[2025-08-07 11:02:17,466] [WARNING] [logger:66] - 新路径不存在，跳过迁移视频 32: workstore/test4/《金刚经》第一品：法会因由分/output.mp4
[2025-08-07 11:02:17,466] [INFO] [logger:55] - 迁移视频 33: user6 -> test4
[2025-08-07 11:02:17,466] [WARNING] [logger:66] - 新路径不存在，跳过迁移视频 33: workstore/test4/《金刚经》第二品善现启请分/output.mp4
[2025-08-07 11:02:17,466] [INFO] [logger:55] - 迁移视频 34: user1 -> admin
[2025-08-07 11:02:17,466] [WARNING] [logger:66] - 新路径不存在，跳过迁移视频 34: workstore/admin/小红帽的森林奇遇/output.mp4
[2025-08-07 11:02:17,466] [INFO] [logger:55] - 迁移视频 35: user8 -> test9
[2025-08-07 11:02:17,467] [WARNING] [logger:66] - 新路径不存在，跳过迁移视频 35: workstore/test9/《金刚经》第五品 如理实见分/output.mp4
[2025-08-07 11:02:17,467] [INFO] [logger:55] - 迁移视频 36: user8 -> test9
[2025-08-07 11:02:17,467] [WARNING] [logger:66] - 新路径不存在，跳过迁移视频 36: workstore/test9/《金刚经》第六品 正信希有分/output.mp4
[2025-08-07 11:02:17,467] [INFO] [logger:55] - 迁移视频 37: user1 -> admin
[2025-08-07 11:02:17,467] [WARNING] [logger:66] - 新路径不存在，跳过迁移视频 37: workstore/admin/停止按钮背后的故事/output.mp4
[2025-08-07 11:02:17,467] [INFO] [logger:55] - 迁移视频 38: user1 -> admin
[2025-08-07 11:02:17,467] [WARNING] [logger:66] - 新路径不存在，跳过迁移视频 38: workstore/admin/《金刚经》第八品 依法出生分/output.mp4
[2025-08-07 11:02:17,471] [INFO] [logger:55] - 视频路径迁移完成，共迁移 0 个视频
[2025-08-07 11:02:17,472] [INFO] [logger:55] - 没有发现中断的任务
[2025-08-07 11:02:17,472] [INFO] [logger:55] - 任务恢复完成
[2025-08-07 11:02:17,472] [INFO] [logger:55] - 没有等待中的任务需要启动
[2025-08-07 11:02:17,472] [INFO] [logger:55] - 任务恢复检查完成
[2025-08-07 11:02:22,240] [INFO] [logger:55] - 用户 admin 查看我的视频页面，共 10 个视频
[2025-08-07 11:02:22,633] [INFO] [app:2539] - 请求 workstore 文件: admin/解读《庄子》外篇·达生/covers/cover_4:3.png
[2025-08-07 11:02:22,636] [INFO] [app:2539] - 请求 workstore 文件: admin/庄子教你摆脱刻意人生/covers/cover_4:3.png
[2025-08-07 11:02:22,639] [INFO] [app:2539] - 请求 workstore 文件: admin/庄子教你不刻意的人生/covers/cover_4:3.png
[2025-08-07 11:02:22,640] [INFO] [app:2539] - 请求 workstore 文件: admin/解读《庄子》外篇·秋水/covers/cover_4:3.png
[2025-08-07 11:02:22,643] [INFO] [app:2539] - 请求 workstore 文件: admin/三只小猪历险记/covers/cover_4:3.png
[2025-08-07 11:02:22,644] [INFO] [app:2539] - 请求 workstore 文件: admin/三只小猪的智慧/covers/cover_4:3.png
[2025-08-07 11:02:22,688] [INFO] [app:2539] - 请求 workstore 文件: admin/解读《庄子》外篇·马蹄/covers/cover_4:3.png
[2025-08-07 11:02:22,697] [INFO] [app:2539] - 请求 workstore 文件: admin/解读《庄子》外篇·在宥/covers/cover_4:3.png
[2025-08-07 11:02:22,697] [INFO] [app:2539] - 请求 workstore 文件: admin/解读《庄子》内篇·应帝王/covers/cover_4:3.png
[2025-08-07 11:02:24,964] [INFO] [app:2457] - 用户 1 请求下载视频 74, 路径: workstore/admin/解读《庄子》外篇·达生/output.mp4
[2025-08-07 11:02:24,965] [INFO] [app:2484] - 解析的基础目录: workstore/admin/解读《庄子》外篇·达生
[2025-08-07 11:02:25,919] [INFO] [app:2498] - 已添加视频文件到ZIP: workstore/admin/解读《庄子》外篇·达生/output.mp4
[2025-08-07 11:02:25,940] [INFO] [app:2510] - 已添加封面文件到ZIP: workstore/admin/解读《庄子》外篇·达生/covers/cover_3:4.png
[2025-08-07 11:02:25,961] [INFO] [app:2510] - 已添加封面文件到ZIP: workstore/admin/解读《庄子》外篇·达生/covers/cover_4:3.png
[2025-08-07 11:02:25,961] [INFO] [app:2519] - 开始下载，文件名: video_74_20250807110225.zip
[2025-08-07 11:16:17,858] [INFO] [logger:55] - 正在检查并恢复中断的任务...
[2025-08-07 11:16:17,859] [INFO] [logger:55] - 检查服务器启动时是否有中断的任务需要恢复...
[2025-08-07 11:16:17,863] [INFO] [logger:55] - 开始迁移视频路径...
[2025-08-07 11:16:17,863] [INFO] [logger:55] - 迁移视频 13: user1 -> admin
[2025-08-07 11:16:17,863] [WARNING] [logger:66] - 新路径不存在，跳过迁移视频 13: workstore/admin/纳什均衡解析/output.mp4
[2025-08-07 11:16:17,863] [INFO] [logger:55] - 迁移视频 15: user1 -> admin
[2025-08-07 11:16:17,863] [WARNING] [logger:66] - 新路径不存在，跳过迁移视频 15: workstore/admin/白雪公主的童话/output.mp4
[2025-08-07 11:16:17,864] [INFO] [logger:55] - 迁移视频 18: user3 -> test2
[2025-08-07 11:16:17,864] [WARNING] [logger:66] - 新路径不存在，跳过迁移视频 18: workstore/test2/坚持的力量/output.mp4
[2025-08-07 11:16:17,864] [INFO] [logger:55] - 迁移视频 19: user6 -> test4
[2025-08-07 11:16:17,864] [WARNING] [logger:66] - 新路径不存在，跳过迁移视频 19: workstore/test4/白雪公主的故事/output.mp4
[2025-08-07 11:16:17,864] [INFO] [logger:55] - 迁移视频 26: user6 -> test4
[2025-08-07 11:16:17,864] [WARNING] [logger:66] - 新路径不存在，跳过迁移视频 26: workstore/test4/人性弱点智慧/output.mp4
[2025-08-07 11:16:17,864] [INFO] [logger:55] - 迁移视频 27: user6 -> test4
[2025-08-07 11:16:17,864] [WARNING] [logger:66] - 新路径不存在，跳过迁移视频 27: workstore/test4/达克效应之谜/output.mp4
[2025-08-07 11:16:17,865] [INFO] [logger:55] - 迁移视频 32: user6 -> test4
[2025-08-07 11:16:17,865] [WARNING] [logger:66] - 新路径不存在，跳过迁移视频 32: workstore/test4/《金刚经》第一品：法会因由分/output.mp4
[2025-08-07 11:16:17,865] [INFO] [logger:55] - 迁移视频 33: user6 -> test4
[2025-08-07 11:16:17,865] [WARNING] [logger:66] - 新路径不存在，跳过迁移视频 33: workstore/test4/《金刚经》第二品善现启请分/output.mp4
[2025-08-07 11:16:17,865] [INFO] [logger:55] - 迁移视频 34: user1 -> admin
[2025-08-07 11:16:17,865] [WARNING] [logger:66] - 新路径不存在，跳过迁移视频 34: workstore/admin/小红帽的森林奇遇/output.mp4
[2025-08-07 11:16:17,865] [INFO] [logger:55] - 迁移视频 35: user8 -> test9
[2025-08-07 11:16:17,865] [WARNING] [logger:66] - 新路径不存在，跳过迁移视频 35: workstore/test9/《金刚经》第五品 如理实见分/output.mp4
[2025-08-07 11:16:17,866] [INFO] [logger:55] - 迁移视频 36: user8 -> test9
[2025-08-07 11:16:17,866] [WARNING] [logger:66] - 新路径不存在，跳过迁移视频 36: workstore/test9/《金刚经》第六品 正信希有分/output.mp4
[2025-08-07 11:16:17,866] [INFO] [logger:55] - 迁移视频 37: user1 -> admin
[2025-08-07 11:16:17,866] [WARNING] [logger:66] - 新路径不存在，跳过迁移视频 37: workstore/admin/停止按钮背后的故事/output.mp4
[2025-08-07 11:16:17,866] [INFO] [logger:55] - 迁移视频 38: user1 -> admin
[2025-08-07 11:16:17,866] [WARNING] [logger:66] - 新路径不存在，跳过迁移视频 38: workstore/admin/《金刚经》第八品 依法出生分/output.mp4
[2025-08-07 11:16:17,869] [INFO] [logger:55] - 视频路径迁移完成，共迁移 0 个视频
[2025-08-07 11:16:17,871] [INFO] [logger:55] - 没有发现中断的任务
[2025-08-07 11:16:17,871] [INFO] [logger:55] - 任务恢复完成
[2025-08-07 11:16:17,871] [INFO] [logger:55] - 没有等待中的任务需要启动
[2025-08-07 11:16:17,871] [INFO] [logger:55] - 任务恢复检查完成
[2025-08-07 11:16:18,794] [INFO] [logger:55] - 正在检查并恢复中断的任务...
[2025-08-07 11:16:18,794] [INFO] [logger:55] - 检查服务器启动时是否有中断的任务需要恢复...
[2025-08-07 11:16:18,797] [INFO] [logger:55] - 开始迁移视频路径...
[2025-08-07 11:16:18,797] [INFO] [logger:55] - 迁移视频 13: user1 -> admin
[2025-08-07 11:16:18,797] [WARNING] [logger:66] - 新路径不存在，跳过迁移视频 13: workstore/admin/纳什均衡解析/output.mp4
[2025-08-07 11:16:18,797] [INFO] [logger:55] - 迁移视频 15: user1 -> admin
[2025-08-07 11:16:18,797] [WARNING] [logger:66] - 新路径不存在，跳过迁移视频 15: workstore/admin/白雪公主的童话/output.mp4
[2025-08-07 11:16:18,797] [INFO] [logger:55] - 迁移视频 18: user3 -> test2
[2025-08-07 11:16:18,797] [WARNING] [logger:66] - 新路径不存在，跳过迁移视频 18: workstore/test2/坚持的力量/output.mp4
[2025-08-07 11:16:18,798] [INFO] [logger:55] - 迁移视频 19: user6 -> test4
[2025-08-07 11:16:18,798] [WARNING] [logger:66] - 新路径不存在，跳过迁移视频 19: workstore/test4/白雪公主的故事/output.mp4
[2025-08-07 11:16:18,798] [INFO] [logger:55] - 迁移视频 26: user6 -> test4
[2025-08-07 11:16:18,798] [WARNING] [logger:66] - 新路径不存在，跳过迁移视频 26: workstore/test4/人性弱点智慧/output.mp4
[2025-08-07 11:16:18,798] [INFO] [logger:55] - 迁移视频 27: user6 -> test4
[2025-08-07 11:16:18,798] [WARNING] [logger:66] - 新路径不存在，跳过迁移视频 27: workstore/test4/达克效应之谜/output.mp4
[2025-08-07 11:16:18,798] [INFO] [logger:55] - 迁移视频 32: user6 -> test4
[2025-08-07 11:16:18,798] [WARNING] [logger:66] - 新路径不存在，跳过迁移视频 32: workstore/test4/《金刚经》第一品：法会因由分/output.mp4
[2025-08-07 11:16:18,798] [INFO] [logger:55] - 迁移视频 33: user6 -> test4
[2025-08-07 11:16:18,798] [WARNING] [logger:66] - 新路径不存在，跳过迁移视频 33: workstore/test4/《金刚经》第二品善现启请分/output.mp4
[2025-08-07 11:16:18,799] [INFO] [logger:55] - 迁移视频 34: user1 -> admin
[2025-08-07 11:16:18,799] [WARNING] [logger:66] - 新路径不存在，跳过迁移视频 34: workstore/admin/小红帽的森林奇遇/output.mp4
[2025-08-07 11:16:18,799] [INFO] [logger:55] - 迁移视频 35: user8 -> test9
[2025-08-07 11:16:18,799] [WARNING] [logger:66] - 新路径不存在，跳过迁移视频 35: workstore/test9/《金刚经》第五品 如理实见分/output.mp4
[2025-08-07 11:16:18,799] [INFO] [logger:55] - 迁移视频 36: user8 -> test9
[2025-08-07 11:16:18,799] [WARNING] [logger:66] - 新路径不存在，跳过迁移视频 36: workstore/test9/《金刚经》第六品 正信希有分/output.mp4
[2025-08-07 11:16:18,800] [INFO] [logger:55] - 迁移视频 37: user1 -> admin
[2025-08-07 11:16:18,800] [WARNING] [logger:66] - 新路径不存在，跳过迁移视频 37: workstore/admin/停止按钮背后的故事/output.mp4
[2025-08-07 11:16:18,800] [INFO] [logger:55] - 迁移视频 38: user1 -> admin
[2025-08-07 11:16:18,800] [WARNING] [logger:66] - 新路径不存在，跳过迁移视频 38: workstore/admin/《金刚经》第八品 依法出生分/output.mp4
[2025-08-07 11:16:18,803] [INFO] [logger:55] - 视频路径迁移完成，共迁移 0 个视频
[2025-08-07 11:16:18,805] [INFO] [logger:55] - 没有发现中断的任务
[2025-08-07 11:16:18,805] [INFO] [logger:55] - 任务恢复完成
[2025-08-07 11:16:18,805] [INFO] [logger:55] - 没有等待中的任务需要启动
[2025-08-07 11:16:18,805] [INFO] [logger:55] - 任务恢复检查完成
[2025-08-07 16:43:55,375] [INFO] [logger:55] - 正在检查并恢复中断的任务...
[2025-08-07 16:43:55,375] [INFO] [logger:55] - 检查服务器启动时是否有中断的任务需要恢复...
[2025-08-07 16:43:55,379] [INFO] [logger:55] - 开始迁移视频路径...
[2025-08-07 16:43:55,379] [INFO] [logger:55] - 迁移视频 13: user1 -> admin
[2025-08-07 16:43:55,379] [WARNING] [logger:66] - 新路径不存在，跳过迁移视频 13: workstore/admin/纳什均衡解析/output.mp4
[2025-08-07 16:43:55,379] [INFO] [logger:55] - 迁移视频 15: user1 -> admin
[2025-08-07 16:43:55,379] [WARNING] [logger:66] - 新路径不存在，跳过迁移视频 15: workstore/admin/白雪公主的童话/output.mp4
[2025-08-07 16:43:55,379] [INFO] [logger:55] - 迁移视频 18: user3 -> test2
[2025-08-07 16:43:55,379] [WARNING] [logger:66] - 新路径不存在，跳过迁移视频 18: workstore/test2/坚持的力量/output.mp4
[2025-08-07 16:43:55,380] [INFO] [logger:55] - 迁移视频 19: user6 -> test4
[2025-08-07 16:43:55,380] [WARNING] [logger:66] - 新路径不存在，跳过迁移视频 19: workstore/test4/白雪公主的故事/output.mp4
[2025-08-07 16:43:55,380] [INFO] [logger:55] - 迁移视频 26: user6 -> test4
[2025-08-07 16:43:55,380] [WARNING] [logger:66] - 新路径不存在，跳过迁移视频 26: workstore/test4/人性弱点智慧/output.mp4
[2025-08-07 16:43:55,380] [INFO] [logger:55] - 迁移视频 27: user6 -> test4
[2025-08-07 16:43:55,380] [WARNING] [logger:66] - 新路径不存在，跳过迁移视频 27: workstore/test4/达克效应之谜/output.mp4
[2025-08-07 16:43:55,380] [INFO] [logger:55] - 迁移视频 32: user6 -> test4
[2025-08-07 16:43:55,380] [WARNING] [logger:66] - 新路径不存在，跳过迁移视频 32: workstore/test4/《金刚经》第一品：法会因由分/output.mp4
[2025-08-07 16:43:55,381] [INFO] [logger:55] - 迁移视频 33: user6 -> test4
[2025-08-07 16:43:55,381] [WARNING] [logger:66] - 新路径不存在，跳过迁移视频 33: workstore/test4/《金刚经》第二品善现启请分/output.mp4
[2025-08-07 16:43:55,381] [INFO] [logger:55] - 迁移视频 34: user1 -> admin
[2025-08-07 16:43:55,381] [WARNING] [logger:66] - 新路径不存在，跳过迁移视频 34: workstore/admin/小红帽的森林奇遇/output.mp4
[2025-08-07 16:43:55,381] [INFO] [logger:55] - 迁移视频 35: user8 -> test9
[2025-08-07 16:43:55,381] [WARNING] [logger:66] - 新路径不存在，跳过迁移视频 35: workstore/test9/《金刚经》第五品 如理实见分/output.mp4
[2025-08-07 16:43:55,381] [INFO] [logger:55] - 迁移视频 36: user8 -> test9
[2025-08-07 16:43:55,381] [WARNING] [logger:66] - 新路径不存在，跳过迁移视频 36: workstore/test9/《金刚经》第六品 正信希有分/output.mp4
[2025-08-07 16:43:55,382] [INFO] [logger:55] - 迁移视频 37: user1 -> admin
[2025-08-07 16:43:55,382] [WARNING] [logger:66] - 新路径不存在，跳过迁移视频 37: workstore/admin/停止按钮背后的故事/output.mp4
[2025-08-07 16:43:55,382] [INFO] [logger:55] - 迁移视频 38: user1 -> admin
[2025-08-07 16:43:55,382] [WARNING] [logger:66] - 新路径不存在，跳过迁移视频 38: workstore/admin/《金刚经》第八品 依法出生分/output.mp4
[2025-08-07 16:43:55,385] [INFO] [logger:55] - 视频路径迁移完成，共迁移 0 个视频
[2025-08-07 16:43:55,386] [INFO] [logger:55] - 没有发现中断的任务
[2025-08-07 16:43:55,386] [INFO] [logger:55] - 任务恢复完成
[2025-08-07 16:43:55,386] [INFO] [logger:55] - 没有等待中的任务需要启动
[2025-08-07 16:43:55,387] [INFO] [logger:55] - 任务恢复检查完成
[2025-08-07 16:43:56,417] [INFO] [logger:55] - 正在检查并恢复中断的任务...
[2025-08-07 16:43:56,418] [INFO] [logger:55] - 检查服务器启动时是否有中断的任务需要恢复...
[2025-08-07 16:43:56,420] [INFO] [logger:55] - 开始迁移视频路径...
[2025-08-07 16:43:56,420] [INFO] [logger:55] - 迁移视频 13: user1 -> admin
[2025-08-07 16:43:56,420] [WARNING] [logger:66] - 新路径不存在，跳过迁移视频 13: workstore/admin/纳什均衡解析/output.mp4
[2025-08-07 16:43:56,420] [INFO] [logger:55] - 迁移视频 15: user1 -> admin
[2025-08-07 16:43:56,421] [WARNING] [logger:66] - 新路径不存在，跳过迁移视频 15: workstore/admin/白雪公主的童话/output.mp4
[2025-08-07 16:43:56,421] [INFO] [logger:55] - 迁移视频 18: user3 -> test2
[2025-08-07 16:43:56,421] [WARNING] [logger:66] - 新路径不存在，跳过迁移视频 18: workstore/test2/坚持的力量/output.mp4
[2025-08-07 16:43:56,421] [INFO] [logger:55] - 迁移视频 19: user6 -> test4
[2025-08-07 16:43:56,421] [WARNING] [logger:66] - 新路径不存在，跳过迁移视频 19: workstore/test4/白雪公主的故事/output.mp4
[2025-08-07 16:43:56,421] [INFO] [logger:55] - 迁移视频 26: user6 -> test4
[2025-08-07 16:43:56,421] [WARNING] [logger:66] - 新路径不存在，跳过迁移视频 26: workstore/test4/人性弱点智慧/output.mp4
[2025-08-07 16:43:56,421] [INFO] [logger:55] - 迁移视频 27: user6 -> test4
[2025-08-07 16:43:56,421] [WARNING] [logger:66] - 新路径不存在，跳过迁移视频 27: workstore/test4/达克效应之谜/output.mp4
[2025-08-07 16:43:56,422] [INFO] [logger:55] - 迁移视频 32: user6 -> test4
[2025-08-07 16:43:56,422] [WARNING] [logger:66] - 新路径不存在，跳过迁移视频 32: workstore/test4/《金刚经》第一品：法会因由分/output.mp4
[2025-08-07 16:43:56,422] [INFO] [logger:55] - 迁移视频 33: user6 -> test4
[2025-08-07 16:43:56,422] [WARNING] [logger:66] - 新路径不存在，跳过迁移视频 33: workstore/test4/《金刚经》第二品善现启请分/output.mp4
[2025-08-07 16:43:56,422] [INFO] [logger:55] - 迁移视频 34: user1 -> admin
[2025-08-07 16:43:56,422] [WARNING] [logger:66] - 新路径不存在，跳过迁移视频 34: workstore/admin/小红帽的森林奇遇/output.mp4
[2025-08-07 16:43:56,422] [INFO] [logger:55] - 迁移视频 35: user8 -> test9
[2025-08-07 16:43:56,422] [WARNING] [logger:66] - 新路径不存在，跳过迁移视频 35: workstore/test9/《金刚经》第五品 如理实见分/output.mp4
[2025-08-07 16:43:56,423] [INFO] [logger:55] - 迁移视频 36: user8 -> test9
[2025-08-07 16:43:56,423] [WARNING] [logger:66] - 新路径不存在，跳过迁移视频 36: workstore/test9/《金刚经》第六品 正信希有分/output.mp4
[2025-08-07 16:43:56,423] [INFO] [logger:55] - 迁移视频 37: user1 -> admin
[2025-08-07 16:43:56,423] [WARNING] [logger:66] - 新路径不存在，跳过迁移视频 37: workstore/admin/停止按钮背后的故事/output.mp4
[2025-08-07 16:43:56,423] [INFO] [logger:55] - 迁移视频 38: user1 -> admin
[2025-08-07 16:43:56,423] [WARNING] [logger:66] - 新路径不存在，跳过迁移视频 38: workstore/admin/《金刚经》第八品 依法出生分/output.mp4
[2025-08-07 16:43:56,426] [INFO] [logger:55] - 视频路径迁移完成，共迁移 0 个视频
[2025-08-07 16:43:56,427] [INFO] [logger:55] - 没有发现中断的任务
[2025-08-07 16:43:56,427] [INFO] [logger:55] - 任务恢复完成
[2025-08-07 16:43:56,427] [INFO] [logger:55] - 没有等待中的任务需要启动
[2025-08-07 16:43:56,428] [INFO] [logger:55] - 任务恢复检查完成
[2025-08-07 16:44:45,602] [INFO] [logger:55] - 用户 admin 生成视频扣除了 1 条额度，剩余 69 条
[2025-08-07 16:44:45,606] [INFO] [logger:55] - 用户 admin 的任务已加入队列，任务ID: 22
[2025-08-07 16:44:45,625] [INFO] [logger:55] - 开始处理用户 admin 的队列任务，任务ID: 22, 视频ID: 75
[2025-08-07 16:46:26,779] [ERROR] [logger:62] - 队列视频生成任务失败: API调用失败: {'id': '04e39ae2c5836d54f28da5d5c1dd3775', 'data': None, 'base_resp': {'status_code': 2013, 'status_msg': 'invalid params, prompt length must be less than 1500'}}
[2025-08-07 16:47:42,906] [INFO] [logger:55] - 用户 admin 查看我的视频页面，共 10 个视频
[2025-08-07 16:47:43,279] [INFO] [app:2539] - 请求 workstore 文件: admin/解读《庄子》外篇·秋水/covers/cover_4:3.png
[2025-08-07 16:47:43,280] [INFO] [app:2539] - 请求 workstore 文件: admin/庄子教你不刻意的人生/covers/cover_4:3.png
[2025-08-07 16:47:43,286] [INFO] [app:2539] - 请求 workstore 文件: admin/解读《庄子》外篇·达生/covers/cover_4:3.png
[2025-08-07 16:47:43,287] [INFO] [app:2539] - 请求 workstore 文件: admin/庄子教你摆脱刻意人生/covers/cover_4:3.png
[2025-08-07 16:47:43,289] [INFO] [app:2539] - 请求 workstore 文件: admin/三只小猪的智慧/covers/cover_4:3.png
[2025-08-07 16:47:43,375] [INFO] [app:2539] - 请求 workstore 文件: admin/三只小猪历险记/covers/cover_4:3.png
[2025-08-07 16:47:43,378] [INFO] [app:2539] - 请求 workstore 文件: admin/解读《庄子》外篇·在宥/covers/cover_4:3.png
[2025-08-07 16:47:43,390] [INFO] [app:2539] - 请求 workstore 文件: admin/解读《庄子》外篇·马蹄/covers/cover_4:3.png
[2025-08-08 11:21:02,023] [INFO] [logger:55] - 正在检查并恢复中断的任务...
[2025-08-08 11:21:02,023] [INFO] [logger:55] - 检查服务器启动时是否有中断的任务需要恢复...
[2025-08-08 11:21:02,027] [INFO] [logger:55] - 开始迁移视频路径...
[2025-08-08 11:21:02,027] [INFO] [logger:55] - 迁移视频 13: user1 -> admin
[2025-08-08 11:21:02,027] [WARNING] [logger:66] - 新路径不存在，跳过迁移视频 13: workstore/admin/纳什均衡解析/output.mp4
[2025-08-08 11:21:02,027] [INFO] [logger:55] - 迁移视频 15: user1 -> admin
[2025-08-08 11:21:02,028] [WARNING] [logger:66] - 新路径不存在，跳过迁移视频 15: workstore/admin/白雪公主的童话/output.mp4
[2025-08-08 11:21:02,028] [INFO] [logger:55] - 迁移视频 18: user3 -> test2
[2025-08-08 11:21:02,028] [WARNING] [logger:66] - 新路径不存在，跳过迁移视频 18: workstore/test2/坚持的力量/output.mp4
[2025-08-08 11:21:02,028] [INFO] [logger:55] - 迁移视频 19: user6 -> test4
[2025-08-08 11:21:02,028] [WARNING] [logger:66] - 新路径不存在，跳过迁移视频 19: workstore/test4/白雪公主的故事/output.mp4
[2025-08-08 11:21:02,028] [INFO] [logger:55] - 迁移视频 26: user6 -> test4
[2025-08-08 11:21:02,028] [WARNING] [logger:66] - 新路径不存在，跳过迁移视频 26: workstore/test4/人性弱点智慧/output.mp4
[2025-08-08 11:21:02,029] [INFO] [logger:55] - 迁移视频 27: user6 -> test4
[2025-08-08 11:21:02,029] [WARNING] [logger:66] - 新路径不存在，跳过迁移视频 27: workstore/test4/达克效应之谜/output.mp4
[2025-08-08 11:21:02,029] [INFO] [logger:55] - 迁移视频 32: user6 -> test4
[2025-08-08 11:21:02,029] [WARNING] [logger:66] - 新路径不存在，跳过迁移视频 32: workstore/test4/《金刚经》第一品：法会因由分/output.mp4
[2025-08-08 11:21:02,029] [INFO] [logger:55] - 迁移视频 33: user6 -> test4
[2025-08-08 11:21:02,029] [WARNING] [logger:66] - 新路径不存在，跳过迁移视频 33: workstore/test4/《金刚经》第二品善现启请分/output.mp4
[2025-08-08 11:21:02,029] [INFO] [logger:55] - 迁移视频 34: user1 -> admin
[2025-08-08 11:21:02,029] [WARNING] [logger:66] - 新路径不存在，跳过迁移视频 34: workstore/admin/小红帽的森林奇遇/output.mp4
[2025-08-08 11:21:02,029] [INFO] [logger:55] - 迁移视频 35: user8 -> test9
[2025-08-08 11:21:02,029] [WARNING] [logger:66] - 新路径不存在，跳过迁移视频 35: workstore/test9/《金刚经》第五品 如理实见分/output.mp4
[2025-08-08 11:21:02,030] [INFO] [logger:55] - 迁移视频 36: user8 -> test9
[2025-08-08 11:21:02,030] [WARNING] [logger:66] - 新路径不存在，跳过迁移视频 36: workstore/test9/《金刚经》第六品 正信希有分/output.mp4
[2025-08-08 11:21:02,030] [INFO] [logger:55] - 迁移视频 37: user1 -> admin
[2025-08-08 11:21:02,030] [WARNING] [logger:66] - 新路径不存在，跳过迁移视频 37: workstore/admin/停止按钮背后的故事/output.mp4
[2025-08-08 11:21:02,030] [INFO] [logger:55] - 迁移视频 38: user1 -> admin
[2025-08-08 11:21:02,030] [WARNING] [logger:66] - 新路径不存在，跳过迁移视频 38: workstore/admin/《金刚经》第八品 依法出生分/output.mp4
[2025-08-08 11:21:02,033] [INFO] [logger:55] - 视频路径迁移完成，共迁移 0 个视频
[2025-08-08 11:21:02,034] [INFO] [logger:55] - 没有发现中断的任务
[2025-08-08 11:21:02,034] [INFO] [logger:55] - 任务恢复完成
[2025-08-08 11:21:02,035] [INFO] [logger:55] - 没有等待中的任务需要启动
[2025-08-08 11:21:02,035] [INFO] [logger:55] - 任务恢复检查完成
[2025-08-08 11:21:03,022] [INFO] [logger:55] - 正在检查并恢复中断的任务...
[2025-08-08 11:21:03,022] [INFO] [logger:55] - 检查服务器启动时是否有中断的任务需要恢复...
[2025-08-08 11:21:03,025] [INFO] [logger:55] - 开始迁移视频路径...
[2025-08-08 11:21:03,026] [INFO] [logger:55] - 迁移视频 13: user1 -> admin
[2025-08-08 11:21:03,026] [WARNING] [logger:66] - 新路径不存在，跳过迁移视频 13: workstore/admin/纳什均衡解析/output.mp4
[2025-08-08 11:21:03,026] [INFO] [logger:55] - 迁移视频 15: user1 -> admin
[2025-08-08 11:21:03,026] [WARNING] [logger:66] - 新路径不存在，跳过迁移视频 15: workstore/admin/白雪公主的童话/output.mp4
[2025-08-08 11:21:03,026] [INFO] [logger:55] - 迁移视频 18: user3 -> test2
[2025-08-08 11:21:03,026] [WARNING] [logger:66] - 新路径不存在，跳过迁移视频 18: workstore/test2/坚持的力量/output.mp4
[2025-08-08 11:21:03,026] [INFO] [logger:55] - 迁移视频 19: user6 -> test4
[2025-08-08 11:21:03,026] [WARNING] [logger:66] - 新路径不存在，跳过迁移视频 19: workstore/test4/白雪公主的故事/output.mp4
[2025-08-08 11:21:03,027] [INFO] [logger:55] - 迁移视频 26: user6 -> test4
[2025-08-08 11:21:03,027] [WARNING] [logger:66] - 新路径不存在，跳过迁移视频 26: workstore/test4/人性弱点智慧/output.mp4
[2025-08-08 11:21:03,027] [INFO] [logger:55] - 迁移视频 27: user6 -> test4
[2025-08-08 11:21:03,027] [WARNING] [logger:66] - 新路径不存在，跳过迁移视频 27: workstore/test4/达克效应之谜/output.mp4
[2025-08-08 11:21:03,027] [INFO] [logger:55] - 迁移视频 32: user6 -> test4
[2025-08-08 11:21:03,027] [WARNING] [logger:66] - 新路径不存在，跳过迁移视频 32: workstore/test4/《金刚经》第一品：法会因由分/output.mp4
[2025-08-08 11:21:03,027] [INFO] [logger:55] - 迁移视频 33: user6 -> test4
[2025-08-08 11:21:03,027] [WARNING] [logger:66] - 新路径不存在，跳过迁移视频 33: workstore/test4/《金刚经》第二品善现启请分/output.mp4
[2025-08-08 11:21:03,027] [INFO] [logger:55] - 迁移视频 34: user1 -> admin
[2025-08-08 11:21:03,027] [WARNING] [logger:66] - 新路径不存在，跳过迁移视频 34: workstore/admin/小红帽的森林奇遇/output.mp4
[2025-08-08 11:21:03,028] [INFO] [logger:55] - 迁移视频 35: user8 -> test9
[2025-08-08 11:21:03,028] [WARNING] [logger:66] - 新路径不存在，跳过迁移视频 35: workstore/test9/《金刚经》第五品 如理实见分/output.mp4
[2025-08-08 11:21:03,028] [INFO] [logger:55] - 迁移视频 36: user8 -> test9
[2025-08-08 11:21:03,028] [WARNING] [logger:66] - 新路径不存在，跳过迁移视频 36: workstore/test9/《金刚经》第六品 正信希有分/output.mp4
[2025-08-08 11:21:03,028] [INFO] [logger:55] - 迁移视频 37: user1 -> admin
[2025-08-08 11:21:03,028] [WARNING] [logger:66] - 新路径不存在，跳过迁移视频 37: workstore/admin/停止按钮背后的故事/output.mp4
[2025-08-08 11:21:03,028] [INFO] [logger:55] - 迁移视频 38: user1 -> admin
[2025-08-08 11:21:03,028] [WARNING] [logger:66] - 新路径不存在，跳过迁移视频 38: workstore/admin/《金刚经》第八品 依法出生分/output.mp4
[2025-08-08 11:21:03,032] [INFO] [logger:55] - 视频路径迁移完成，共迁移 0 个视频
[2025-08-08 11:21:03,033] [INFO] [logger:55] - 没有发现中断的任务
[2025-08-08 11:21:03,033] [INFO] [logger:55] - 任务恢复完成
[2025-08-08 11:21:03,033] [INFO] [logger:55] - 没有等待中的任务需要启动
[2025-08-08 11:21:03,033] [INFO] [logger:55] - 任务恢复检查完成
[2025-08-08 11:22:31,925] [INFO] [logger:55] - 用户 admin 生成视频扣除了 1 条额度，剩余 68 条
[2025-08-08 11:22:31,930] [INFO] [logger:55] - 用户 admin 的任务已加入队列，任务ID: 23
[2025-08-08 11:22:31,944] [INFO] [logger:55] - 开始处理用户 admin 的队列任务，任务ID: 23, 视频ID: 76
[2025-08-08 11:25:19,913] [ERROR] [logger:62] - 队列视频生成任务失败: API调用失败: {'id': '04e4a11fd81456a68170e4cd39f0ba6e', 'data': None, 'base_resp': {'status_code': 2013, 'status_msg': 'invalid params, prompt length must be less than 1500'}}
[2025-08-08 11:29:08,777] [INFO] [logger:55] - 用户 admin 查看我的视频页面，共 10 个视频
[2025-08-08 11:29:09,271] [INFO] [app:2539] - 请求 workstore 文件: admin/解读《庄子》外篇·秋水/covers/cover_4:3.png
[2025-08-08 11:29:09,272] [INFO] [app:2539] - 请求 workstore 文件: admin/解读《庄子》外篇·达生/covers/cover_4:3.png
[2025-08-08 11:29:09,273] [INFO] [app:2539] - 请求 workstore 文件: admin/庄子教你不刻意的人生/covers/cover_4:3.png
[2025-08-08 11:29:09,278] [INFO] [app:2539] - 请求 workstore 文件: admin/三只小猪的智慧/covers/cover_4:3.png
[2025-08-08 11:29:09,279] [INFO] [app:2539] - 请求 workstore 文件: admin/庄子教你摆脱刻意人生/covers/cover_4:3.png
[2025-08-08 11:29:09,323] [INFO] [app:2539] - 请求 workstore 文件: admin/三只小猪历险记/covers/cover_4:3.png
[2025-08-08 11:29:09,341] [INFO] [app:2539] - 请求 workstore 文件: admin/解读《庄子》外篇·在宥/covers/cover_4:3.png
[2025-08-08 11:30:50,895] [INFO] [logger:55] - 正在检查并恢复中断的任务...
[2025-08-08 11:30:50,895] [INFO] [logger:55] - 检查服务器启动时是否有中断的任务需要恢复...
[2025-08-08 11:30:50,897] [INFO] [logger:55] - 开始迁移视频路径...
[2025-08-08 11:30:50,898] [INFO] [logger:55] - 迁移视频 13: user1 -> admin
[2025-08-08 11:30:50,898] [WARNING] [logger:66] - 新路径不存在，跳过迁移视频 13: workstore/admin/纳什均衡解析/output.mp4
[2025-08-08 11:30:50,898] [INFO] [logger:55] - 迁移视频 15: user1 -> admin
[2025-08-08 11:30:50,898] [WARNING] [logger:66] - 新路径不存在，跳过迁移视频 15: workstore/admin/白雪公主的童话/output.mp4
[2025-08-08 11:30:50,898] [INFO] [logger:55] - 迁移视频 18: user3 -> test2
[2025-08-08 11:30:50,898] [WARNING] [logger:66] - 新路径不存在，跳过迁移视频 18: workstore/test2/坚持的力量/output.mp4
[2025-08-08 11:30:50,899] [INFO] [logger:55] - 迁移视频 19: user6 -> test4
[2025-08-08 11:30:50,899] [WARNING] [logger:66] - 新路径不存在，跳过迁移视频 19: workstore/test4/白雪公主的故事/output.mp4
[2025-08-08 11:30:50,899] [INFO] [logger:55] - 迁移视频 26: user6 -> test4
[2025-08-08 11:30:50,899] [WARNING] [logger:66] - 新路径不存在，跳过迁移视频 26: workstore/test4/人性弱点智慧/output.mp4
[2025-08-08 11:30:50,899] [INFO] [logger:55] - 迁移视频 27: user6 -> test4
[2025-08-08 11:30:50,899] [WARNING] [logger:66] - 新路径不存在，跳过迁移视频 27: workstore/test4/达克效应之谜/output.mp4
[2025-08-08 11:30:50,899] [INFO] [logger:55] - 迁移视频 32: user6 -> test4
[2025-08-08 11:30:50,899] [WARNING] [logger:66] - 新路径不存在，跳过迁移视频 32: workstore/test4/《金刚经》第一品：法会因由分/output.mp4
[2025-08-08 11:30:50,900] [INFO] [logger:55] - 迁移视频 33: user6 -> test4
[2025-08-08 11:30:50,900] [WARNING] [logger:66] - 新路径不存在，跳过迁移视频 33: workstore/test4/《金刚经》第二品善现启请分/output.mp4
[2025-08-08 11:30:50,900] [INFO] [logger:55] - 迁移视频 34: user1 -> admin
[2025-08-08 11:30:50,900] [WARNING] [logger:66] - 新路径不存在，跳过迁移视频 34: workstore/admin/小红帽的森林奇遇/output.mp4
[2025-08-08 11:30:50,900] [INFO] [logger:55] - 迁移视频 35: user8 -> test9
[2025-08-08 11:30:50,900] [WARNING] [logger:66] - 新路径不存在，跳过迁移视频 35: workstore/test9/《金刚经》第五品 如理实见分/output.mp4
[2025-08-08 11:30:50,900] [INFO] [logger:55] - 迁移视频 36: user8 -> test9
[2025-08-08 11:30:50,900] [WARNING] [logger:66] - 新路径不存在，跳过迁移视频 36: workstore/test9/《金刚经》第六品 正信希有分/output.mp4
[2025-08-08 11:30:50,901] [INFO] [logger:55] - 迁移视频 37: user1 -> admin
[2025-08-08 11:30:50,901] [WARNING] [logger:66] - 新路径不存在，跳过迁移视频 37: workstore/admin/停止按钮背后的故事/output.mp4
[2025-08-08 11:30:50,901] [INFO] [logger:55] - 迁移视频 38: user1 -> admin
[2025-08-08 11:30:50,901] [WARNING] [logger:66] - 新路径不存在，跳过迁移视频 38: workstore/admin/《金刚经》第八品 依法出生分/output.mp4
[2025-08-08 11:30:50,905] [INFO] [logger:55] - 视频路径迁移完成，共迁移 0 个视频
[2025-08-08 11:30:50,906] [INFO] [logger:55] - 没有发现中断的任务
[2025-08-08 11:30:50,906] [INFO] [logger:55] - 任务恢复完成
[2025-08-08 11:30:50,907] [INFO] [logger:55] - 没有等待中的任务需要启动
[2025-08-08 11:30:50,907] [INFO] [logger:55] - 任务恢复检查完成
[2025-08-08 11:32:20,383] [INFO] [logger:55] - 用户 admin 生成视频扣除了 1 条额度，剩余 67 条
[2025-08-08 11:32:20,388] [INFO] [logger:55] - 用户 admin 的任务已加入队列，任务ID: 24
[2025-08-08 11:32:20,404] [INFO] [logger:55] - 开始处理用户 admin 的队列任务，任务ID: 24, 视频ID: 77
[2025-08-08 11:36:31,981] [INFO] [logger:55] - 更新视频路径: workstore/admin/解读《庄子》杂篇·庚桑楚/output.mp4
[2025-08-08 11:36:31,982] [INFO] [logger:55] - 更新封面路径: workstore/admin/解读《庄子》杂篇·庚桑楚/covers/cover_4:3.png
[2025-08-08 11:36:31,985] [INFO] [logger:55] - 队列任务完成，任务ID: 24, 视频ID: 77
[2025-08-08 13:53:06,439] [INFO] [logger:55] - 用户 admin 查看我的视频页面，共 10 个视频
[2025-08-08 13:53:06,865] [INFO] [app:2539] - 请求 workstore 文件: admin/解读《庄子》杂篇·庚桑楚/covers/cover_4:3.png
[2025-08-08 13:53:06,874] [INFO] [app:2539] - 请求 workstore 文件: admin/解读《庄子》外篇·达生/covers/cover_4:3.png
[2025-08-08 13:53:06,878] [INFO] [app:2539] - 请求 workstore 文件: admin/庄子教你不刻意的人生/covers/cover_4:3.png
[2025-08-08 13:53:06,881] [INFO] [app:2539] - 请求 workstore 文件: admin/解读《庄子》外篇·秋水/covers/cover_4:3.png
[2025-08-08 13:53:06,883] [INFO] [app:2539] - 请求 workstore 文件: admin/三只小猪的智慧/covers/cover_4:3.png
[2025-08-08 13:53:06,883] [INFO] [app:2539] - 请求 workstore 文件: admin/庄子教你摆脱刻意人生/covers/cover_4:3.png
[2025-08-08 13:53:06,888] [INFO] [app:2539] - 请求 workstore 文件: admin/三只小猪历险记/covers/cover_4:3.png
[2025-08-08 13:53:13,567] [INFO] [app:2457] - 用户 1 请求下载视频 77, 路径: workstore/admin/解读《庄子》杂篇·庚桑楚/output.mp4
[2025-08-08 13:53:13,567] [INFO] [app:2484] - 解析的基础目录: workstore/admin/解读《庄子》杂篇·庚桑楚
[2025-08-08 13:53:13,870] [INFO] [app:2498] - 已添加视频文件到ZIP: workstore/admin/解读《庄子》杂篇·庚桑楚/output.mp4
[2025-08-08 13:53:13,886] [INFO] [app:2510] - 已添加封面文件到ZIP: workstore/admin/解读《庄子》杂篇·庚桑楚/covers/cover_3:4.png
[2025-08-08 13:53:13,900] [INFO] [app:2510] - 已添加封面文件到ZIP: workstore/admin/解读《庄子》杂篇·庚桑楚/covers/cover_4:3.png
[2025-08-08 13:53:13,900] [INFO] [app:2519] - 开始下载，文件名: video_77_20250808135313.zip
[2025-08-08 13:54:50,059] [INFO] [logger:55] - 正在检查并恢复中断的任务...
[2025-08-08 13:54:50,059] [INFO] [logger:55] - 检查服务器启动时是否有中断的任务需要恢复...
[2025-08-08 13:54:50,063] [INFO] [logger:55] - 开始迁移视频路径...
[2025-08-08 13:54:50,063] [INFO] [logger:55] - 迁移视频 13: user1 -> admin
[2025-08-08 13:54:50,063] [WARNING] [logger:66] - 新路径不存在，跳过迁移视频 13: workstore/admin/纳什均衡解析/output.mp4
[2025-08-08 13:54:50,063] [INFO] [logger:55] - 迁移视频 15: user1 -> admin
[2025-08-08 13:54:50,063] [WARNING] [logger:66] - 新路径不存在，跳过迁移视频 15: workstore/admin/白雪公主的童话/output.mp4
[2025-08-08 13:54:50,064] [INFO] [logger:55] - 迁移视频 18: user3 -> test2
[2025-08-08 13:54:50,064] [WARNING] [logger:66] - 新路径不存在，跳过迁移视频 18: workstore/test2/坚持的力量/output.mp4
[2025-08-08 13:54:50,064] [INFO] [logger:55] - 迁移视频 19: user6 -> test4
[2025-08-08 13:54:50,064] [WARNING] [logger:66] - 新路径不存在，跳过迁移视频 19: workstore/test4/白雪公主的故事/output.mp4
[2025-08-08 13:54:50,064] [INFO] [logger:55] - 迁移视频 26: user6 -> test4
[2025-08-08 13:54:50,064] [WARNING] [logger:66] - 新路径不存在，跳过迁移视频 26: workstore/test4/人性弱点智慧/output.mp4
[2025-08-08 13:54:50,064] [INFO] [logger:55] - 迁移视频 27: user6 -> test4
[2025-08-08 13:54:50,064] [WARNING] [logger:66] - 新路径不存在，跳过迁移视频 27: workstore/test4/达克效应之谜/output.mp4
[2025-08-08 13:54:50,064] [INFO] [logger:55] - 迁移视频 32: user6 -> test4
[2025-08-08 13:54:50,064] [WARNING] [logger:66] - 新路径不存在，跳过迁移视频 32: workstore/test4/《金刚经》第一品：法会因由分/output.mp4
[2025-08-08 13:54:50,065] [INFO] [logger:55] - 迁移视频 33: user6 -> test4
[2025-08-08 13:54:50,065] [WARNING] [logger:66] - 新路径不存在，跳过迁移视频 33: workstore/test4/《金刚经》第二品善现启请分/output.mp4
[2025-08-08 13:54:50,065] [INFO] [logger:55] - 迁移视频 34: user1 -> admin
[2025-08-08 13:54:50,065] [WARNING] [logger:66] - 新路径不存在，跳过迁移视频 34: workstore/admin/小红帽的森林奇遇/output.mp4
[2025-08-08 13:54:50,065] [INFO] [logger:55] - 迁移视频 35: user8 -> test9
[2025-08-08 13:54:50,065] [WARNING] [logger:66] - 新路径不存在，跳过迁移视频 35: workstore/test9/《金刚经》第五品 如理实见分/output.mp4
[2025-08-08 13:54:50,065] [INFO] [logger:55] - 迁移视频 36: user8 -> test9
[2025-08-08 13:54:50,065] [WARNING] [logger:66] - 新路径不存在，跳过迁移视频 36: workstore/test9/《金刚经》第六品 正信希有分/output.mp4
[2025-08-08 13:54:50,066] [INFO] [logger:55] - 迁移视频 37: user1 -> admin
[2025-08-08 13:54:50,066] [WARNING] [logger:66] - 新路径不存在，跳过迁移视频 37: workstore/admin/停止按钮背后的故事/output.mp4
[2025-08-08 13:54:50,066] [INFO] [logger:55] - 迁移视频 38: user1 -> admin
[2025-08-08 13:54:50,066] [WARNING] [logger:66] - 新路径不存在，跳过迁移视频 38: workstore/admin/《金刚经》第八品 依法出生分/output.mp4
[2025-08-08 13:54:50,069] [INFO] [logger:55] - 视频路径迁移完成，共迁移 0 个视频
[2025-08-08 13:54:50,070] [INFO] [logger:55] - 没有发现中断的任务
[2025-08-08 13:54:50,070] [INFO] [logger:55] - 任务恢复完成
[2025-08-08 13:54:50,070] [INFO] [logger:55] - 没有等待中的任务需要启动
[2025-08-08 13:54:50,070] [INFO] [logger:55] - 任务恢复检查完成
[2025-08-08 13:55:10,354] [INFO] [logger:55] - 正在检查并恢复中断的任务...
[2025-08-08 13:55:10,354] [INFO] [logger:55] - 检查服务器启动时是否有中断的任务需要恢复...
[2025-08-08 13:55:10,357] [INFO] [logger:55] - 开始迁移视频路径...
[2025-08-08 13:55:10,357] [INFO] [logger:55] - 迁移视频 13: user1 -> admin
[2025-08-08 13:55:10,358] [WARNING] [logger:66] - 新路径不存在，跳过迁移视频 13: workstore/admin/纳什均衡解析/output.mp4
[2025-08-08 13:55:10,358] [INFO] [logger:55] - 迁移视频 15: user1 -> admin
[2025-08-08 13:55:10,358] [WARNING] [logger:66] - 新路径不存在，跳过迁移视频 15: workstore/admin/白雪公主的童话/output.mp4
[2025-08-08 13:55:10,358] [INFO] [logger:55] - 迁移视频 18: user3 -> test2
[2025-08-08 13:55:10,358] [WARNING] [logger:66] - 新路径不存在，跳过迁移视频 18: workstore/test2/坚持的力量/output.mp4
[2025-08-08 13:55:10,358] [INFO] [logger:55] - 迁移视频 19: user6 -> test4
[2025-08-08 13:55:10,358] [WARNING] [logger:66] - 新路径不存在，跳过迁移视频 19: workstore/test4/白雪公主的故事/output.mp4
[2025-08-08 13:55:10,359] [INFO] [logger:55] - 迁移视频 26: user6 -> test4
[2025-08-08 13:55:10,359] [WARNING] [logger:66] - 新路径不存在，跳过迁移视频 26: workstore/test4/人性弱点智慧/output.mp4
[2025-08-08 13:55:10,359] [INFO] [logger:55] - 迁移视频 27: user6 -> test4
[2025-08-08 13:55:10,359] [WARNING] [logger:66] - 新路径不存在，跳过迁移视频 27: workstore/test4/达克效应之谜/output.mp4
[2025-08-08 13:55:10,359] [INFO] [logger:55] - 迁移视频 32: user6 -> test4
[2025-08-08 13:55:10,359] [WARNING] [logger:66] - 新路径不存在，跳过迁移视频 32: workstore/test4/《金刚经》第一品：法会因由分/output.mp4
[2025-08-08 13:55:10,359] [INFO] [logger:55] - 迁移视频 33: user6 -> test4
[2025-08-08 13:55:10,359] [WARNING] [logger:66] - 新路径不存在，跳过迁移视频 33: workstore/test4/《金刚经》第二品善现启请分/output.mp4
[2025-08-08 13:55:10,359] [INFO] [logger:55] - 迁移视频 34: user1 -> admin
[2025-08-08 13:55:10,359] [WARNING] [logger:66] - 新路径不存在，跳过迁移视频 34: workstore/admin/小红帽的森林奇遇/output.mp4
[2025-08-08 13:55:10,360] [INFO] [logger:55] - 迁移视频 35: user8 -> test9
[2025-08-08 13:55:10,360] [WARNING] [logger:66] - 新路径不存在，跳过迁移视频 35: workstore/test9/《金刚经》第五品 如理实见分/output.mp4
[2025-08-08 13:55:10,360] [INFO] [logger:55] - 迁移视频 36: user8 -> test9
[2025-08-08 13:55:10,360] [WARNING] [logger:66] - 新路径不存在，跳过迁移视频 36: workstore/test9/《金刚经》第六品 正信希有分/output.mp4
[2025-08-08 13:55:10,360] [INFO] [logger:55] - 迁移视频 37: user1 -> admin
[2025-08-08 13:55:10,360] [WARNING] [logger:66] - 新路径不存在，跳过迁移视频 37: workstore/admin/停止按钮背后的故事/output.mp4
[2025-08-08 13:55:10,360] [INFO] [logger:55] - 迁移视频 38: user1 -> admin
[2025-08-08 13:55:10,360] [WARNING] [logger:66] - 新路径不存在，跳过迁移视频 38: workstore/admin/《金刚经》第八品 依法出生分/output.mp4
[2025-08-08 13:55:10,363] [INFO] [logger:55] - 视频路径迁移完成，共迁移 0 个视频
[2025-08-08 13:55:10,365] [INFO] [logger:55] - 没有发现中断的任务
[2025-08-08 13:55:10,365] [INFO] [logger:55] - 任务恢复完成
[2025-08-08 13:55:10,365] [INFO] [logger:55] - 没有等待中的任务需要启动
[2025-08-08 13:55:10,365] [INFO] [logger:55] - 任务恢复检查完成
[2025-08-08 13:57:23,143] [INFO] [logger:55] - 用户 admin 生成视频扣除了 1 条额度，剩余 66 条
[2025-08-08 13:57:23,147] [INFO] [logger:55] - 用户 admin 的任务已加入队列，任务ID: 25
[2025-08-08 13:57:23,158] [INFO] [logger:55] - 开始处理用户 admin 的队列任务，任务ID: 25, 视频ID: 78
[2025-08-08 14:04:52,923] [INFO] [logger:55] - 更新视频路径: workstore/admin/解读《庄子》杂篇·则阳/output.mp4
[2025-08-08 14:04:52,924] [INFO] [logger:55] - 更新封面路径: workstore/admin/解读《庄子》杂篇·则阳/covers/cover_4:3.png
[2025-08-08 14:04:52,927] [INFO] [logger:55] - 队列任务完成，任务ID: 25, 视频ID: 78
[2025-08-08 14:07:14,428] [INFO] [logger:55] - 用户 admin 查看我的视频页面，共 10 个视频
[2025-08-08 14:07:14,848] [INFO] [app:2539] - 请求 workstore 文件: admin/解读《庄子》杂篇·则阳/covers/cover_4:3.png
[2025-08-08 14:07:14,849] [INFO] [app:2539] - 请求 workstore 文件: admin/解读《庄子》杂篇·庚桑楚/covers/cover_4:3.png
[2025-08-08 14:07:14,853] [INFO] [app:2539] - 请求 workstore 文件: admin/解读《庄子》外篇·达生/covers/cover_4:3.png
[2025-08-08 14:07:14,853] [INFO] [app:2539] - 请求 workstore 文件: admin/庄子教你不刻意的人生/covers/cover_4:3.png
[2025-08-08 14:07:14,853] [INFO] [app:2539] - 请求 workstore 文件: admin/解读《庄子》外篇·秋水/covers/cover_4:3.png
[2025-08-08 14:07:14,855] [INFO] [app:2539] - 请求 workstore 文件: admin/庄子教你摆脱刻意人生/covers/cover_4:3.png
[2025-08-08 14:07:14,895] [INFO] [app:2539] - 请求 workstore 文件: admin/三只小猪的智慧/covers/cover_4:3.png
[2025-08-08 14:07:14,901] [INFO] [app:2539] - 请求 workstore 文件: admin/三只小猪历险记/covers/cover_4:3.png
[2025-08-08 14:07:16,994] [INFO] [app:2457] - 用户 1 请求下载视频 78, 路径: workstore/admin/解读《庄子》杂篇·则阳/output.mp4
[2025-08-08 14:07:16,995] [INFO] [app:2484] - 解析的基础目录: workstore/admin/解读《庄子》杂篇·则阳
[2025-08-08 14:07:17,736] [INFO] [app:2498] - 已添加视频文件到ZIP: workstore/admin/解读《庄子》杂篇·则阳/output.mp4
[2025-08-08 14:07:17,756] [INFO] [app:2510] - 已添加封面文件到ZIP: workstore/admin/解读《庄子》杂篇·则阳/covers/cover_3:4.png
[2025-08-08 14:07:17,772] [INFO] [app:2510] - 已添加封面文件到ZIP: workstore/admin/解读《庄子》杂篇·则阳/covers/cover_4:3.png
[2025-08-08 14:07:17,772] [INFO] [app:2519] - 开始下载，文件名: video_78_20250808140717.zip
[2025-08-08 14:10:36,063] [INFO] [logger:55] - 正在检查并恢复中断的任务...
[2025-08-08 14:10:36,063] [INFO] [logger:55] - 检查服务器启动时是否有中断的任务需要恢复...
[2025-08-08 14:10:36,067] [INFO] [logger:55] - 开始迁移视频路径...
[2025-08-08 14:10:36,067] [INFO] [logger:55] - 迁移视频 13: user1 -> admin
[2025-08-08 14:10:36,067] [WARNING] [logger:66] - 新路径不存在，跳过迁移视频 13: workstore/admin/纳什均衡解析/output.mp4
[2025-08-08 14:10:36,067] [INFO] [logger:55] - 迁移视频 15: user1 -> admin
[2025-08-08 14:10:36,067] [WARNING] [logger:66] - 新路径不存在，跳过迁移视频 15: workstore/admin/白雪公主的童话/output.mp4
[2025-08-08 14:10:36,068] [INFO] [logger:55] - 迁移视频 18: user3 -> test2
[2025-08-08 14:10:36,068] [WARNING] [logger:66] - 新路径不存在，跳过迁移视频 18: workstore/test2/坚持的力量/output.mp4
[2025-08-08 14:10:36,068] [INFO] [logger:55] - 迁移视频 19: user6 -> test4
[2025-08-08 14:10:36,068] [WARNING] [logger:66] - 新路径不存在，跳过迁移视频 19: workstore/test4/白雪公主的故事/output.mp4
[2025-08-08 14:10:36,068] [INFO] [logger:55] - 迁移视频 26: user6 -> test4
[2025-08-08 14:10:36,068] [WARNING] [logger:66] - 新路径不存在，跳过迁移视频 26: workstore/test4/人性弱点智慧/output.mp4
[2025-08-08 14:10:36,068] [INFO] [logger:55] - 迁移视频 27: user6 -> test4
[2025-08-08 14:10:36,068] [WARNING] [logger:66] - 新路径不存在，跳过迁移视频 27: workstore/test4/达克效应之谜/output.mp4
[2025-08-08 14:10:36,069] [INFO] [logger:55] - 迁移视频 32: user6 -> test4
[2025-08-08 14:10:36,069] [WARNING] [logger:66] - 新路径不存在，跳过迁移视频 32: workstore/test4/《金刚经》第一品：法会因由分/output.mp4
[2025-08-08 14:10:36,069] [INFO] [logger:55] - 迁移视频 33: user6 -> test4
[2025-08-08 14:10:36,069] [WARNING] [logger:66] - 新路径不存在，跳过迁移视频 33: workstore/test4/《金刚经》第二品善现启请分/output.mp4
[2025-08-08 14:10:36,069] [INFO] [logger:55] - 迁移视频 34: user1 -> admin
[2025-08-08 14:10:36,069] [WARNING] [logger:66] - 新路径不存在，跳过迁移视频 34: workstore/admin/小红帽的森林奇遇/output.mp4
[2025-08-08 14:10:36,069] [INFO] [logger:55] - 迁移视频 35: user8 -> test9
[2025-08-08 14:10:36,069] [WARNING] [logger:66] - 新路径不存在，跳过迁移视频 35: workstore/test9/《金刚经》第五品 如理实见分/output.mp4
[2025-08-08 14:10:36,069] [INFO] [logger:55] - 迁移视频 36: user8 -> test9
[2025-08-08 14:10:36,069] [WARNING] [logger:66] - 新路径不存在，跳过迁移视频 36: workstore/test9/《金刚经》第六品 正信希有分/output.mp4
[2025-08-08 14:10:36,070] [INFO] [logger:55] - 迁移视频 37: user1 -> admin
[2025-08-08 14:10:36,070] [WARNING] [logger:66] - 新路径不存在，跳过迁移视频 37: workstore/admin/停止按钮背后的故事/output.mp4
[2025-08-08 14:10:36,070] [INFO] [logger:55] - 迁移视频 38: user1 -> admin
[2025-08-08 14:10:36,070] [WARNING] [logger:66] - 新路径不存在，跳过迁移视频 38: workstore/admin/《金刚经》第八品 依法出生分/output.mp4
[2025-08-08 14:10:36,075] [INFO] [logger:55] - 视频路径迁移完成，共迁移 0 个视频
[2025-08-08 14:10:36,076] [INFO] [logger:55] - 没有发现中断的任务
[2025-08-08 14:10:36,076] [INFO] [logger:55] - 任务恢复完成
[2025-08-08 14:10:36,077] [INFO] [logger:55] - 没有等待中的任务需要启动
[2025-08-08 14:10:36,077] [INFO] [logger:55] - 任务恢复检查完成
[2025-08-08 14:13:55,030] [INFO] [logger:55] - 用户 admin 生成视频扣除了 1 条额度，剩余 65 条
[2025-08-08 14:13:55,034] [INFO] [logger:55] - 用户 admin 的任务已加入队列，任务ID: 26
[2025-08-08 14:13:55,049] [INFO] [logger:55] - 开始处理用户 admin 的队列任务，任务ID: 26, 视频ID: 79
[2025-08-08 14:21:13,755] [INFO] [logger:55] - 更新视频路径: workstore/admin/解读《庄子》杂篇·寓言/output.mp4
[2025-08-08 14:21:13,755] [INFO] [logger:55] - 更新封面路径: workstore/admin/解读《庄子》杂篇·寓言/covers/cover_4:3.png
[2025-08-08 14:21:13,759] [INFO] [logger:55] - 队列任务完成，任务ID: 26, 视频ID: 79
[2025-08-08 14:21:38,746] [INFO] [logger:55] - 用户 admin 查看我的视频页面，共 10 个视频
[2025-08-08 14:21:39,145] [INFO] [app:2539] - 请求 workstore 文件: admin/解读《庄子》杂篇·寓言/covers/cover_4:3.png
[2025-08-08 14:21:39,148] [INFO] [app:2539] - 请求 workstore 文件: admin/解读《庄子》杂篇·则阳/covers/cover_4:3.png
[2025-08-08 14:21:39,156] [INFO] [app:2539] - 请求 workstore 文件: admin/解读《庄子》杂篇·庚桑楚/covers/cover_4:3.png
[2025-08-08 14:21:39,158] [INFO] [app:2539] - 请求 workstore 文件: admin/解读《庄子》外篇·秋水/covers/cover_4:3.png
[2025-08-08 14:21:39,158] [INFO] [app:2539] - 请求 workstore 文件: admin/庄子教你不刻意的人生/covers/cover_4:3.png
[2025-08-08 14:21:39,159] [INFO] [app:2539] - 请求 workstore 文件: admin/解读《庄子》外篇·达生/covers/cover_4:3.png
[2025-08-08 14:21:39,164] [INFO] [app:2539] - 请求 workstore 文件: admin/庄子教你摆脱刻意人生/covers/cover_4:3.png
[2025-08-08 14:21:39,167] [INFO] [app:2539] - 请求 workstore 文件: admin/三只小猪的智慧/covers/cover_4:3.png
[2025-08-08 14:21:41,444] [INFO] [app:2457] - 用户 1 请求下载视频 79, 路径: workstore/admin/解读《庄子》杂篇·寓言/output.mp4
[2025-08-08 14:21:41,444] [INFO] [app:2484] - 解析的基础目录: workstore/admin/解读《庄子》杂篇·寓言
[2025-08-08 14:21:42,062] [INFO] [app:2498] - 已添加视频文件到ZIP: workstore/admin/解读《庄子》杂篇·寓言/output.mp4
[2025-08-08 14:21:42,080] [INFO] [app:2510] - 已添加封面文件到ZIP: workstore/admin/解读《庄子》杂篇·寓言/covers/cover_3:4.png
[2025-08-08 14:21:42,096] [INFO] [app:2510] - 已添加封面文件到ZIP: workstore/admin/解读《庄子》杂篇·寓言/covers/cover_4:3.png
[2025-08-08 14:21:42,097] [INFO] [app:2519] - 开始下载，文件名: video_79_20250808142142.zip
[2025-08-08 14:31:11,253] [INFO] [logger:55] - 正在检查并恢复中断的任务...
[2025-08-08 14:31:11,253] [INFO] [logger:55] - 检查服务器启动时是否有中断的任务需要恢复...
[2025-08-08 14:31:11,257] [INFO] [logger:55] - 开始迁移视频路径...
[2025-08-08 14:31:11,258] [INFO] [logger:55] - 迁移视频 13: user1 -> admin
[2025-08-08 14:31:11,258] [WARNING] [logger:66] - 新路径不存在，跳过迁移视频 13: workstore/admin/纳什均衡解析/output.mp4
[2025-08-08 14:31:11,258] [INFO] [logger:55] - 迁移视频 15: user1 -> admin
[2025-08-08 14:31:11,258] [WARNING] [logger:66] - 新路径不存在，跳过迁移视频 15: workstore/admin/白雪公主的童话/output.mp4
[2025-08-08 14:31:11,258] [INFO] [logger:55] - 迁移视频 18: user3 -> test2
[2025-08-08 14:31:11,258] [WARNING] [logger:66] - 新路径不存在，跳过迁移视频 18: workstore/test2/坚持的力量/output.mp4
[2025-08-08 14:31:11,258] [INFO] [logger:55] - 迁移视频 19: user6 -> test4
[2025-08-08 14:31:11,258] [WARNING] [logger:66] - 新路径不存在，跳过迁移视频 19: workstore/test4/白雪公主的故事/output.mp4
[2025-08-08 14:31:11,259] [INFO] [logger:55] - 迁移视频 26: user6 -> test4
[2025-08-08 14:31:11,259] [WARNING] [logger:66] - 新路径不存在，跳过迁移视频 26: workstore/test4/人性弱点智慧/output.mp4
[2025-08-08 14:31:11,259] [INFO] [logger:55] - 迁移视频 27: user6 -> test4
[2025-08-08 14:31:11,259] [WARNING] [logger:66] - 新路径不存在，跳过迁移视频 27: workstore/test4/达克效应之谜/output.mp4
[2025-08-08 14:31:11,259] [INFO] [logger:55] - 迁移视频 32: user6 -> test4
[2025-08-08 14:31:11,259] [WARNING] [logger:66] - 新路径不存在，跳过迁移视频 32: workstore/test4/《金刚经》第一品：法会因由分/output.mp4
[2025-08-08 14:31:11,259] [INFO] [logger:55] - 迁移视频 33: user6 -> test4
[2025-08-08 14:31:11,259] [WARNING] [logger:66] - 新路径不存在，跳过迁移视频 33: workstore/test4/《金刚经》第二品善现启请分/output.mp4
[2025-08-08 14:31:11,259] [INFO] [logger:55] - 迁移视频 34: user1 -> admin
[2025-08-08 14:31:11,259] [WARNING] [logger:66] - 新路径不存在，跳过迁移视频 34: workstore/admin/小红帽的森林奇遇/output.mp4
[2025-08-08 14:31:11,260] [INFO] [logger:55] - 迁移视频 35: user8 -> test9
[2025-08-08 14:31:11,260] [WARNING] [logger:66] - 新路径不存在，跳过迁移视频 35: workstore/test9/《金刚经》第五品 如理实见分/output.mp4
[2025-08-08 14:31:11,260] [INFO] [logger:55] - 迁移视频 36: user8 -> test9
[2025-08-08 14:31:11,260] [WARNING] [logger:66] - 新路径不存在，跳过迁移视频 36: workstore/test9/《金刚经》第六品 正信希有分/output.mp4
[2025-08-08 14:31:11,260] [INFO] [logger:55] - 迁移视频 37: user1 -> admin
[2025-08-08 14:31:11,260] [WARNING] [logger:66] - 新路径不存在，跳过迁移视频 37: workstore/admin/停止按钮背后的故事/output.mp4
[2025-08-08 14:31:11,260] [INFO] [logger:55] - 迁移视频 38: user1 -> admin
[2025-08-08 14:31:11,260] [WARNING] [logger:66] - 新路径不存在，跳过迁移视频 38: workstore/admin/《金刚经》第八品 依法出生分/output.mp4
[2025-08-08 14:31:11,264] [INFO] [logger:55] - 视频路径迁移完成，共迁移 0 个视频
[2025-08-08 14:31:11,265] [INFO] [logger:55] - 没有发现中断的任务
[2025-08-08 14:31:11,265] [INFO] [logger:55] - 任务恢复完成
[2025-08-08 14:31:11,265] [INFO] [logger:55] - 没有等待中的任务需要启动
[2025-08-08 14:31:11,265] [INFO] [logger:55] - 任务恢复检查完成
[2025-08-08 14:32:00,794] [INFO] [logger:55] - 正在检查并恢复中断的任务...
[2025-08-08 14:32:00,795] [INFO] [logger:55] - 检查服务器启动时是否有中断的任务需要恢复...
[2025-08-08 14:32:00,799] [INFO] [logger:55] - 开始迁移视频路径...
[2025-08-08 14:32:00,799] [INFO] [logger:55] - 迁移视频 13: user1 -> admin
[2025-08-08 14:32:00,799] [WARNING] [logger:66] - 新路径不存在，跳过迁移视频 13: workstore/admin/纳什均衡解析/output.mp4
[2025-08-08 14:32:00,800] [INFO] [logger:55] - 迁移视频 15: user1 -> admin
[2025-08-08 14:32:00,800] [WARNING] [logger:66] - 新路径不存在，跳过迁移视频 15: workstore/admin/白雪公主的童话/output.mp4
[2025-08-08 14:32:00,800] [INFO] [logger:55] - 迁移视频 18: user3 -> test2
[2025-08-08 14:32:00,800] [WARNING] [logger:66] - 新路径不存在，跳过迁移视频 18: workstore/test2/坚持的力量/output.mp4
[2025-08-08 14:32:00,800] [INFO] [logger:55] - 迁移视频 19: user6 -> test4
[2025-08-08 14:32:00,800] [WARNING] [logger:66] - 新路径不存在，跳过迁移视频 19: workstore/test4/白雪公主的故事/output.mp4
[2025-08-08 14:32:00,800] [INFO] [logger:55] - 迁移视频 26: user6 -> test4
[2025-08-08 14:32:00,800] [WARNING] [logger:66] - 新路径不存在，跳过迁移视频 26: workstore/test4/人性弱点智慧/output.mp4
[2025-08-08 14:32:00,801] [INFO] [logger:55] - 迁移视频 27: user6 -> test4
[2025-08-08 14:32:00,801] [WARNING] [logger:66] - 新路径不存在，跳过迁移视频 27: workstore/test4/达克效应之谜/output.mp4
[2025-08-08 14:32:00,801] [INFO] [logger:55] - 迁移视频 32: user6 -> test4
[2025-08-08 14:32:00,801] [WARNING] [logger:66] - 新路径不存在，跳过迁移视频 32: workstore/test4/《金刚经》第一品：法会因由分/output.mp4
[2025-08-08 14:32:00,801] [INFO] [logger:55] - 迁移视频 33: user6 -> test4
[2025-08-08 14:32:00,801] [WARNING] [logger:66] - 新路径不存在，跳过迁移视频 33: workstore/test4/《金刚经》第二品善现启请分/output.mp4
[2025-08-08 14:32:00,801] [INFO] [logger:55] - 迁移视频 34: user1 -> admin
[2025-08-08 14:32:00,801] [WARNING] [logger:66] - 新路径不存在，跳过迁移视频 34: workstore/admin/小红帽的森林奇遇/output.mp4
[2025-08-08 14:32:00,801] [INFO] [logger:55] - 迁移视频 35: user8 -> test9
[2025-08-08 14:32:00,801] [WARNING] [logger:66] - 新路径不存在，跳过迁移视频 35: workstore/test9/《金刚经》第五品 如理实见分/output.mp4
[2025-08-08 14:32:00,802] [INFO] [logger:55] - 迁移视频 36: user8 -> test9
[2025-08-08 14:32:00,802] [WARNING] [logger:66] - 新路径不存在，跳过迁移视频 36: workstore/test9/《金刚经》第六品 正信希有分/output.mp4
[2025-08-08 14:32:00,802] [INFO] [logger:55] - 迁移视频 37: user1 -> admin
[2025-08-08 14:32:00,802] [WARNING] [logger:66] - 新路径不存在，跳过迁移视频 37: workstore/admin/停止按钮背后的故事/output.mp4
[2025-08-08 14:32:00,802] [INFO] [logger:55] - 迁移视频 38: user1 -> admin
[2025-08-08 14:32:00,802] [WARNING] [logger:66] - 新路径不存在，跳过迁移视频 38: workstore/admin/《金刚经》第八品 依法出生分/output.mp4
[2025-08-08 14:32:00,806] [INFO] [logger:55] - 视频路径迁移完成，共迁移 0 个视频
[2025-08-08 14:32:00,807] [INFO] [logger:55] - 没有发现中断的任务
[2025-08-08 14:32:00,807] [INFO] [logger:55] - 任务恢复完成
[2025-08-08 14:32:00,807] [INFO] [logger:55] - 没有等待中的任务需要启动
[2025-08-08 14:32:00,807] [INFO] [logger:55] - 任务恢复检查完成
[2025-08-08 14:35:04,613] [INFO] [logger:55] - 正在检查并恢复中断的任务...
[2025-08-08 14:35:04,613] [INFO] [logger:55] - 检查服务器启动时是否有中断的任务需要恢复...
[2025-08-08 14:35:04,616] [INFO] [logger:55] - 开始迁移视频路径...
[2025-08-08 14:35:04,617] [INFO] [logger:55] - 迁移视频 13: user1 -> admin
[2025-08-08 14:35:04,617] [WARNING] [logger:66] - 新路径不存在，跳过迁移视频 13: workstore/admin/纳什均衡解析/output.mp4
[2025-08-08 14:35:04,617] [INFO] [logger:55] - 迁移视频 15: user1 -> admin
[2025-08-08 14:35:04,617] [WARNING] [logger:66] - 新路径不存在，跳过迁移视频 15: workstore/admin/白雪公主的童话/output.mp4
[2025-08-08 14:35:04,617] [INFO] [logger:55] - 迁移视频 18: user3 -> test2
[2025-08-08 14:35:04,617] [WARNING] [logger:66] - 新路径不存在，跳过迁移视频 18: workstore/test2/坚持的力量/output.mp4
[2025-08-08 14:35:04,617] [INFO] [logger:55] - 迁移视频 19: user6 -> test4
[2025-08-08 14:35:04,618] [WARNING] [logger:66] - 新路径不存在，跳过迁移视频 19: workstore/test4/白雪公主的故事/output.mp4
[2025-08-08 14:35:04,618] [INFO] [logger:55] - 迁移视频 26: user6 -> test4
[2025-08-08 14:35:04,618] [WARNING] [logger:66] - 新路径不存在，跳过迁移视频 26: workstore/test4/人性弱点智慧/output.mp4
[2025-08-08 14:35:04,618] [INFO] [logger:55] - 迁移视频 27: user6 -> test4
[2025-08-08 14:35:04,618] [WARNING] [logger:66] - 新路径不存在，跳过迁移视频 27: workstore/test4/达克效应之谜/output.mp4
[2025-08-08 14:35:04,618] [INFO] [logger:55] - 迁移视频 32: user6 -> test4
[2025-08-08 14:35:04,618] [WARNING] [logger:66] - 新路径不存在，跳过迁移视频 32: workstore/test4/《金刚经》第一品：法会因由分/output.mp4
[2025-08-08 14:35:04,618] [INFO] [logger:55] - 迁移视频 33: user6 -> test4
[2025-08-08 14:35:04,618] [WARNING] [logger:66] - 新路径不存在，跳过迁移视频 33: workstore/test4/《金刚经》第二品善现启请分/output.mp4
[2025-08-08 14:35:04,619] [INFO] [logger:55] - 迁移视频 34: user1 -> admin
[2025-08-08 14:35:04,619] [WARNING] [logger:66] - 新路径不存在，跳过迁移视频 34: workstore/admin/小红帽的森林奇遇/output.mp4
[2025-08-08 14:35:04,619] [INFO] [logger:55] - 迁移视频 35: user8 -> test9
[2025-08-08 14:35:04,619] [WARNING] [logger:66] - 新路径不存在，跳过迁移视频 35: workstore/test9/《金刚经》第五品 如理实见分/output.mp4
[2025-08-08 14:35:04,619] [INFO] [logger:55] - 迁移视频 36: user8 -> test9
[2025-08-08 14:35:04,619] [WARNING] [logger:66] - 新路径不存在，跳过迁移视频 36: workstore/test9/《金刚经》第六品 正信希有分/output.mp4
[2025-08-08 14:35:04,619] [INFO] [logger:55] - 迁移视频 37: user1 -> admin
[2025-08-08 14:35:04,619] [WARNING] [logger:66] - 新路径不存在，跳过迁移视频 37: workstore/admin/停止按钮背后的故事/output.mp4
[2025-08-08 14:35:04,619] [INFO] [logger:55] - 迁移视频 38: user1 -> admin
[2025-08-08 14:35:04,619] [WARNING] [logger:66] - 新路径不存在，跳过迁移视频 38: workstore/admin/《金刚经》第八品 依法出生分/output.mp4
[2025-08-08 14:35:04,623] [INFO] [logger:55] - 视频路径迁移完成，共迁移 0 个视频
[2025-08-08 14:35:04,624] [INFO] [logger:55] - 没有发现中断的任务
[2025-08-08 14:35:04,624] [INFO] [logger:55] - 任务恢复完成
[2025-08-08 14:35:04,624] [INFO] [logger:55] - 没有等待中的任务需要启动
[2025-08-08 14:35:04,624] [INFO] [logger:55] - 任务恢复检查完成
[2025-08-08 14:38:37,627] [INFO] [logger:55] - 正在检查并恢复中断的任务...
[2025-08-08 14:38:37,627] [INFO] [logger:55] - 检查服务器启动时是否有中断的任务需要恢复...
[2025-08-08 14:38:37,631] [INFO] [logger:55] - 开始迁移视频路径...
[2025-08-08 14:38:37,631] [INFO] [logger:55] - 迁移视频 13: user1 -> admin
[2025-08-08 14:38:37,631] [WARNING] [logger:66] - 新路径不存在，跳过迁移视频 13: workstore/admin/纳什均衡解析/output.mp4
[2025-08-08 14:38:37,631] [INFO] [logger:55] - 迁移视频 15: user1 -> admin
[2025-08-08 14:38:37,631] [WARNING] [logger:66] - 新路径不存在，跳过迁移视频 15: workstore/admin/白雪公主的童话/output.mp4
[2025-08-08 14:38:37,632] [INFO] [logger:55] - 迁移视频 18: user3 -> test2
[2025-08-08 14:38:37,632] [WARNING] [logger:66] - 新路径不存在，跳过迁移视频 18: workstore/test2/坚持的力量/output.mp4
[2025-08-08 14:38:37,632] [INFO] [logger:55] - 迁移视频 19: user6 -> test4
[2025-08-08 14:38:37,632] [WARNING] [logger:66] - 新路径不存在，跳过迁移视频 19: workstore/test4/白雪公主的故事/output.mp4
[2025-08-08 14:38:37,632] [INFO] [logger:55] - 迁移视频 26: user6 -> test4
[2025-08-08 14:38:37,632] [WARNING] [logger:66] - 新路径不存在，跳过迁移视频 26: workstore/test4/人性弱点智慧/output.mp4
[2025-08-08 14:38:37,632] [INFO] [logger:55] - 迁移视频 27: user6 -> test4
[2025-08-08 14:38:37,632] [WARNING] [logger:66] - 新路径不存在，跳过迁移视频 27: workstore/test4/达克效应之谜/output.mp4
[2025-08-08 14:38:37,632] [INFO] [logger:55] - 迁移视频 32: user6 -> test4
[2025-08-08 14:38:37,632] [WARNING] [logger:66] - 新路径不存在，跳过迁移视频 32: workstore/test4/《金刚经》第一品：法会因由分/output.mp4
[2025-08-08 14:38:37,633] [INFO] [logger:55] - 迁移视频 33: user6 -> test4
[2025-08-08 14:38:37,633] [WARNING] [logger:66] - 新路径不存在，跳过迁移视频 33: workstore/test4/《金刚经》第二品善现启请分/output.mp4
[2025-08-08 14:38:37,633] [INFO] [logger:55] - 迁移视频 34: user1 -> admin
[2025-08-08 14:38:37,633] [WARNING] [logger:66] - 新路径不存在，跳过迁移视频 34: workstore/admin/小红帽的森林奇遇/output.mp4
[2025-08-08 14:38:37,633] [INFO] [logger:55] - 迁移视频 35: user8 -> test9
[2025-08-08 14:38:37,633] [WARNING] [logger:66] - 新路径不存在，跳过迁移视频 35: workstore/test9/《金刚经》第五品 如理实见分/output.mp4
[2025-08-08 14:38:37,633] [INFO] [logger:55] - 迁移视频 36: user8 -> test9
[2025-08-08 14:38:37,633] [WARNING] [logger:66] - 新路径不存在，跳过迁移视频 36: workstore/test9/《金刚经》第六品 正信希有分/output.mp4
[2025-08-08 14:38:37,634] [INFO] [logger:55] - 迁移视频 37: user1 -> admin
[2025-08-08 14:38:37,634] [WARNING] [logger:66] - 新路径不存在，跳过迁移视频 37: workstore/admin/停止按钮背后的故事/output.mp4
[2025-08-08 14:38:37,634] [INFO] [logger:55] - 迁移视频 38: user1 -> admin
[2025-08-08 14:38:37,634] [WARNING] [logger:66] - 新路径不存在，跳过迁移视频 38: workstore/admin/《金刚经》第八品 依法出生分/output.mp4
[2025-08-08 14:38:37,637] [INFO] [logger:55] - 视频路径迁移完成，共迁移 0 个视频
[2025-08-08 14:38:37,638] [INFO] [logger:55] - 没有发现中断的任务
[2025-08-08 14:38:37,638] [INFO] [logger:55] - 任务恢复完成
[2025-08-08 14:38:37,638] [INFO] [logger:55] - 没有等待中的任务需要启动
[2025-08-08 14:38:37,638] [INFO] [logger:55] - 任务恢复检查完成
[2025-08-08 14:39:19,728] [INFO] [logger:55] - 正在检查并恢复中断的任务...
[2025-08-08 14:39:19,728] [INFO] [logger:55] - 检查服务器启动时是否有中断的任务需要恢复...
[2025-08-08 14:39:19,731] [INFO] [logger:55] - 开始迁移视频路径...
[2025-08-08 14:39:19,731] [INFO] [logger:55] - 迁移视频 13: user1 -> admin
[2025-08-08 14:39:19,731] [WARNING] [logger:66] - 新路径不存在，跳过迁移视频 13: workstore/admin/纳什均衡解析/output.mp4
[2025-08-08 14:39:19,732] [INFO] [logger:55] - 迁移视频 15: user1 -> admin
[2025-08-08 14:39:19,732] [WARNING] [logger:66] - 新路径不存在，跳过迁移视频 15: workstore/admin/白雪公主的童话/output.mp4
[2025-08-08 14:39:19,732] [INFO] [logger:55] - 迁移视频 18: user3 -> test2
[2025-08-08 14:39:19,732] [WARNING] [logger:66] - 新路径不存在，跳过迁移视频 18: workstore/test2/坚持的力量/output.mp4
[2025-08-08 14:39:19,732] [INFO] [logger:55] - 迁移视频 19: user6 -> test4
[2025-08-08 14:39:19,732] [WARNING] [logger:66] - 新路径不存在，跳过迁移视频 19: workstore/test4/白雪公主的故事/output.mp4
[2025-08-08 14:39:19,732] [INFO] [logger:55] - 迁移视频 26: user6 -> test4
[2025-08-08 14:39:19,733] [WARNING] [logger:66] - 新路径不存在，跳过迁移视频 26: workstore/test4/人性弱点智慧/output.mp4
[2025-08-08 14:39:19,733] [INFO] [logger:55] - 迁移视频 27: user6 -> test4
[2025-08-08 14:39:19,733] [WARNING] [logger:66] - 新路径不存在，跳过迁移视频 27: workstore/test4/达克效应之谜/output.mp4
[2025-08-08 14:39:19,733] [INFO] [logger:55] - 迁移视频 32: user6 -> test4
[2025-08-08 14:39:19,733] [WARNING] [logger:66] - 新路径不存在，跳过迁移视频 32: workstore/test4/《金刚经》第一品：法会因由分/output.mp4
[2025-08-08 14:39:19,733] [INFO] [logger:55] - 迁移视频 33: user6 -> test4
[2025-08-08 14:39:19,733] [WARNING] [logger:66] - 新路径不存在，跳过迁移视频 33: workstore/test4/《金刚经》第二品善现启请分/output.mp4
[2025-08-08 14:39:19,733] [INFO] [logger:55] - 迁移视频 34: user1 -> admin
[2025-08-08 14:39:19,733] [WARNING] [logger:66] - 新路径不存在，跳过迁移视频 34: workstore/admin/小红帽的森林奇遇/output.mp4
[2025-08-08 14:39:19,734] [INFO] [logger:55] - 迁移视频 35: user8 -> test9
[2025-08-08 14:39:19,734] [WARNING] [logger:66] - 新路径不存在，跳过迁移视频 35: workstore/test9/《金刚经》第五品 如理实见分/output.mp4
[2025-08-08 14:39:19,734] [INFO] [logger:55] - 迁移视频 36: user8 -> test9
[2025-08-08 14:39:19,734] [WARNING] [logger:66] - 新路径不存在，跳过迁移视频 36: workstore/test9/《金刚经》第六品 正信希有分/output.mp4
[2025-08-08 14:39:19,734] [INFO] [logger:55] - 迁移视频 37: user1 -> admin
[2025-08-08 14:39:19,734] [WARNING] [logger:66] - 新路径不存在，跳过迁移视频 37: workstore/admin/停止按钮背后的故事/output.mp4
[2025-08-08 14:39:19,734] [INFO] [logger:55] - 迁移视频 38: user1 -> admin
[2025-08-08 14:39:19,734] [WARNING] [logger:66] - 新路径不存在，跳过迁移视频 38: workstore/admin/《金刚经》第八品 依法出生分/output.mp4
[2025-08-08 14:39:19,738] [INFO] [logger:55] - 视频路径迁移完成，共迁移 0 个视频
[2025-08-08 14:39:19,739] [INFO] [logger:55] - 没有发现中断的任务
[2025-08-08 14:39:19,739] [INFO] [logger:55] - 任务恢复完成
[2025-08-08 14:39:19,739] [INFO] [logger:55] - 没有等待中的任务需要启动
[2025-08-08 14:39:19,739] [INFO] [logger:55] - 任务恢复检查完成
[2025-08-08 14:39:20,673] [INFO] [logger:55] - 正在检查并恢复中断的任务...
[2025-08-08 14:39:20,673] [INFO] [logger:55] - 检查服务器启动时是否有中断的任务需要恢复...
[2025-08-08 14:39:20,678] [INFO] [logger:55] - 开始迁移视频路径...
[2025-08-08 14:39:20,678] [INFO] [logger:55] - 迁移视频 13: user1 -> admin
[2025-08-08 14:39:20,678] [WARNING] [logger:66] - 新路径不存在，跳过迁移视频 13: workstore/admin/纳什均衡解析/output.mp4
[2025-08-08 14:39:20,678] [INFO] [logger:55] - 迁移视频 15: user1 -> admin
[2025-08-08 14:39:20,678] [WARNING] [logger:66] - 新路径不存在，跳过迁移视频 15: workstore/admin/白雪公主的童话/output.mp4
[2025-08-08 14:39:20,678] [INFO] [logger:55] - 迁移视频 18: user3 -> test2
[2025-08-08 14:39:20,678] [WARNING] [logger:66] - 新路径不存在，跳过迁移视频 18: workstore/test2/坚持的力量/output.mp4
[2025-08-08 14:39:20,679] [INFO] [logger:55] - 迁移视频 19: user6 -> test4
[2025-08-08 14:39:20,679] [WARNING] [logger:66] - 新路径不存在，跳过迁移视频 19: workstore/test4/白雪公主的故事/output.mp4
[2025-08-08 14:39:20,679] [INFO] [logger:55] - 迁移视频 26: user6 -> test4
[2025-08-08 14:39:20,679] [WARNING] [logger:66] - 新路径不存在，跳过迁移视频 26: workstore/test4/人性弱点智慧/output.mp4
[2025-08-08 14:39:20,679] [INFO] [logger:55] - 迁移视频 27: user6 -> test4
[2025-08-08 14:39:20,679] [WARNING] [logger:66] - 新路径不存在，跳过迁移视频 27: workstore/test4/达克效应之谜/output.mp4
[2025-08-08 14:39:20,680] [INFO] [logger:55] - 迁移视频 32: user6 -> test4
[2025-08-08 14:39:20,680] [WARNING] [logger:66] - 新路径不存在，跳过迁移视频 32: workstore/test4/《金刚经》第一品：法会因由分/output.mp4
[2025-08-08 14:39:20,680] [INFO] [logger:55] - 迁移视频 33: user6 -> test4
[2025-08-08 14:39:20,680] [WARNING] [logger:66] - 新路径不存在，跳过迁移视频 33: workstore/test4/《金刚经》第二品善现启请分/output.mp4
[2025-08-08 14:39:20,680] [INFO] [logger:55] - 迁移视频 34: user1 -> admin
[2025-08-08 14:39:20,680] [WARNING] [logger:66] - 新路径不存在，跳过迁移视频 34: workstore/admin/小红帽的森林奇遇/output.mp4
[2025-08-08 14:39:20,681] [INFO] [logger:55] - 迁移视频 35: user8 -> test9
[2025-08-08 14:39:20,681] [WARNING] [logger:66] - 新路径不存在，跳过迁移视频 35: workstore/test9/《金刚经》第五品 如理实见分/output.mp4
[2025-08-08 14:39:20,681] [INFO] [logger:55] - 迁移视频 36: user8 -> test9
[2025-08-08 14:39:20,681] [WARNING] [logger:66] - 新路径不存在，跳过迁移视频 36: workstore/test9/《金刚经》第六品 正信希有分/output.mp4
[2025-08-08 14:39:20,681] [INFO] [logger:55] - 迁移视频 37: user1 -> admin
[2025-08-08 14:39:20,681] [WARNING] [logger:66] - 新路径不存在，跳过迁移视频 37: workstore/admin/停止按钮背后的故事/output.mp4
[2025-08-08 14:39:20,681] [INFO] [logger:55] - 迁移视频 38: user1 -> admin
[2025-08-08 14:39:20,681] [WARNING] [logger:66] - 新路径不存在，跳过迁移视频 38: workstore/admin/《金刚经》第八品 依法出生分/output.mp4
[2025-08-08 14:39:20,685] [INFO] [logger:55] - 视频路径迁移完成，共迁移 0 个视频
[2025-08-08 14:39:20,686] [INFO] [logger:55] - 没有发现中断的任务
[2025-08-08 14:39:20,686] [INFO] [logger:55] - 任务恢复完成
[2025-08-08 14:39:20,686] [INFO] [logger:55] - 没有等待中的任务需要启动
[2025-08-08 14:39:20,687] [INFO] [logger:55] - 任务恢复检查完成
[2025-08-08 14:41:16,766] [INFO] [logger:55] - 正在检查并恢复中断的任务...
[2025-08-08 14:41:16,766] [INFO] [logger:55] - 检查服务器启动时是否有中断的任务需要恢复...
[2025-08-08 14:41:16,769] [INFO] [logger:55] - 开始迁移视频路径...
[2025-08-08 14:41:16,770] [INFO] [logger:55] - 迁移视频 13: user1 -> admin
[2025-08-08 14:41:16,770] [WARNING] [logger:66] - 新路径不存在，跳过迁移视频 13: workstore/admin/纳什均衡解析/output.mp4
[2025-08-08 14:41:16,770] [INFO] [logger:55] - 迁移视频 15: user1 -> admin
[2025-08-08 14:41:16,770] [WARNING] [logger:66] - 新路径不存在，跳过迁移视频 15: workstore/admin/白雪公主的童话/output.mp4
[2025-08-08 14:41:16,770] [INFO] [logger:55] - 迁移视频 18: user3 -> test2
[2025-08-08 14:41:16,770] [WARNING] [logger:66] - 新路径不存在，跳过迁移视频 18: workstore/test2/坚持的力量/output.mp4
[2025-08-08 14:41:16,770] [INFO] [logger:55] - 迁移视频 19: user6 -> test4
[2025-08-08 14:41:16,771] [WARNING] [logger:66] - 新路径不存在，跳过迁移视频 19: workstore/test4/白雪公主的故事/output.mp4
[2025-08-08 14:41:16,771] [INFO] [logger:55] - 迁移视频 26: user6 -> test4
[2025-08-08 14:41:16,771] [WARNING] [logger:66] - 新路径不存在，跳过迁移视频 26: workstore/test4/人性弱点智慧/output.mp4
[2025-08-08 14:41:16,771] [INFO] [logger:55] - 迁移视频 27: user6 -> test4
[2025-08-08 14:41:16,771] [WARNING] [logger:66] - 新路径不存在，跳过迁移视频 27: workstore/test4/达克效应之谜/output.mp4
[2025-08-08 14:41:16,771] [INFO] [logger:55] - 迁移视频 32: user6 -> test4
[2025-08-08 14:41:16,771] [WARNING] [logger:66] - 新路径不存在，跳过迁移视频 32: workstore/test4/《金刚经》第一品：法会因由分/output.mp4
[2025-08-08 14:41:16,771] [INFO] [logger:55] - 迁移视频 33: user6 -> test4
[2025-08-08 14:41:16,771] [WARNING] [logger:66] - 新路径不存在，跳过迁移视频 33: workstore/test4/《金刚经》第二品善现启请分/output.mp4
[2025-08-08 14:41:16,771] [INFO] [logger:55] - 迁移视频 34: user1 -> admin
[2025-08-08 14:41:16,771] [WARNING] [logger:66] - 新路径不存在，跳过迁移视频 34: workstore/admin/小红帽的森林奇遇/output.mp4
[2025-08-08 14:41:16,772] [INFO] [logger:55] - 迁移视频 35: user8 -> test9
[2025-08-08 14:41:16,772] [WARNING] [logger:66] - 新路径不存在，跳过迁移视频 35: workstore/test9/《金刚经》第五品 如理实见分/output.mp4
[2025-08-08 14:41:16,772] [INFO] [logger:55] - 迁移视频 36: user8 -> test9
[2025-08-08 14:41:16,772] [WARNING] [logger:66] - 新路径不存在，跳过迁移视频 36: workstore/test9/《金刚经》第六品 正信希有分/output.mp4
[2025-08-08 14:41:16,772] [INFO] [logger:55] - 迁移视频 37: user1 -> admin
[2025-08-08 14:41:16,772] [WARNING] [logger:66] - 新路径不存在，跳过迁移视频 37: workstore/admin/停止按钮背后的故事/output.mp4
[2025-08-08 14:41:16,772] [INFO] [logger:55] - 迁移视频 38: user1 -> admin
[2025-08-08 14:41:16,772] [WARNING] [logger:66] - 新路径不存在，跳过迁移视频 38: workstore/admin/《金刚经》第八品 依法出生分/output.mp4
[2025-08-08 14:41:16,776] [INFO] [logger:55] - 视频路径迁移完成，共迁移 0 个视频
[2025-08-08 14:41:16,777] [INFO] [logger:55] - 没有发现中断的任务
[2025-08-08 14:41:16,777] [INFO] [logger:55] - 任务恢复完成
[2025-08-08 14:41:16,777] [INFO] [logger:55] - 没有等待中的任务需要启动
[2025-08-08 14:41:16,777] [INFO] [logger:55] - 任务恢复检查完成
[2025-08-08 14:42:02,011] [INFO] [logger:55] - 用户 admin 生成视频扣除了 1 条额度，剩余 64 条
[2025-08-08 14:42:02,016] [INFO] [logger:55] - 用户 admin 的任务已加入队列，任务ID: 27
[2025-08-08 14:42:02,042] [INFO] [logger:55] - 开始处理用户 admin 的队列任务，任务ID: 27, 视频ID: 80
[2025-08-08 14:49:29,349] [INFO] [logger:55] - 更新视频路径: workstore/admin/解读《庄子》杂篇·盗跖/output.mp4
[2025-08-08 14:49:29,349] [INFO] [logger:55] - 更新封面路径: workstore/admin/解读《庄子》杂篇·盗跖/covers/cover_4:3.png
[2025-08-08 14:49:29,353] [INFO] [logger:55] - 队列任务完成，任务ID: 27, 视频ID: 80
[2025-08-08 14:53:18,812] [INFO] [logger:55] - 用户 admin 查看我的视频页面，共 10 个视频
[2025-08-08 14:53:19,204] [INFO] [app:2539] - 请求 workstore 文件: admin/解读《庄子》杂篇·盗跖/covers/cover_4:3.png
[2025-08-08 14:53:19,205] [INFO] [app:2539] - 请求 workstore 文件: admin/解读《庄子》杂篇·寓言/covers/cover_4:3.png
[2025-08-08 14:53:19,214] [INFO] [app:2539] - 请求 workstore 文件: admin/解读《庄子》杂篇·庚桑楚/covers/cover_4:3.png
[2025-08-08 14:53:19,215] [INFO] [app:2539] - 请求 workstore 文件: admin/解读《庄子》杂篇·则阳/covers/cover_4:3.png
[2025-08-08 14:53:19,220] [INFO] [app:2539] - 请求 workstore 文件: admin/解读《庄子》外篇·达生/covers/cover_4:3.png
[2025-08-08 14:53:19,230] [INFO] [app:2539] - 请求 workstore 文件: admin/解读《庄子》外篇·秋水/covers/cover_4:3.png
[2025-08-08 14:53:19,238] [INFO] [app:2539] - 请求 workstore 文件: admin/庄子教你摆脱刻意人生/covers/cover_4:3.png
[2025-08-08 14:53:19,239] [INFO] [app:2539] - 请求 workstore 文件: admin/庄子教你不刻意的人生/covers/cover_4:3.png
[2025-08-08 14:53:22,902] [INFO] [app:2457] - 用户 1 请求下载视频 80, 路径: workstore/admin/解读《庄子》杂篇·盗跖/output.mp4
[2025-08-08 14:53:22,903] [INFO] [app:2484] - 解析的基础目录: workstore/admin/解读《庄子》杂篇·盗跖
[2025-08-08 14:53:23,488] [INFO] [app:2498] - 已添加视频文件到ZIP: workstore/admin/解读《庄子》杂篇·盗跖/output.mp4
[2025-08-08 14:53:23,503] [INFO] [app:2510] - 已添加封面文件到ZIP: workstore/admin/解读《庄子》杂篇·盗跖/covers/cover_3:4.png
[2025-08-08 14:53:23,517] [INFO] [app:2510] - 已添加封面文件到ZIP: workstore/admin/解读《庄子》杂篇·盗跖/covers/cover_4:3.png
[2025-08-08 14:53:23,517] [INFO] [app:2519] - 开始下载，文件名: video_80_20250808145323.zip
[2025-08-08 15:00:19,414] [INFO] [logger:55] - 正在检查并恢复中断的任务...
[2025-08-08 15:00:19,414] [INFO] [logger:55] - 检查服务器启动时是否有中断的任务需要恢复...
[2025-08-08 15:00:19,417] [INFO] [logger:55] - 开始迁移视频路径...
[2025-08-08 15:00:19,417] [INFO] [logger:55] - 迁移视频 13: user1 -> admin
[2025-08-08 15:00:19,417] [WARNING] [logger:66] - 新路径不存在，跳过迁移视频 13: workstore/admin/纳什均衡解析/output.mp4
[2025-08-08 15:00:19,418] [INFO] [logger:55] - 迁移视频 15: user1 -> admin
[2025-08-08 15:00:19,418] [WARNING] [logger:66] - 新路径不存在，跳过迁移视频 15: workstore/admin/白雪公主的童话/output.mp4
[2025-08-08 15:00:19,418] [INFO] [logger:55] - 迁移视频 18: user3 -> test2
[2025-08-08 15:00:19,418] [WARNING] [logger:66] - 新路径不存在，跳过迁移视频 18: workstore/test2/坚持的力量/output.mp4
[2025-08-08 15:00:19,418] [INFO] [logger:55] - 迁移视频 19: user6 -> test4
[2025-08-08 15:00:19,418] [WARNING] [logger:66] - 新路径不存在，跳过迁移视频 19: workstore/test4/白雪公主的故事/output.mp4
[2025-08-08 15:00:19,418] [INFO] [logger:55] - 迁移视频 26: user6 -> test4
[2025-08-08 15:00:19,418] [WARNING] [logger:66] - 新路径不存在，跳过迁移视频 26: workstore/test4/人性弱点智慧/output.mp4
[2025-08-08 15:00:19,419] [INFO] [logger:55] - 迁移视频 27: user6 -> test4
[2025-08-08 15:00:19,419] [WARNING] [logger:66] - 新路径不存在，跳过迁移视频 27: workstore/test4/达克效应之谜/output.mp4
[2025-08-08 15:00:19,419] [INFO] [logger:55] - 迁移视频 32: user6 -> test4
[2025-08-08 15:00:19,419] [WARNING] [logger:66] - 新路径不存在，跳过迁移视频 32: workstore/test4/《金刚经》第一品：法会因由分/output.mp4
[2025-08-08 15:00:19,419] [INFO] [logger:55] - 迁移视频 33: user6 -> test4
[2025-08-08 15:00:19,419] [WARNING] [logger:66] - 新路径不存在，跳过迁移视频 33: workstore/test4/《金刚经》第二品善现启请分/output.mp4
[2025-08-08 15:00:19,419] [INFO] [logger:55] - 迁移视频 34: user1 -> admin
[2025-08-08 15:00:19,419] [WARNING] [logger:66] - 新路径不存在，跳过迁移视频 34: workstore/admin/小红帽的森林奇遇/output.mp4
[2025-08-08 15:00:19,420] [INFO] [logger:55] - 迁移视频 35: user8 -> test9
[2025-08-08 15:00:19,420] [WARNING] [logger:66] - 新路径不存在，跳过迁移视频 35: workstore/test9/《金刚经》第五品 如理实见分/output.mp4
[2025-08-08 15:00:19,420] [INFO] [logger:55] - 迁移视频 36: user8 -> test9
[2025-08-08 15:00:19,420] [WARNING] [logger:66] - 新路径不存在，跳过迁移视频 36: workstore/test9/《金刚经》第六品 正信希有分/output.mp4
[2025-08-08 15:00:19,420] [INFO] [logger:55] - 迁移视频 37: user1 -> admin
[2025-08-08 15:00:19,420] [WARNING] [logger:66] - 新路径不存在，跳过迁移视频 37: workstore/admin/停止按钮背后的故事/output.mp4
[2025-08-08 15:00:19,420] [INFO] [logger:55] - 迁移视频 38: user1 -> admin
[2025-08-08 15:00:19,420] [WARNING] [logger:66] - 新路径不存在，跳过迁移视频 38: workstore/admin/《金刚经》第八品 依法出生分/output.mp4
[2025-08-08 15:00:19,424] [INFO] [logger:55] - 视频路径迁移完成，共迁移 0 个视频
[2025-08-08 15:00:19,425] [INFO] [logger:55] - 没有发现中断的任务
[2025-08-08 15:00:19,425] [INFO] [logger:55] - 任务恢复完成
[2025-08-08 15:00:19,425] [INFO] [logger:55] - 没有等待中的任务需要启动
[2025-08-08 15:00:19,425] [INFO] [logger:55] - 任务恢复检查完成
[2025-08-08 15:04:00,514] [INFO] [logger:55] - 用户 admin 生成视频扣除了 1 条额度，剩余 63 条
[2025-08-08 15:04:00,521] [INFO] [logger:55] - 用户 admin 的任务已加入队列，任务ID: 28
[2025-08-08 15:04:00,536] [INFO] [logger:55] - 开始处理用户 admin 的队列任务，任务ID: 28, 视频ID: 81
[2025-08-08 15:04:04,362] [INFO] [logger:55] - 用户 admin 查看我的视频页面，共 10 个视频
[2025-08-08 15:04:04,539] [INFO] [app:2539] - 请求 workstore 文件: admin/解读《庄子》杂篇·盗跖/covers/cover_4:3.png
[2025-08-08 15:04:04,542] [INFO] [app:2539] - 请求 workstore 文件: admin/解读《庄子》杂篇·寓言/covers/cover_4:3.png
[2025-08-08 15:04:04,559] [INFO] [app:2539] - 请求 workstore 文件: admin/解读《庄子》杂篇·则阳/covers/cover_4:3.png
[2025-08-08 15:04:04,560] [INFO] [app:2539] - 请求 workstore 文件: admin/解读《庄子》杂篇·庚桑楚/covers/cover_4:3.png
[2025-08-08 15:04:04,570] [INFO] [app:2539] - 请求 workstore 文件: admin/解读《庄子》外篇·达生/covers/cover_4:3.png
[2025-08-08 15:04:04,570] [INFO] [app:2539] - 请求 workstore 文件: admin/解读《庄子》外篇·秋水/covers/cover_4:3.png
[2025-08-08 15:04:04,571] [INFO] [app:2539] - 请求 workstore 文件: admin/庄子教你不刻意的人生/covers/cover_4:3.png
[2025-08-08 15:11:59,736] [INFO] [logger:55] - 更新视频路径: workstore/admin/解读《庄子》杂篇·渔父/output.mp4
[2025-08-08 15:11:59,737] [INFO] [logger:55] - 更新封面路径: workstore/admin/解读《庄子》杂篇·渔父/covers/cover_4:3.png
[2025-08-08 15:11:59,742] [INFO] [logger:55] - 队列任务完成，任务ID: 28, 视频ID: 81
[2025-08-08 15:18:05,906] [INFO] [logger:55] - 正在检查并恢复中断的任务...
[2025-08-08 15:18:05,906] [INFO] [logger:55] - 检查服务器启动时是否有中断的任务需要恢复...
[2025-08-08 15:18:05,910] [INFO] [logger:55] - 开始迁移视频路径...
[2025-08-08 15:18:05,910] [INFO] [logger:55] - 迁移视频 13: user1 -> admin
[2025-08-08 15:18:05,910] [WARNING] [logger:66] - 新路径不存在，跳过迁移视频 13: workstore/admin/纳什均衡解析/output.mp4
[2025-08-08 15:18:05,910] [INFO] [logger:55] - 迁移视频 15: user1 -> admin
[2025-08-08 15:18:05,910] [WARNING] [logger:66] - 新路径不存在，跳过迁移视频 15: workstore/admin/白雪公主的童话/output.mp4
[2025-08-08 15:18:05,911] [INFO] [logger:55] - 迁移视频 18: user3 -> test2
[2025-08-08 15:18:05,911] [WARNING] [logger:66] - 新路径不存在，跳过迁移视频 18: workstore/test2/坚持的力量/output.mp4
[2025-08-08 15:18:05,911] [INFO] [logger:55] - 迁移视频 19: user6 -> test4
[2025-08-08 15:18:05,911] [WARNING] [logger:66] - 新路径不存在，跳过迁移视频 19: workstore/test4/白雪公主的故事/output.mp4
[2025-08-08 15:18:05,911] [INFO] [logger:55] - 迁移视频 26: user6 -> test4
[2025-08-08 15:18:05,911] [WARNING] [logger:66] - 新路径不存在，跳过迁移视频 26: workstore/test4/人性弱点智慧/output.mp4
[2025-08-08 15:18:05,911] [INFO] [logger:55] - 迁移视频 27: user6 -> test4
[2025-08-08 15:18:05,911] [WARNING] [logger:66] - 新路径不存在，跳过迁移视频 27: workstore/test4/达克效应之谜/output.mp4
[2025-08-08 15:18:05,912] [INFO] [logger:55] - 迁移视频 32: user6 -> test4
[2025-08-08 15:18:05,912] [WARNING] [logger:66] - 新路径不存在，跳过迁移视频 32: workstore/test4/《金刚经》第一品：法会因由分/output.mp4
[2025-08-08 15:18:05,912] [INFO] [logger:55] - 迁移视频 33: user6 -> test4
[2025-08-08 15:18:05,912] [WARNING] [logger:66] - 新路径不存在，跳过迁移视频 33: workstore/test4/《金刚经》第二品善现启请分/output.mp4
[2025-08-08 15:18:05,912] [INFO] [logger:55] - 迁移视频 34: user1 -> admin
[2025-08-08 15:18:05,912] [WARNING] [logger:66] - 新路径不存在，跳过迁移视频 34: workstore/admin/小红帽的森林奇遇/output.mp4
[2025-08-08 15:18:05,912] [INFO] [logger:55] - 迁移视频 35: user8 -> test9
[2025-08-08 15:18:05,912] [WARNING] [logger:66] - 新路径不存在，跳过迁移视频 35: workstore/test9/《金刚经》第五品 如理实见分/output.mp4
[2025-08-08 15:18:05,912] [INFO] [logger:55] - 迁移视频 36: user8 -> test9
[2025-08-08 15:18:05,913] [WARNING] [logger:66] - 新路径不存在，跳过迁移视频 36: workstore/test9/《金刚经》第六品 正信希有分/output.mp4
[2025-08-08 15:18:05,913] [INFO] [logger:55] - 迁移视频 37: user1 -> admin
[2025-08-08 15:18:05,913] [WARNING] [logger:66] - 新路径不存在，跳过迁移视频 37: workstore/admin/停止按钮背后的故事/output.mp4
[2025-08-08 15:18:05,913] [INFO] [logger:55] - 迁移视频 38: user1 -> admin
[2025-08-08 15:18:05,913] [WARNING] [logger:66] - 新路径不存在，跳过迁移视频 38: workstore/admin/《金刚经》第八品 依法出生分/output.mp4
[2025-08-08 15:18:05,916] [INFO] [logger:55] - 视频路径迁移完成，共迁移 0 个视频
[2025-08-08 15:18:05,918] [INFO] [logger:55] - 没有发现中断的任务
[2025-08-08 15:18:05,918] [INFO] [logger:55] - 任务恢复完成
[2025-08-08 15:18:05,918] [INFO] [logger:55] - 没有等待中的任务需要启动
[2025-08-08 15:18:05,918] [INFO] [logger:55] - 任务恢复检查完成
[2025-08-08 15:21:25,338] [INFO] [logger:55] - 正在检查并恢复中断的任务...
[2025-08-08 15:21:25,338] [INFO] [logger:55] - 检查服务器启动时是否有中断的任务需要恢复...
[2025-08-08 15:21:25,342] [INFO] [logger:55] - 开始迁移视频路径...
[2025-08-08 15:21:25,342] [INFO] [logger:55] - 迁移视频 13: user1 -> admin
[2025-08-08 15:21:25,342] [WARNING] [logger:66] - 新路径不存在，跳过迁移视频 13: workstore/admin/纳什均衡解析/output.mp4
[2025-08-08 15:21:25,342] [INFO] [logger:55] - 迁移视频 15: user1 -> admin
[2025-08-08 15:21:25,342] [WARNING] [logger:66] - 新路径不存在，跳过迁移视频 15: workstore/admin/白雪公主的童话/output.mp4
[2025-08-08 15:21:25,342] [INFO] [logger:55] - 迁移视频 18: user3 -> test2
[2025-08-08 15:21:25,342] [WARNING] [logger:66] - 新路径不存在，跳过迁移视频 18: workstore/test2/坚持的力量/output.mp4
[2025-08-08 15:21:25,343] [INFO] [logger:55] - 迁移视频 19: user6 -> test4
[2025-08-08 15:21:25,343] [WARNING] [logger:66] - 新路径不存在，跳过迁移视频 19: workstore/test4/白雪公主的故事/output.mp4
[2025-08-08 15:21:25,343] [INFO] [logger:55] - 迁移视频 26: user6 -> test4
[2025-08-08 15:21:25,343] [WARNING] [logger:66] - 新路径不存在，跳过迁移视频 26: workstore/test4/人性弱点智慧/output.mp4
[2025-08-08 15:21:25,343] [INFO] [logger:55] - 迁移视频 27: user6 -> test4
[2025-08-08 15:21:25,343] [WARNING] [logger:66] - 新路径不存在，跳过迁移视频 27: workstore/test4/达克效应之谜/output.mp4
[2025-08-08 15:21:25,343] [INFO] [logger:55] - 迁移视频 32: user6 -> test4
[2025-08-08 15:21:25,343] [WARNING] [logger:66] - 新路径不存在，跳过迁移视频 32: workstore/test4/《金刚经》第一品：法会因由分/output.mp4
[2025-08-08 15:21:25,343] [INFO] [logger:55] - 迁移视频 33: user6 -> test4
[2025-08-08 15:21:25,344] [WARNING] [logger:66] - 新路径不存在，跳过迁移视频 33: workstore/test4/《金刚经》第二品善现启请分/output.mp4
[2025-08-08 15:21:25,344] [INFO] [logger:55] - 迁移视频 34: user1 -> admin
[2025-08-08 15:21:25,344] [WARNING] [logger:66] - 新路径不存在，跳过迁移视频 34: workstore/admin/小红帽的森林奇遇/output.mp4
[2025-08-08 15:21:25,344] [INFO] [logger:55] - 迁移视频 35: user8 -> test9
[2025-08-08 15:21:25,344] [WARNING] [logger:66] - 新路径不存在，跳过迁移视频 35: workstore/test9/《金刚经》第五品 如理实见分/output.mp4
[2025-08-08 15:21:25,344] [INFO] [logger:55] - 迁移视频 36: user8 -> test9
[2025-08-08 15:21:25,344] [WARNING] [logger:66] - 新路径不存在，跳过迁移视频 36: workstore/test9/《金刚经》第六品 正信希有分/output.mp4
[2025-08-08 15:21:25,345] [INFO] [logger:55] - 迁移视频 37: user1 -> admin
[2025-08-08 15:21:25,345] [WARNING] [logger:66] - 新路径不存在，跳过迁移视频 37: workstore/admin/停止按钮背后的故事/output.mp4
[2025-08-08 15:21:25,345] [INFO] [logger:55] - 迁移视频 38: user1 -> admin
[2025-08-08 15:21:25,345] [WARNING] [logger:66] - 新路径不存在，跳过迁移视频 38: workstore/admin/《金刚经》第八品 依法出生分/output.mp4
[2025-08-08 15:21:25,348] [INFO] [logger:55] - 视频路径迁移完成，共迁移 0 个视频
[2025-08-08 15:21:25,349] [INFO] [logger:55] - 没有发现中断的任务
[2025-08-08 15:21:25,349] [INFO] [logger:55] - 任务恢复完成
[2025-08-08 15:21:25,350] [INFO] [logger:55] - 没有等待中的任务需要启动
[2025-08-08 15:21:25,350] [INFO] [logger:55] - 任务恢复检查完成
[2025-08-08 15:21:26,181] [INFO] [logger:55] - 正在检查并恢复中断的任务...
[2025-08-08 15:21:26,181] [INFO] [logger:55] - 检查服务器启动时是否有中断的任务需要恢复...
[2025-08-08 15:21:26,184] [INFO] [logger:55] - 开始迁移视频路径...
[2025-08-08 15:21:26,184] [INFO] [logger:55] - 迁移视频 13: user1 -> admin
[2025-08-08 15:21:26,184] [WARNING] [logger:66] - 新路径不存在，跳过迁移视频 13: workstore/admin/纳什均衡解析/output.mp4
[2025-08-08 15:21:26,184] [INFO] [logger:55] - 迁移视频 15: user1 -> admin
[2025-08-08 15:21:26,184] [WARNING] [logger:66] - 新路径不存在，跳过迁移视频 15: workstore/admin/白雪公主的童话/output.mp4
[2025-08-08 15:21:26,185] [INFO] [logger:55] - 迁移视频 18: user3 -> test2
[2025-08-08 15:21:26,185] [WARNING] [logger:66] - 新路径不存在，跳过迁移视频 18: workstore/test2/坚持的力量/output.mp4
[2025-08-08 15:21:26,185] [INFO] [logger:55] - 迁移视频 19: user6 -> test4
[2025-08-08 15:21:26,185] [WARNING] [logger:66] - 新路径不存在，跳过迁移视频 19: workstore/test4/白雪公主的故事/output.mp4
[2025-08-08 15:21:26,185] [INFO] [logger:55] - 迁移视频 26: user6 -> test4
[2025-08-08 15:21:26,185] [WARNING] [logger:66] - 新路径不存在，跳过迁移视频 26: workstore/test4/人性弱点智慧/output.mp4
[2025-08-08 15:21:26,185] [INFO] [logger:55] - 迁移视频 27: user6 -> test4
[2025-08-08 15:21:26,185] [WARNING] [logger:66] - 新路径不存在，跳过迁移视频 27: workstore/test4/达克效应之谜/output.mp4
[2025-08-08 15:21:26,185] [INFO] [logger:55] - 迁移视频 32: user6 -> test4
[2025-08-08 15:21:26,185] [WARNING] [logger:66] - 新路径不存在，跳过迁移视频 32: workstore/test4/《金刚经》第一品：法会因由分/output.mp4
[2025-08-08 15:21:26,185] [INFO] [logger:55] - 迁移视频 33: user6 -> test4
[2025-08-08 15:21:26,186] [WARNING] [logger:66] - 新路径不存在，跳过迁移视频 33: workstore/test4/《金刚经》第二品善现启请分/output.mp4
[2025-08-08 15:21:26,186] [INFO] [logger:55] - 迁移视频 34: user1 -> admin
[2025-08-08 15:21:26,186] [WARNING] [logger:66] - 新路径不存在，跳过迁移视频 34: workstore/admin/小红帽的森林奇遇/output.mp4
[2025-08-08 15:21:26,186] [INFO] [logger:55] - 迁移视频 35: user8 -> test9
[2025-08-08 15:21:26,186] [WARNING] [logger:66] - 新路径不存在，跳过迁移视频 35: workstore/test9/《金刚经》第五品 如理实见分/output.mp4
[2025-08-08 15:21:26,186] [INFO] [logger:55] - 迁移视频 36: user8 -> test9
[2025-08-08 15:21:26,186] [WARNING] [logger:66] - 新路径不存在，跳过迁移视频 36: workstore/test9/《金刚经》第六品 正信希有分/output.mp4
[2025-08-08 15:21:26,187] [INFO] [logger:55] - 迁移视频 37: user1 -> admin
[2025-08-08 15:21:26,187] [WARNING] [logger:66] - 新路径不存在，跳过迁移视频 37: workstore/admin/停止按钮背后的故事/output.mp4
[2025-08-08 15:21:26,187] [INFO] [logger:55] - 迁移视频 38: user1 -> admin
[2025-08-08 15:21:26,187] [WARNING] [logger:66] - 新路径不存在，跳过迁移视频 38: workstore/admin/《金刚经》第八品 依法出生分/output.mp4
[2025-08-08 15:21:26,190] [INFO] [logger:55] - 视频路径迁移完成，共迁移 0 个视频
[2025-08-08 15:21:26,191] [INFO] [logger:55] - 没有发现中断的任务
[2025-08-08 15:21:26,191] [INFO] [logger:55] - 任务恢复完成
[2025-08-08 15:21:26,192] [INFO] [logger:55] - 没有等待中的任务需要启动
[2025-08-08 15:21:26,192] [INFO] [logger:55] - 任务恢复检查完成
[2025-08-08 15:21:31,728] [INFO] [logger:55] - 用户 admin 查看我的视频页面，共 10 个视频
[2025-08-08 15:21:32,254] [INFO] [app:2539] - 请求 workstore 文件: admin/解读《庄子》杂篇·盗跖/covers/cover_4:3.png
[2025-08-08 15:21:32,254] [INFO] [app:2539] - 请求 workstore 文件: admin/解读《庄子》杂篇·渔父/covers/cover_4:3.png
[2025-08-08 15:21:32,256] [INFO] [app:2539] - 请求 workstore 文件: admin/解读《庄子》杂篇·寓言/covers/cover_4:3.png
[2025-08-08 15:21:32,258] [INFO] [app:2539] - 请求 workstore 文件: admin/解读《庄子》杂篇·庚桑楚/covers/cover_4:3.png
[2025-08-08 15:21:32,258] [INFO] [app:2539] - 请求 workstore 文件: admin/解读《庄子》杂篇·则阳/covers/cover_4:3.png
[2025-08-08 15:21:32,283] [INFO] [app:2539] - 请求 workstore 文件: admin/解读《庄子》外篇·秋水/covers/cover_4:3.png
[2025-08-08 15:21:32,284] [INFO] [app:2539] - 请求 workstore 文件: admin/解读《庄子》外篇·达生/covers/cover_4:3.png
[2025-08-08 15:21:32,308] [INFO] [app:2539] - 请求 workstore 文件: admin/庄子教你不刻意的人生/covers/cover_4:3.png
[2025-08-08 15:21:35,180] [INFO] [app:2457] - 用户 1 请求下载视频 81, 路径: workstore/admin/解读《庄子》杂篇·渔父/output.mp4
[2025-08-08 15:21:35,181] [INFO] [app:2484] - 解析的基础目录: workstore/admin/解读《庄子》杂篇·渔父
[2025-08-08 15:21:36,076] [INFO] [app:2498] - 已添加视频文件到ZIP: workstore/admin/解读《庄子》杂篇·渔父/output.mp4
[2025-08-08 15:21:36,098] [INFO] [app:2510] - 已添加封面文件到ZIP: workstore/admin/解读《庄子》杂篇·渔父/covers/cover_3:4.png
[2025-08-08 15:21:36,116] [INFO] [app:2510] - 已添加封面文件到ZIP: workstore/admin/解读《庄子》杂篇·渔父/covers/cover_4:3.png
[2025-08-08 15:21:36,116] [INFO] [app:2519] - 开始下载，文件名: video_81_20250808152136.zip
[2025-08-08 15:33:12,973] [INFO] [logger:55] - 正在检查并恢复中断的任务...
[2025-08-08 15:33:12,974] [INFO] [logger:55] - 检查服务器启动时是否有中断的任务需要恢复...
[2025-08-08 15:33:12,977] [INFO] [logger:55] - 开始迁移视频路径...
[2025-08-08 15:33:12,977] [INFO] [logger:55] - 迁移视频 13: user1 -> admin
[2025-08-08 15:33:12,977] [WARNING] [logger:66] - 新路径不存在，跳过迁移视频 13: workstore/admin/纳什均衡解析/output.mp4
[2025-08-08 15:33:12,977] [INFO] [logger:55] - 迁移视频 15: user1 -> admin
[2025-08-08 15:33:12,977] [WARNING] [logger:66] - 新路径不存在，跳过迁移视频 15: workstore/admin/白雪公主的童话/output.mp4
[2025-08-08 15:33:12,978] [INFO] [logger:55] - 迁移视频 18: user3 -> test2
[2025-08-08 15:33:12,978] [WARNING] [logger:66] - 新路径不存在，跳过迁移视频 18: workstore/test2/坚持的力量/output.mp4
[2025-08-08 15:33:12,978] [INFO] [logger:55] - 迁移视频 19: user6 -> test4
[2025-08-08 15:33:12,978] [WARNING] [logger:66] - 新路径不存在，跳过迁移视频 19: workstore/test4/白雪公主的故事/output.mp4
[2025-08-08 15:33:12,978] [INFO] [logger:55] - 迁移视频 26: user6 -> test4
[2025-08-08 15:33:12,978] [WARNING] [logger:66] - 新路径不存在，跳过迁移视频 26: workstore/test4/人性弱点智慧/output.mp4
[2025-08-08 15:33:12,978] [INFO] [logger:55] - 迁移视频 27: user6 -> test4
[2025-08-08 15:33:12,978] [WARNING] [logger:66] - 新路径不存在，跳过迁移视频 27: workstore/test4/达克效应之谜/output.mp4
[2025-08-08 15:33:12,979] [INFO] [logger:55] - 迁移视频 32: user6 -> test4
[2025-08-08 15:33:12,979] [WARNING] [logger:66] - 新路径不存在，跳过迁移视频 32: workstore/test4/《金刚经》第一品：法会因由分/output.mp4
[2025-08-08 15:33:12,979] [INFO] [logger:55] - 迁移视频 33: user6 -> test4
[2025-08-08 15:33:12,979] [WARNING] [logger:66] - 新路径不存在，跳过迁移视频 33: workstore/test4/《金刚经》第二品善现启请分/output.mp4
[2025-08-08 15:33:12,979] [INFO] [logger:55] - 迁移视频 34: user1 -> admin
[2025-08-08 15:33:12,979] [WARNING] [logger:66] - 新路径不存在，跳过迁移视频 34: workstore/admin/小红帽的森林奇遇/output.mp4
[2025-08-08 15:33:12,979] [INFO] [logger:55] - 迁移视频 35: user8 -> test9
[2025-08-08 15:33:12,979] [WARNING] [logger:66] - 新路径不存在，跳过迁移视频 35: workstore/test9/《金刚经》第五品 如理实见分/output.mp4
[2025-08-08 15:33:12,979] [INFO] [logger:55] - 迁移视频 36: user8 -> test9
[2025-08-08 15:33:12,979] [WARNING] [logger:66] - 新路径不存在，跳过迁移视频 36: workstore/test9/《金刚经》第六品 正信希有分/output.mp4
[2025-08-08 15:33:12,980] [INFO] [logger:55] - 迁移视频 37: user1 -> admin
[2025-08-08 15:33:12,980] [WARNING] [logger:66] - 新路径不存在，跳过迁移视频 37: workstore/admin/停止按钮背后的故事/output.mp4
[2025-08-08 15:33:12,980] [INFO] [logger:55] - 迁移视频 38: user1 -> admin
[2025-08-08 15:33:12,980] [WARNING] [logger:66] - 新路径不存在，跳过迁移视频 38: workstore/admin/《金刚经》第八品 依法出生分/output.mp4
[2025-08-08 15:33:12,983] [INFO] [logger:55] - 视频路径迁移完成，共迁移 0 个视频
[2025-08-08 15:33:12,985] [INFO] [logger:55] - 没有发现中断的任务
[2025-08-08 15:33:12,985] [INFO] [logger:55] - 任务恢复完成
[2025-08-08 15:33:12,985] [INFO] [logger:55] - 没有等待中的任务需要启动
[2025-08-08 15:33:12,985] [INFO] [logger:55] - 任务恢复检查完成
[2025-08-08 16:56:04,944] [INFO] [logger:55] - 正在检查并恢复中断的任务...
[2025-08-08 16:56:04,944] [INFO] [logger:55] - 检查服务器启动时是否有中断的任务需要恢复...
[2025-08-08 16:56:04,948] [INFO] [logger:55] - 开始迁移视频路径...
[2025-08-08 16:56:04,948] [INFO] [logger:55] - 迁移视频 13: user1 -> admin
[2025-08-08 16:56:04,948] [WARNING] [logger:66] - 新路径不存在，跳过迁移视频 13: workstore/admin/纳什均衡解析/output.mp4
[2025-08-08 16:56:04,949] [INFO] [logger:55] - 迁移视频 15: user1 -> admin
[2025-08-08 16:56:04,949] [WARNING] [logger:66] - 新路径不存在，跳过迁移视频 15: workstore/admin/白雪公主的童话/output.mp4
[2025-08-08 16:56:04,949] [INFO] [logger:55] - 迁移视频 18: user3 -> test2
[2025-08-08 16:56:04,949] [WARNING] [logger:66] - 新路径不存在，跳过迁移视频 18: workstore/test2/坚持的力量/output.mp4
[2025-08-08 16:56:04,950] [INFO] [logger:55] - 迁移视频 19: user6 -> test4
[2025-08-08 16:56:04,950] [WARNING] [logger:66] - 新路径不存在，跳过迁移视频 19: workstore/test4/白雪公主的故事/output.mp4
[2025-08-08 16:56:04,950] [INFO] [logger:55] - 迁移视频 26: user6 -> test4
[2025-08-08 16:56:04,950] [WARNING] [logger:66] - 新路径不存在，跳过迁移视频 26: workstore/test4/人性弱点智慧/output.mp4
[2025-08-08 16:56:04,950] [INFO] [logger:55] - 迁移视频 27: user6 -> test4
[2025-08-08 16:56:04,950] [WARNING] [logger:66] - 新路径不存在，跳过迁移视频 27: workstore/test4/达克效应之谜/output.mp4
[2025-08-08 16:56:04,950] [INFO] [logger:55] - 迁移视频 32: user6 -> test4
[2025-08-08 16:56:04,950] [WARNING] [logger:66] - 新路径不存在，跳过迁移视频 32: workstore/test4/《金刚经》第一品：法会因由分/output.mp4
[2025-08-08 16:56:04,950] [INFO] [logger:55] - 迁移视频 33: user6 -> test4
[2025-08-08 16:56:04,950] [WARNING] [logger:66] - 新路径不存在，跳过迁移视频 33: workstore/test4/《金刚经》第二品善现启请分/output.mp4
[2025-08-08 16:56:04,950] [INFO] [logger:55] - 迁移视频 34: user1 -> admin
[2025-08-08 16:56:04,951] [WARNING] [logger:66] - 新路径不存在，跳过迁移视频 34: workstore/admin/小红帽的森林奇遇/output.mp4
[2025-08-08 16:56:04,951] [INFO] [logger:55] - 迁移视频 35: user8 -> test9
[2025-08-08 16:56:04,951] [WARNING] [logger:66] - 新路径不存在，跳过迁移视频 35: workstore/test9/《金刚经》第五品 如理实见分/output.mp4
[2025-08-08 16:56:04,951] [INFO] [logger:55] - 迁移视频 36: user8 -> test9
[2025-08-08 16:56:04,951] [WARNING] [logger:66] - 新路径不存在，跳过迁移视频 36: workstore/test9/《金刚经》第六品 正信希有分/output.mp4
[2025-08-08 16:56:04,951] [INFO] [logger:55] - 迁移视频 37: user1 -> admin
[2025-08-08 16:56:04,951] [WARNING] [logger:66] - 新路径不存在，跳过迁移视频 37: workstore/admin/停止按钮背后的故事/output.mp4
[2025-08-08 16:56:04,951] [INFO] [logger:55] - 迁移视频 38: user1 -> admin
[2025-08-08 16:56:04,951] [WARNING] [logger:66] - 新路径不存在，跳过迁移视频 38: workstore/admin/《金刚经》第八品 依法出生分/output.mp4
[2025-08-08 16:56:04,956] [INFO] [logger:55] - 视频路径迁移完成，共迁移 0 个视频
[2025-08-08 16:56:04,958] [INFO] [logger:55] - 没有发现中断的任务
[2025-08-08 16:56:04,958] [INFO] [logger:55] - 任务恢复完成
[2025-08-08 16:56:04,958] [INFO] [logger:55] - 没有等待中的任务需要启动
[2025-08-08 16:56:04,958] [INFO] [logger:55] - 任务恢复检查完成
[2025-08-08 16:56:05,914] [INFO] [logger:55] - 正在检查并恢复中断的任务...
[2025-08-08 16:56:05,914] [INFO] [logger:55] - 检查服务器启动时是否有中断的任务需要恢复...
[2025-08-08 16:56:05,917] [INFO] [logger:55] - 开始迁移视频路径...
[2025-08-08 16:56:05,917] [INFO] [logger:55] - 迁移视频 13: user1 -> admin
[2025-08-08 16:56:05,917] [WARNING] [logger:66] - 新路径不存在，跳过迁移视频 13: workstore/admin/纳什均衡解析/output.mp4
[2025-08-08 16:56:05,917] [INFO] [logger:55] - 迁移视频 15: user1 -> admin
[2025-08-08 16:56:05,917] [WARNING] [logger:66] - 新路径不存在，跳过迁移视频 15: workstore/admin/白雪公主的童话/output.mp4
[2025-08-08 16:56:05,918] [INFO] [logger:55] - 迁移视频 18: user3 -> test2
[2025-08-08 16:56:05,918] [WARNING] [logger:66] - 新路径不存在，跳过迁移视频 18: workstore/test2/坚持的力量/output.mp4
[2025-08-08 16:56:05,918] [INFO] [logger:55] - 迁移视频 19: user6 -> test4
[2025-08-08 16:56:05,918] [WARNING] [logger:66] - 新路径不存在，跳过迁移视频 19: workstore/test4/白雪公主的故事/output.mp4
[2025-08-08 16:56:05,918] [INFO] [logger:55] - 迁移视频 26: user6 -> test4
[2025-08-08 16:56:05,918] [WARNING] [logger:66] - 新路径不存在，跳过迁移视频 26: workstore/test4/人性弱点智慧/output.mp4
[2025-08-08 16:56:05,918] [INFO] [logger:55] - 迁移视频 27: user6 -> test4
[2025-08-08 16:56:05,918] [WARNING] [logger:66] - 新路径不存在，跳过迁移视频 27: workstore/test4/达克效应之谜/output.mp4
[2025-08-08 16:56:05,919] [INFO] [logger:55] - 迁移视频 32: user6 -> test4
[2025-08-08 16:56:05,919] [WARNING] [logger:66] - 新路径不存在，跳过迁移视频 32: workstore/test4/《金刚经》第一品：法会因由分/output.mp4
[2025-08-08 16:56:05,919] [INFO] [logger:55] - 迁移视频 33: user6 -> test4
[2025-08-08 16:56:05,919] [WARNING] [logger:66] - 新路径不存在，跳过迁移视频 33: workstore/test4/《金刚经》第二品善现启请分/output.mp4
[2025-08-08 16:56:05,919] [INFO] [logger:55] - 迁移视频 34: user1 -> admin
[2025-08-08 16:56:05,919] [WARNING] [logger:66] - 新路径不存在，跳过迁移视频 34: workstore/admin/小红帽的森林奇遇/output.mp4
[2025-08-08 16:56:05,919] [INFO] [logger:55] - 迁移视频 35: user8 -> test9
[2025-08-08 16:56:05,919] [WARNING] [logger:66] - 新路径不存在，跳过迁移视频 35: workstore/test9/《金刚经》第五品 如理实见分/output.mp4
[2025-08-08 16:56:05,919] [INFO] [logger:55] - 迁移视频 36: user8 -> test9
[2025-08-08 16:56:05,919] [WARNING] [logger:66] - 新路径不存在，跳过迁移视频 36: workstore/test9/《金刚经》第六品 正信希有分/output.mp4
[2025-08-08 16:56:05,920] [INFO] [logger:55] - 迁移视频 37: user1 -> admin
[2025-08-08 16:56:05,920] [WARNING] [logger:66] - 新路径不存在，跳过迁移视频 37: workstore/admin/停止按钮背后的故事/output.mp4
[2025-08-08 16:56:05,920] [INFO] [logger:55] - 迁移视频 38: user1 -> admin
[2025-08-08 16:56:05,920] [WARNING] [logger:66] - 新路径不存在，跳过迁移视频 38: workstore/admin/《金刚经》第八品 依法出生分/output.mp4
[2025-08-08 16:56:05,924] [INFO] [logger:55] - 视频路径迁移完成，共迁移 0 个视频
[2025-08-08 16:56:05,925] [INFO] [logger:55] - 没有发现中断的任务
[2025-08-08 16:56:05,925] [INFO] [logger:55] - 任务恢复完成
[2025-08-08 16:56:05,925] [INFO] [logger:55] - 没有等待中的任务需要启动
[2025-08-08 16:56:05,925] [INFO] [logger:55] - 任务恢复检查完成
[2025-08-08 16:57:16,035] [INFO] [logger:55] - 用户 admin 生成视频扣除了 1 条额度，剩余 62 条
[2025-08-08 16:57:16,039] [INFO] [logger:55] - 用户 admin 的任务已加入队列，任务ID: 29
[2025-08-08 16:57:16,055] [INFO] [logger:55] - 开始处理用户 admin 的队列任务，任务ID: 29, 视频ID: 82
[2025-08-08 17:05:47,455] [INFO] [logger:55] - 更新视频路径: workstore/admin/解读《庄子》内篇·齐物论/output.mp4
[2025-08-08 17:05:47,455] [INFO] [logger:55] - 更新封面路径: workstore/admin/解读《庄子》内篇·齐物论/covers/cover_4:3.png
[2025-08-08 17:05:47,459] [INFO] [logger:55] - 队列任务完成，任务ID: 29, 视频ID: 82
[2025-08-08 17:06:49,462] [INFO] [logger:55] - 用户 admin 查看我的视频页面，共 10 个视频
[2025-08-08 17:06:49,868] [INFO] [app:2539] - 请求 workstore 文件: admin/解读《庄子》杂篇·盗跖/covers/cover_4:3.png
[2025-08-08 17:06:49,868] [INFO] [app:2539] - 请求 workstore 文件: admin/解读《庄子》内篇·齐物论/covers/cover_4:3.png
[2025-08-08 17:06:49,871] [INFO] [app:2539] - 请求 workstore 文件: admin/解读《庄子》杂篇·渔父/covers/cover_4:3.png
[2025-08-08 17:06:49,872] [INFO] [app:2539] - 请求 workstore 文件: admin/解读《庄子》杂篇·庚桑楚/covers/cover_4:3.png
[2025-08-08 17:06:49,872] [INFO] [app:2539] - 请求 workstore 文件: admin/解读《庄子》杂篇·寓言/covers/cover_4:3.png
[2025-08-08 17:06:49,872] [INFO] [app:2539] - 请求 workstore 文件: admin/解读《庄子》杂篇·则阳/covers/cover_4:3.png
[2025-08-08 17:06:49,881] [INFO] [app:2539] - 请求 workstore 文件: admin/解读《庄子》外篇·达生/covers/cover_4:3.png
[2025-08-08 17:06:49,881] [INFO] [app:2539] - 请求 workstore 文件: admin/解读《庄子》外篇·秋水/covers/cover_4:3.png
[2025-08-08 17:06:53,818] [INFO] [app:2457] - 用户 1 请求下载视频 82, 路径: workstore/admin/解读《庄子》内篇·齐物论/output.mp4
[2025-08-08 17:06:53,819] [INFO] [app:2484] - 解析的基础目录: workstore/admin/解读《庄子》内篇·齐物论
[2025-08-08 17:06:54,364] [INFO] [app:2498] - 已添加视频文件到ZIP: workstore/admin/解读《庄子》内篇·齐物论/output.mp4
[2025-08-08 17:06:54,376] [INFO] [app:2510] - 已添加封面文件到ZIP: workstore/admin/解读《庄子》内篇·齐物论/covers/cover_3:4.png
[2025-08-08 17:06:54,386] [INFO] [app:2510] - 已添加封面文件到ZIP: workstore/admin/解读《庄子》内篇·齐物论/covers/cover_4:3.png
[2025-08-08 17:06:54,386] [INFO] [app:2519] - 开始下载，文件名: video_82_20250808170654.zip
[2025-08-11 09:01:40,083] [INFO] [logger:55] - 正在检查并恢复中断的任务...
[2025-08-11 09:01:40,083] [INFO] [logger:55] - 检查服务器启动时是否有中断的任务需要恢复...
[2025-08-11 09:01:40,087] [INFO] [logger:55] - 开始迁移视频路径...
[2025-08-11 09:01:40,087] [INFO] [logger:55] - 迁移视频 13: user1 -> admin
[2025-08-11 09:01:40,087] [WARNING] [logger:66] - 新路径不存在，跳过迁移视频 13: workstore/admin/纳什均衡解析/output.mp4
[2025-08-11 09:01:40,087] [INFO] [logger:55] - 迁移视频 15: user1 -> admin
[2025-08-11 09:01:40,087] [WARNING] [logger:66] - 新路径不存在，跳过迁移视频 15: workstore/admin/白雪公主的童话/output.mp4
[2025-08-11 09:01:40,087] [INFO] [logger:55] - 迁移视频 18: user3 -> test2
[2025-08-11 09:01:40,087] [WARNING] [logger:66] - 新路径不存在，跳过迁移视频 18: workstore/test2/坚持的力量/output.mp4
[2025-08-11 09:01:40,088] [INFO] [logger:55] - 迁移视频 19: user6 -> test4
[2025-08-11 09:01:40,088] [WARNING] [logger:66] - 新路径不存在，跳过迁移视频 19: workstore/test4/白雪公主的故事/output.mp4
[2025-08-11 09:01:40,088] [INFO] [logger:55] - 迁移视频 26: user6 -> test4
[2025-08-11 09:01:40,088] [WARNING] [logger:66] - 新路径不存在，跳过迁移视频 26: workstore/test4/人性弱点智慧/output.mp4
[2025-08-11 09:01:40,088] [INFO] [logger:55] - 迁移视频 27: user6 -> test4
[2025-08-11 09:01:40,088] [WARNING] [logger:66] - 新路径不存在，跳过迁移视频 27: workstore/test4/达克效应之谜/output.mp4
[2025-08-11 09:01:40,088] [INFO] [logger:55] - 迁移视频 32: user6 -> test4
[2025-08-11 09:01:40,088] [WARNING] [logger:66] - 新路径不存在，跳过迁移视频 32: workstore/test4/《金刚经》第一品：法会因由分/output.mp4
[2025-08-11 09:01:40,088] [INFO] [logger:55] - 迁移视频 33: user6 -> test4
[2025-08-11 09:01:40,089] [WARNING] [logger:66] - 新路径不存在，跳过迁移视频 33: workstore/test4/《金刚经》第二品善现启请分/output.mp4
[2025-08-11 09:01:40,089] [INFO] [logger:55] - 迁移视频 34: user1 -> admin
[2025-08-11 09:01:40,089] [WARNING] [logger:66] - 新路径不存在，跳过迁移视频 34: workstore/admin/小红帽的森林奇遇/output.mp4
[2025-08-11 09:01:40,089] [INFO] [logger:55] - 迁移视频 35: user8 -> test9
[2025-08-11 09:01:40,089] [WARNING] [logger:66] - 新路径不存在，跳过迁移视频 35: workstore/test9/《金刚经》第五品 如理实见分/output.mp4
[2025-08-11 09:01:40,089] [INFO] [logger:55] - 迁移视频 36: user8 -> test9
[2025-08-11 09:01:40,089] [WARNING] [logger:66] - 新路径不存在，跳过迁移视频 36: workstore/test9/《金刚经》第六品 正信希有分/output.mp4
[2025-08-11 09:01:40,090] [INFO] [logger:55] - 迁移视频 37: user1 -> admin
[2025-08-11 09:01:40,090] [WARNING] [logger:66] - 新路径不存在，跳过迁移视频 37: workstore/admin/停止按钮背后的故事/output.mp4
[2025-08-11 09:01:40,090] [INFO] [logger:55] - 迁移视频 38: user1 -> admin
[2025-08-11 09:01:40,090] [WARNING] [logger:66] - 新路径不存在，跳过迁移视频 38: workstore/admin/《金刚经》第八品 依法出生分/output.mp4
[2025-08-11 09:01:40,093] [INFO] [logger:55] - 视频路径迁移完成，共迁移 0 个视频
[2025-08-11 09:01:40,095] [INFO] [logger:55] - 没有发现中断的任务
[2025-08-11 09:01:40,095] [INFO] [logger:55] - 任务恢复完成
[2025-08-11 09:01:40,095] [INFO] [logger:55] - 没有等待中的任务需要启动
[2025-08-11 09:01:40,095] [INFO] [logger:55] - 任务恢复检查完成
[2025-08-11 09:01:40,981] [INFO] [logger:55] - 正在检查并恢复中断的任务...
[2025-08-11 09:01:40,981] [INFO] [logger:55] - 检查服务器启动时是否有中断的任务需要恢复...
[2025-08-11 09:01:40,984] [INFO] [logger:55] - 开始迁移视频路径...
[2025-08-11 09:01:40,984] [INFO] [logger:55] - 迁移视频 13: user1 -> admin
[2025-08-11 09:01:40,984] [WARNING] [logger:66] - 新路径不存在，跳过迁移视频 13: workstore/admin/纳什均衡解析/output.mp4
[2025-08-11 09:01:40,984] [INFO] [logger:55] - 迁移视频 15: user1 -> admin
[2025-08-11 09:01:40,984] [WARNING] [logger:66] - 新路径不存在，跳过迁移视频 15: workstore/admin/白雪公主的童话/output.mp4
[2025-08-11 09:01:40,984] [INFO] [logger:55] - 迁移视频 18: user3 -> test2
[2025-08-11 09:01:40,984] [WARNING] [logger:66] - 新路径不存在，跳过迁移视频 18: workstore/test2/坚持的力量/output.mp4
[2025-08-11 09:01:40,985] [INFO] [logger:55] - 迁移视频 19: user6 -> test4
[2025-08-11 09:01:40,985] [WARNING] [logger:66] - 新路径不存在，跳过迁移视频 19: workstore/test4/白雪公主的故事/output.mp4
[2025-08-11 09:01:40,985] [INFO] [logger:55] - 迁移视频 26: user6 -> test4
[2025-08-11 09:01:40,985] [WARNING] [logger:66] - 新路径不存在，跳过迁移视频 26: workstore/test4/人性弱点智慧/output.mp4
[2025-08-11 09:01:40,985] [INFO] [logger:55] - 迁移视频 27: user6 -> test4
[2025-08-11 09:01:40,985] [WARNING] [logger:66] - 新路径不存在，跳过迁移视频 27: workstore/test4/达克效应之谜/output.mp4
[2025-08-11 09:01:40,985] [INFO] [logger:55] - 迁移视频 32: user6 -> test4
[2025-08-11 09:01:40,985] [WARNING] [logger:66] - 新路径不存在，跳过迁移视频 32: workstore/test4/《金刚经》第一品：法会因由分/output.mp4
[2025-08-11 09:01:40,985] [INFO] [logger:55] - 迁移视频 33: user6 -> test4
[2025-08-11 09:01:40,985] [WARNING] [logger:66] - 新路径不存在，跳过迁移视频 33: workstore/test4/《金刚经》第二品善现启请分/output.mp4
[2025-08-11 09:01:40,986] [INFO] [logger:55] - 迁移视频 34: user1 -> admin
[2025-08-11 09:01:40,986] [WARNING] [logger:66] - 新路径不存在，跳过迁移视频 34: workstore/admin/小红帽的森林奇遇/output.mp4
[2025-08-11 09:01:40,986] [INFO] [logger:55] - 迁移视频 35: user8 -> test9
[2025-08-11 09:01:40,986] [WARNING] [logger:66] - 新路径不存在，跳过迁移视频 35: workstore/test9/《金刚经》第五品 如理实见分/output.mp4
[2025-08-11 09:01:40,986] [INFO] [logger:55] - 迁移视频 36: user8 -> test9
[2025-08-11 09:01:40,986] [WARNING] [logger:66] - 新路径不存在，跳过迁移视频 36: workstore/test9/《金刚经》第六品 正信希有分/output.mp4
[2025-08-11 09:01:40,986] [INFO] [logger:55] - 迁移视频 37: user1 -> admin
[2025-08-11 09:01:40,986] [WARNING] [logger:66] - 新路径不存在，跳过迁移视频 37: workstore/admin/停止按钮背后的故事/output.mp4
[2025-08-11 09:01:40,987] [INFO] [logger:55] - 迁移视频 38: user1 -> admin
[2025-08-11 09:01:40,987] [WARNING] [logger:66] - 新路径不存在，跳过迁移视频 38: workstore/admin/《金刚经》第八品 依法出生分/output.mp4
[2025-08-11 09:01:40,991] [INFO] [logger:55] - 视频路径迁移完成，共迁移 0 个视频
[2025-08-11 09:01:40,993] [INFO] [logger:55] - 没有发现中断的任务
[2025-08-11 09:01:40,993] [INFO] [logger:55] - 任务恢复完成
[2025-08-11 09:01:40,993] [INFO] [logger:55] - 没有等待中的任务需要启动
[2025-08-11 09:01:40,993] [INFO] [logger:55] - 任务恢复检查完成
[2025-08-11 09:27:29,900] [INFO] [logger:55] - 用户 admin 生成视频扣除了 1 条额度，剩余 61 条
[2025-08-11 09:27:29,905] [INFO] [logger:55] - 用户 admin 的任务已加入队列，任务ID: 30
[2025-08-11 09:27:29,916] [INFO] [logger:55] - 开始处理用户 admin 的队列任务，任务ID: 30, 视频ID: 83
[2025-08-11 09:30:39,439] [ERROR] [logger:62] - 队列视频生成任务失败: string indices must be integers, not 'str'
[2025-08-11 09:37:42,227] [INFO] [logger:55] - 正在检查并恢复中断的任务...
[2025-08-11 09:37:42,227] [INFO] [logger:55] - 检查服务器启动时是否有中断的任务需要恢复...
[2025-08-11 09:37:42,231] [INFO] [logger:55] - 开始迁移视频路径...
[2025-08-11 09:37:42,231] [INFO] [logger:55] - 迁移视频 13: user1 -> admin
[2025-08-11 09:37:42,231] [WARNING] [logger:66] - 新路径不存在，跳过迁移视频 13: workstore/admin/纳什均衡解析/output.mp4
[2025-08-11 09:37:42,231] [INFO] [logger:55] - 迁移视频 15: user1 -> admin
[2025-08-11 09:37:42,231] [WARNING] [logger:66] - 新路径不存在，跳过迁移视频 15: workstore/admin/白雪公主的童话/output.mp4
[2025-08-11 09:37:42,231] [INFO] [logger:55] - 迁移视频 18: user3 -> test2
[2025-08-11 09:37:42,231] [WARNING] [logger:66] - 新路径不存在，跳过迁移视频 18: workstore/test2/坚持的力量/output.mp4
[2025-08-11 09:37:42,232] [INFO] [logger:55] - 迁移视频 19: user6 -> test4
[2025-08-11 09:37:42,232] [WARNING] [logger:66] - 新路径不存在，跳过迁移视频 19: workstore/test4/白雪公主的故事/output.mp4
[2025-08-11 09:37:42,232] [INFO] [logger:55] - 迁移视频 26: user6 -> test4
[2025-08-11 09:37:42,232] [WARNING] [logger:66] - 新路径不存在，跳过迁移视频 26: workstore/test4/人性弱点智慧/output.mp4
[2025-08-11 09:37:42,232] [INFO] [logger:55] - 迁移视频 27: user6 -> test4
[2025-08-11 09:37:42,232] [WARNING] [logger:66] - 新路径不存在，跳过迁移视频 27: workstore/test4/达克效应之谜/output.mp4
[2025-08-11 09:37:42,232] [INFO] [logger:55] - 迁移视频 32: user6 -> test4
[2025-08-11 09:37:42,232] [WARNING] [logger:66] - 新路径不存在，跳过迁移视频 32: workstore/test4/《金刚经》第一品：法会因由分/output.mp4
[2025-08-11 09:37:42,232] [INFO] [logger:55] - 迁移视频 33: user6 -> test4
[2025-08-11 09:37:42,233] [WARNING] [logger:66] - 新路径不存在，跳过迁移视频 33: workstore/test4/《金刚经》第二品善现启请分/output.mp4
[2025-08-11 09:37:42,233] [INFO] [logger:55] - 迁移视频 34: user1 -> admin
[2025-08-11 09:37:42,233] [WARNING] [logger:66] - 新路径不存在，跳过迁移视频 34: workstore/admin/小红帽的森林奇遇/output.mp4
[2025-08-11 09:37:42,233] [INFO] [logger:55] - 迁移视频 35: user8 -> test9
[2025-08-11 09:37:42,233] [WARNING] [logger:66] - 新路径不存在，跳过迁移视频 35: workstore/test9/《金刚经》第五品 如理实见分/output.mp4
[2025-08-11 09:37:42,233] [INFO] [logger:55] - 迁移视频 36: user8 -> test9
[2025-08-11 09:37:42,233] [WARNING] [logger:66] - 新路径不存在，跳过迁移视频 36: workstore/test9/《金刚经》第六品 正信希有分/output.mp4
[2025-08-11 09:37:42,234] [INFO] [logger:55] - 迁移视频 37: user1 -> admin
[2025-08-11 09:37:42,234] [WARNING] [logger:66] - 新路径不存在，跳过迁移视频 37: workstore/admin/停止按钮背后的故事/output.mp4
[2025-08-11 09:37:42,234] [INFO] [logger:55] - 迁移视频 38: user1 -> admin
[2025-08-11 09:37:42,234] [WARNING] [logger:66] - 新路径不存在，跳过迁移视频 38: workstore/admin/《金刚经》第八品 依法出生分/output.mp4
[2025-08-11 09:37:42,237] [INFO] [logger:55] - 视频路径迁移完成，共迁移 0 个视频
[2025-08-11 09:37:42,238] [INFO] [logger:55] - 没有发现中断的任务
[2025-08-11 09:37:42,239] [INFO] [logger:55] - 任务恢复完成
[2025-08-11 09:37:42,239] [INFO] [logger:55] - 没有等待中的任务需要启动
[2025-08-11 09:37:42,239] [INFO] [logger:55] - 任务恢复检查完成
[2025-08-11 09:38:36,013] [INFO] [logger:55] - 用户 admin 生成视频扣除了 1 条额度，剩余 60 条
[2025-08-11 09:38:36,018] [INFO] [logger:55] - 用户 admin 的任务已加入队列，任务ID: 31
[2025-08-11 09:38:36,063] [INFO] [logger:55] - 开始处理用户 admin 的队列任务，任务ID: 31, 视频ID: 84
[2025-08-11 09:45:33,017] [INFO] [logger:55] - 更新视频路径: workstore/admin/解读《庄子》内篇·人间世/output.mp4
[2025-08-11 09:45:33,018] [INFO] [logger:55] - 更新封面路径: workstore/admin/解读《庄子》内篇·人间世/covers/cover_4:3.png
[2025-08-11 09:45:33,022] [INFO] [logger:55] - 队列任务完成，任务ID: 31, 视频ID: 84
[2025-08-11 09:48:19,884] [INFO] [logger:55] - 正在检查并恢复中断的任务...
[2025-08-11 09:48:19,885] [INFO] [logger:55] - 检查服务器启动时是否有中断的任务需要恢复...
[2025-08-11 09:48:19,887] [INFO] [logger:55] - 开始迁移视频路径...
[2025-08-11 09:48:19,887] [INFO] [logger:55] - 迁移视频 13: user1 -> admin
[2025-08-11 09:48:19,887] [WARNING] [logger:66] - 新路径不存在，跳过迁移视频 13: workstore/admin/纳什均衡解析/output.mp4
[2025-08-11 09:48:19,888] [INFO] [logger:55] - 迁移视频 15: user1 -> admin
[2025-08-11 09:48:19,888] [WARNING] [logger:66] - 新路径不存在，跳过迁移视频 15: workstore/admin/白雪公主的童话/output.mp4
[2025-08-11 09:48:19,888] [INFO] [logger:55] - 迁移视频 18: user3 -> test2
[2025-08-11 09:48:19,888] [WARNING] [logger:66] - 新路径不存在，跳过迁移视频 18: workstore/test2/坚持的力量/output.mp4
[2025-08-11 09:48:19,888] [INFO] [logger:55] - 迁移视频 19: user6 -> test4
[2025-08-11 09:48:19,888] [WARNING] [logger:66] - 新路径不存在，跳过迁移视频 19: workstore/test4/白雪公主的故事/output.mp4
[2025-08-11 09:48:19,888] [INFO] [logger:55] - 迁移视频 26: user6 -> test4
[2025-08-11 09:48:19,888] [WARNING] [logger:66] - 新路径不存在，跳过迁移视频 26: workstore/test4/人性弱点智慧/output.mp4
[2025-08-11 09:48:19,889] [INFO] [logger:55] - 迁移视频 27: user6 -> test4
[2025-08-11 09:48:19,889] [WARNING] [logger:66] - 新路径不存在，跳过迁移视频 27: workstore/test4/达克效应之谜/output.mp4
[2025-08-11 09:48:19,889] [INFO] [logger:55] - 迁移视频 32: user6 -> test4
[2025-08-11 09:48:19,889] [WARNING] [logger:66] - 新路径不存在，跳过迁移视频 32: workstore/test4/《金刚经》第一品：法会因由分/output.mp4
[2025-08-11 09:48:19,889] [INFO] [logger:55] - 迁移视频 33: user6 -> test4
[2025-08-11 09:48:19,889] [WARNING] [logger:66] - 新路径不存在，跳过迁移视频 33: workstore/test4/《金刚经》第二品善现启请分/output.mp4
[2025-08-11 09:48:19,889] [INFO] [logger:55] - 迁移视频 34: user1 -> admin
[2025-08-11 09:48:19,889] [WARNING] [logger:66] - 新路径不存在，跳过迁移视频 34: workstore/admin/小红帽的森林奇遇/output.mp4
[2025-08-11 09:48:19,889] [INFO] [logger:55] - 迁移视频 35: user8 -> test9
[2025-08-11 09:48:19,889] [WARNING] [logger:66] - 新路径不存在，跳过迁移视频 35: workstore/test9/《金刚经》第五品 如理实见分/output.mp4
[2025-08-11 09:48:19,890] [INFO] [logger:55] - 迁移视频 36: user8 -> test9
[2025-08-11 09:48:19,890] [WARNING] [logger:66] - 新路径不存在，跳过迁移视频 36: workstore/test9/《金刚经》第六品 正信希有分/output.mp4
[2025-08-11 09:48:19,890] [INFO] [logger:55] - 迁移视频 37: user1 -> admin
[2025-08-11 09:48:19,890] [WARNING] [logger:66] - 新路径不存在，跳过迁移视频 37: workstore/admin/停止按钮背后的故事/output.mp4
[2025-08-11 09:48:19,890] [INFO] [logger:55] - 迁移视频 38: user1 -> admin
[2025-08-11 09:48:19,890] [WARNING] [logger:66] - 新路径不存在，跳过迁移视频 38: workstore/admin/《金刚经》第八品 依法出生分/output.mp4
[2025-08-11 09:48:19,895] [INFO] [logger:55] - 视频路径迁移完成，共迁移 0 个视频
[2025-08-11 09:48:19,896] [INFO] [logger:55] - 没有发现中断的任务
[2025-08-11 09:48:19,896] [INFO] [logger:55] - 任务恢复完成
[2025-08-11 09:48:19,896] [INFO] [logger:55] - 没有等待中的任务需要启动
[2025-08-11 09:48:19,896] [INFO] [logger:55] - 任务恢复检查完成
[2025-08-11 09:49:11,732] [INFO] [logger:55] - 用户 admin 生成视频扣除了 1 条额度，剩余 59 条
[2025-08-11 09:49:11,737] [INFO] [logger:55] - 用户 admin 的任务已加入队列，任务ID: 32
[2025-08-11 09:49:11,748] [INFO] [logger:55] - 开始处理用户 admin 的队列任务，任务ID: 32, 视频ID: 85
[2025-08-11 09:55:19,159] [INFO] [logger:55] - 更新视频路径: workstore/admin/解读《庄子》内篇·大宗师/output.mp4
[2025-08-11 09:55:19,160] [INFO] [logger:55] - 更新封面路径: workstore/admin/解读《庄子》内篇·大宗师/covers/cover_4:3.png
[2025-08-11 09:55:19,163] [INFO] [logger:55] - 队列任务完成，任务ID: 32, 视频ID: 85
[2025-08-11 09:55:39,065] [INFO] [logger:55] - 用户 admin 查看我的视频页面，共 10 个视频
[2025-08-11 09:55:39,639] [INFO] [app:2539] - 请求 workstore 文件: admin/解读《庄子》内篇·大宗师/covers/cover_4:3.png
[2025-08-11 09:55:39,641] [INFO] [app:2539] - 请求 workstore 文件: admin/解读《庄子》内篇·人间世/covers/cover_4:3.png
[2025-08-11 09:55:39,643] [INFO] [app:2539] - 请求 workstore 文件: admin/解读《庄子》杂篇·渔父/covers/cover_4:3.png
[2025-08-11 09:55:39,657] [INFO] [app:2539] - 请求 workstore 文件: admin/解读《庄子》内篇·齐物论/covers/cover_4:3.png
[2025-08-11 09:55:39,672] [INFO] [app:2539] - 请求 workstore 文件: admin/解读《庄子》杂篇·盗跖/covers/cover_4:3.png
[2025-08-11 09:55:39,673] [INFO] [app:2539] - 请求 workstore 文件: admin/解读《庄子》杂篇·寓言/covers/cover_4:3.png
[2025-08-11 09:55:39,700] [INFO] [app:2539] - 请求 workstore 文件: admin/解读《庄子》杂篇·则阳/covers/cover_4:3.png
[2025-08-11 09:55:39,718] [INFO] [app:2539] - 请求 workstore 文件: admin/解读《庄子》杂篇·庚桑楚/covers/cover_4:3.png
[2025-08-11 09:55:52,358] [INFO] [app:2457] - 用户 1 请求下载视频 84, 路径: workstore/admin/解读《庄子》内篇·人间世/output.mp4
[2025-08-11 09:55:52,358] [INFO] [app:2484] - 解析的基础目录: workstore/admin/解读《庄子》内篇·人间世
[2025-08-11 09:55:53,056] [INFO] [app:2498] - 已添加视频文件到ZIP: workstore/admin/解读《庄子》内篇·人间世/output.mp4
[2025-08-11 09:55:53,076] [INFO] [app:2510] - 已添加封面文件到ZIP: workstore/admin/解读《庄子》内篇·人间世/covers/cover_3:4.png
[2025-08-11 09:55:53,095] [INFO] [app:2510] - 已添加封面文件到ZIP: workstore/admin/解读《庄子》内篇·人间世/covers/cover_4:3.png
[2025-08-11 09:55:53,096] [INFO] [app:2519] - 开始下载，文件名: video_84_20250811095553.zip
[2025-08-11 09:56:04,096] [INFO] [app:2457] - 用户 1 请求下载视频 85, 路径: workstore/admin/解读《庄子》内篇·大宗师/output.mp4
[2025-08-11 09:56:04,097] [INFO] [app:2484] - 解析的基础目录: workstore/admin/解读《庄子》内篇·大宗师
[2025-08-11 09:56:04,804] [INFO] [app:2498] - 已添加视频文件到ZIP: workstore/admin/解读《庄子》内篇·大宗师/output.mp4
[2025-08-11 09:56:04,826] [INFO] [app:2510] - 已添加封面文件到ZIP: workstore/admin/解读《庄子》内篇·大宗师/covers/cover_3:4.png
[2025-08-11 09:56:04,847] [INFO] [app:2510] - 已添加封面文件到ZIP: workstore/admin/解读《庄子》内篇·大宗师/covers/cover_4:3.png
[2025-08-11 09:56:04,847] [INFO] [app:2519] - 开始下载，文件名: video_85_20250811095604.zip
[2025-08-11 10:00:43,047] [INFO] [logger:55] - 正在检查并恢复中断的任务...
[2025-08-11 10:00:43,047] [INFO] [logger:55] - 检查服务器启动时是否有中断的任务需要恢复...
[2025-08-11 10:00:43,051] [INFO] [logger:55] - 开始迁移视频路径...
[2025-08-11 10:00:43,051] [INFO] [logger:55] - 迁移视频 13: user1 -> admin
[2025-08-11 10:00:43,051] [WARNING] [logger:66] - 新路径不存在，跳过迁移视频 13: workstore/admin/纳什均衡解析/output.mp4
[2025-08-11 10:00:43,051] [INFO] [logger:55] - 迁移视频 15: user1 -> admin
[2025-08-11 10:00:43,051] [WARNING] [logger:66] - 新路径不存在，跳过迁移视频 15: workstore/admin/白雪公主的童话/output.mp4
[2025-08-11 10:00:43,052] [INFO] [logger:55] - 迁移视频 18: user3 -> test2
[2025-08-11 10:00:43,052] [WARNING] [logger:66] - 新路径不存在，跳过迁移视频 18: workstore/test2/坚持的力量/output.mp4
[2025-08-11 10:00:43,052] [INFO] [logger:55] - 迁移视频 19: user6 -> test4
[2025-08-11 10:00:43,052] [WARNING] [logger:66] - 新路径不存在，跳过迁移视频 19: workstore/test4/白雪公主的故事/output.mp4
[2025-08-11 10:00:43,052] [INFO] [logger:55] - 迁移视频 26: user6 -> test4
[2025-08-11 10:00:43,052] [WARNING] [logger:66] - 新路径不存在，跳过迁移视频 26: workstore/test4/人性弱点智慧/output.mp4
[2025-08-11 10:00:43,052] [INFO] [logger:55] - 迁移视频 27: user6 -> test4
[2025-08-11 10:00:43,052] [WARNING] [logger:66] - 新路径不存在，跳过迁移视频 27: workstore/test4/达克效应之谜/output.mp4
[2025-08-11 10:00:43,052] [INFO] [logger:55] - 迁移视频 32: user6 -> test4
[2025-08-11 10:00:43,052] [WARNING] [logger:66] - 新路径不存在，跳过迁移视频 32: workstore/test4/《金刚经》第一品：法会因由分/output.mp4
[2025-08-11 10:00:43,053] [INFO] [logger:55] - 迁移视频 33: user6 -> test4
[2025-08-11 10:00:43,053] [WARNING] [logger:66] - 新路径不存在，跳过迁移视频 33: workstore/test4/《金刚经》第二品善现启请分/output.mp4
[2025-08-11 10:00:43,053] [INFO] [logger:55] - 迁移视频 34: user1 -> admin
[2025-08-11 10:00:43,053] [WARNING] [logger:66] - 新路径不存在，跳过迁移视频 34: workstore/admin/小红帽的森林奇遇/output.mp4
[2025-08-11 10:00:43,053] [INFO] [logger:55] - 迁移视频 35: user8 -> test9
[2025-08-11 10:00:43,053] [WARNING] [logger:66] - 新路径不存在，跳过迁移视频 35: workstore/test9/《金刚经》第五品 如理实见分/output.mp4
[2025-08-11 10:00:43,053] [INFO] [logger:55] - 迁移视频 36: user8 -> test9
[2025-08-11 10:00:43,053] [WARNING] [logger:66] - 新路径不存在，跳过迁移视频 36: workstore/test9/《金刚经》第六品 正信希有分/output.mp4
[2025-08-11 10:00:43,054] [INFO] [logger:55] - 迁移视频 37: user1 -> admin
[2025-08-11 10:00:43,054] [WARNING] [logger:66] - 新路径不存在，跳过迁移视频 37: workstore/admin/停止按钮背后的故事/output.mp4
[2025-08-11 10:00:43,054] [INFO] [logger:55] - 迁移视频 38: user1 -> admin
[2025-08-11 10:00:43,054] [WARNING] [logger:66] - 新路径不存在，跳过迁移视频 38: workstore/admin/《金刚经》第八品 依法出生分/output.mp4
[2025-08-11 10:00:43,058] [INFO] [logger:55] - 视频路径迁移完成，共迁移 0 个视频
[2025-08-11 10:00:43,059] [INFO] [logger:55] - 没有发现中断的任务
[2025-08-11 10:00:43,059] [INFO] [logger:55] - 任务恢复完成
[2025-08-11 10:00:43,059] [INFO] [logger:55] - 没有等待中的任务需要启动
[2025-08-11 10:00:43,059] [INFO] [logger:55] - 任务恢复检查完成
[2025-08-11 10:03:25,650] [INFO] [logger:55] - 正在检查并恢复中断的任务...
[2025-08-11 10:03:25,650] [INFO] [logger:55] - 检查服务器启动时是否有中断的任务需要恢复...
[2025-08-11 10:03:25,654] [INFO] [logger:55] - 开始迁移视频路径...
[2025-08-11 10:03:25,654] [INFO] [logger:55] - 迁移视频 13: user1 -> admin
[2025-08-11 10:03:25,654] [WARNING] [logger:66] - 新路径不存在，跳过迁移视频 13: workstore/admin/纳什均衡解析/output.mp4
[2025-08-11 10:03:25,654] [INFO] [logger:55] - 迁移视频 15: user1 -> admin
[2025-08-11 10:03:25,654] [WARNING] [logger:66] - 新路径不存在，跳过迁移视频 15: workstore/admin/白雪公主的童话/output.mp4
[2025-08-11 10:03:25,654] [INFO] [logger:55] - 迁移视频 18: user3 -> test2
[2025-08-11 10:03:25,654] [WARNING] [logger:66] - 新路径不存在，跳过迁移视频 18: workstore/test2/坚持的力量/output.mp4
[2025-08-11 10:03:25,655] [INFO] [logger:55] - 迁移视频 19: user6 -> test4
[2025-08-11 10:03:25,655] [WARNING] [logger:66] - 新路径不存在，跳过迁移视频 19: workstore/test4/白雪公主的故事/output.mp4
[2025-08-11 10:03:25,655] [INFO] [logger:55] - 迁移视频 26: user6 -> test4
[2025-08-11 10:03:25,655] [WARNING] [logger:66] - 新路径不存在，跳过迁移视频 26: workstore/test4/人性弱点智慧/output.mp4
[2025-08-11 10:03:25,655] [INFO] [logger:55] - 迁移视频 27: user6 -> test4
[2025-08-11 10:03:25,655] [WARNING] [logger:66] - 新路径不存在，跳过迁移视频 27: workstore/test4/达克效应之谜/output.mp4
[2025-08-11 10:03:25,655] [INFO] [logger:55] - 迁移视频 32: user6 -> test4
[2025-08-11 10:03:25,655] [WARNING] [logger:66] - 新路径不存在，跳过迁移视频 32: workstore/test4/《金刚经》第一品：法会因由分/output.mp4
[2025-08-11 10:03:25,655] [INFO] [logger:55] - 迁移视频 33: user6 -> test4
[2025-08-11 10:03:25,655] [WARNING] [logger:66] - 新路径不存在，跳过迁移视频 33: workstore/test4/《金刚经》第二品善现启请分/output.mp4
[2025-08-11 10:03:25,656] [INFO] [logger:55] - 迁移视频 34: user1 -> admin
[2025-08-11 10:03:25,656] [WARNING] [logger:66] - 新路径不存在，跳过迁移视频 34: workstore/admin/小红帽的森林奇遇/output.mp4
[2025-08-11 10:03:25,656] [INFO] [logger:55] - 迁移视频 35: user8 -> test9
[2025-08-11 10:03:25,656] [WARNING] [logger:66] - 新路径不存在，跳过迁移视频 35: workstore/test9/《金刚经》第五品 如理实见分/output.mp4
[2025-08-11 10:03:25,656] [INFO] [logger:55] - 迁移视频 36: user8 -> test9
[2025-08-11 10:03:25,656] [WARNING] [logger:66] - 新路径不存在，跳过迁移视频 36: workstore/test9/《金刚经》第六品 正信希有分/output.mp4
[2025-08-11 10:03:25,656] [INFO] [logger:55] - 迁移视频 37: user1 -> admin
[2025-08-11 10:03:25,656] [WARNING] [logger:66] - 新路径不存在，跳过迁移视频 37: workstore/admin/停止按钮背后的故事/output.mp4
[2025-08-11 10:03:25,657] [INFO] [logger:55] - 迁移视频 38: user1 -> admin
[2025-08-11 10:03:25,657] [WARNING] [logger:66] - 新路径不存在，跳过迁移视频 38: workstore/admin/《金刚经》第八品 依法出生分/output.mp4
[2025-08-11 10:03:25,661] [INFO] [logger:55] - 视频路径迁移完成，共迁移 0 个视频
[2025-08-11 10:03:25,662] [INFO] [logger:55] - 没有发现中断的任务
[2025-08-11 10:03:25,662] [INFO] [logger:55] - 任务恢复完成
[2025-08-11 10:03:25,662] [INFO] [logger:55] - 没有等待中的任务需要启动
[2025-08-11 10:03:25,662] [INFO] [logger:55] - 任务恢复检查完成
[2025-08-11 10:06:54,383] [INFO] [logger:55] - 用户 admin 生成视频扣除了 1 条额度，剩余 58 条
[2025-08-11 10:06:54,388] [INFO] [logger:55] - 用户 admin 的任务已加入队列，任务ID: 33
[2025-08-11 10:06:54,412] [INFO] [logger:55] - 开始处理用户 admin 的队列任务，任务ID: 33, 视频ID: 86
[2025-08-11 10:13:31,411] [INFO] [logger:55] - 更新视频路径: workstore/admin/解读《庄子》外篇·骈拇/output.mp4
[2025-08-11 10:13:31,411] [INFO] [logger:55] - 更新封面路径: workstore/admin/解读《庄子》外篇·骈拇/covers/cover_4:3.png
[2025-08-11 10:13:31,415] [INFO] [logger:55] - 队列任务完成，任务ID: 33, 视频ID: 86
[2025-08-11 10:21:24,878] [INFO] [logger:55] - 用户 admin 查看我的视频页面，共 10 个视频
[2025-08-11 10:21:25,270] [INFO] [app:2539] - 请求 workstore 文件: admin/解读《庄子》外篇·骈拇/covers/cover_4:3.png
[2025-08-11 10:21:25,271] [INFO] [app:2539] - 请求 workstore 文件: admin/解读《庄子》内篇·大宗师/covers/cover_4:3.png
[2025-08-11 10:21:25,281] [INFO] [app:2539] - 请求 workstore 文件: admin/解读《庄子》内篇·齐物论/covers/cover_4:3.png
[2025-08-11 10:21:25,282] [INFO] [app:2539] - 请求 workstore 文件: admin/解读《庄子》内篇·人间世/covers/cover_4:3.png
[2025-08-11 10:21:25,284] [INFO] [app:2539] - 请求 workstore 文件: admin/解读《庄子》杂篇·渔父/covers/cover_4:3.png
[2025-08-11 10:21:25,288] [INFO] [app:2539] - 请求 workstore 文件: admin/解读《庄子》杂篇·盗跖/covers/cover_4:3.png
[2025-08-11 10:21:25,298] [INFO] [app:2539] - 请求 workstore 文件: admin/解读《庄子》杂篇·寓言/covers/cover_4:3.png
[2025-08-11 10:21:25,300] [INFO] [app:2539] - 请求 workstore 文件: admin/解读《庄子》杂篇·则阳/covers/cover_4:3.png
[2025-08-11 10:21:25,301] [INFO] [app:2539] - 请求 workstore 文件: admin/解读《庄子》杂篇·庚桑楚/covers/cover_4:3.png
[2025-08-11 10:21:30,552] [INFO] [app:2457] - 用户 1 请求下载视频 86, 路径: workstore/admin/解读《庄子》外篇·骈拇/output.mp4
[2025-08-11 10:21:30,553] [INFO] [app:2484] - 解析的基础目录: workstore/admin/解读《庄子》外篇·骈拇
[2025-08-11 10:21:30,985] [INFO] [app:2498] - 已添加视频文件到ZIP: workstore/admin/解读《庄子》外篇·骈拇/output.mp4
[2025-08-11 10:21:30,993] [INFO] [app:2510] - 已添加封面文件到ZIP: workstore/admin/解读《庄子》外篇·骈拇/covers/cover_3:4.png
[2025-08-11 10:21:31,001] [INFO] [app:2510] - 已添加封面文件到ZIP: workstore/admin/解读《庄子》外篇·骈拇/covers/cover_4:3.png
[2025-08-11 10:21:31,002] [INFO] [app:2519] - 开始下载，文件名: video_86_20250811102131.zip
[2025-08-11 10:23:31,371] [INFO] [logger:55] - 正在检查并恢复中断的任务...
[2025-08-11 10:23:31,371] [INFO] [logger:55] - 检查服务器启动时是否有中断的任务需要恢复...
[2025-08-11 10:23:31,375] [INFO] [logger:55] - 开始迁移视频路径...
[2025-08-11 10:23:31,375] [INFO] [logger:55] - 迁移视频 13: user1 -> admin
[2025-08-11 10:23:31,375] [WARNING] [logger:66] - 新路径不存在，跳过迁移视频 13: workstore/admin/纳什均衡解析/output.mp4
[2025-08-11 10:23:31,375] [INFO] [logger:55] - 迁移视频 15: user1 -> admin
[2025-08-11 10:23:31,375] [WARNING] [logger:66] - 新路径不存在，跳过迁移视频 15: workstore/admin/白雪公主的童话/output.mp4
[2025-08-11 10:23:31,375] [INFO] [logger:55] - 迁移视频 18: user3 -> test2
[2025-08-11 10:23:31,375] [WARNING] [logger:66] - 新路径不存在，跳过迁移视频 18: workstore/test2/坚持的力量/output.mp4
[2025-08-11 10:23:31,376] [INFO] [logger:55] - 迁移视频 19: user6 -> test4
[2025-08-11 10:23:31,376] [WARNING] [logger:66] - 新路径不存在，跳过迁移视频 19: workstore/test4/白雪公主的故事/output.mp4
[2025-08-11 10:23:31,376] [INFO] [logger:55] - 迁移视频 26: user6 -> test4
[2025-08-11 10:23:31,376] [WARNING] [logger:66] - 新路径不存在，跳过迁移视频 26: workstore/test4/人性弱点智慧/output.mp4
[2025-08-11 10:23:31,376] [INFO] [logger:55] - 迁移视频 27: user6 -> test4
[2025-08-11 10:23:31,376] [WARNING] [logger:66] - 新路径不存在，跳过迁移视频 27: workstore/test4/达克效应之谜/output.mp4
[2025-08-11 10:23:31,376] [INFO] [logger:55] - 迁移视频 32: user6 -> test4
[2025-08-11 10:23:31,376] [WARNING] [logger:66] - 新路径不存在，跳过迁移视频 32: workstore/test4/《金刚经》第一品：法会因由分/output.mp4
[2025-08-11 10:23:31,377] [INFO] [logger:55] - 迁移视频 33: user6 -> test4
[2025-08-11 10:23:31,377] [WARNING] [logger:66] - 新路径不存在，跳过迁移视频 33: workstore/test4/《金刚经》第二品善现启请分/output.mp4
[2025-08-11 10:23:31,377] [INFO] [logger:55] - 迁移视频 34: user1 -> admin
[2025-08-11 10:23:31,377] [WARNING] [logger:66] - 新路径不存在，跳过迁移视频 34: workstore/admin/小红帽的森林奇遇/output.mp4
[2025-08-11 10:23:31,377] [INFO] [logger:55] - 迁移视频 35: user8 -> test9
[2025-08-11 10:23:31,377] [WARNING] [logger:66] - 新路径不存在，跳过迁移视频 35: workstore/test9/《金刚经》第五品 如理实见分/output.mp4
[2025-08-11 10:23:31,378] [INFO] [logger:55] - 迁移视频 36: user8 -> test9
[2025-08-11 10:23:31,378] [WARNING] [logger:66] - 新路径不存在，跳过迁移视频 36: workstore/test9/《金刚经》第六品 正信希有分/output.mp4
[2025-08-11 10:23:31,378] [INFO] [logger:55] - 迁移视频 37: user1 -> admin
[2025-08-11 10:23:31,378] [WARNING] [logger:66] - 新路径不存在，跳过迁移视频 37: workstore/admin/停止按钮背后的故事/output.mp4
[2025-08-11 10:23:31,378] [INFO] [logger:55] - 迁移视频 38: user1 -> admin
[2025-08-11 10:23:31,378] [WARNING] [logger:66] - 新路径不存在，跳过迁移视频 38: workstore/admin/《金刚经》第八品 依法出生分/output.mp4
[2025-08-11 10:23:31,382] [INFO] [logger:55] - 视频路径迁移完成，共迁移 0 个视频
[2025-08-11 10:23:31,383] [INFO] [logger:55] - 没有发现中断的任务
[2025-08-11 10:23:31,383] [INFO] [logger:55] - 任务恢复完成
[2025-08-11 10:23:31,384] [INFO] [logger:55] - 没有等待中的任务需要启动
[2025-08-11 10:23:31,384] [INFO] [logger:55] - 任务恢复检查完成
[2025-08-11 10:28:47,700] [INFO] [logger:55] - 正在检查并恢复中断的任务...
[2025-08-11 10:28:47,700] [INFO] [logger:55] - 检查服务器启动时是否有中断的任务需要恢复...
[2025-08-11 10:28:47,704] [INFO] [logger:55] - 开始迁移视频路径...
[2025-08-11 10:28:47,704] [INFO] [logger:55] - 迁移视频 13: user1 -> admin
[2025-08-11 10:28:47,704] [WARNING] [logger:66] - 新路径不存在，跳过迁移视频 13: workstore/admin/纳什均衡解析/output.mp4
[2025-08-11 10:28:47,704] [INFO] [logger:55] - 迁移视频 15: user1 -> admin
[2025-08-11 10:28:47,704] [WARNING] [logger:66] - 新路径不存在，跳过迁移视频 15: workstore/admin/白雪公主的童话/output.mp4
[2025-08-11 10:28:47,705] [INFO] [logger:55] - 迁移视频 18: user3 -> test2
[2025-08-11 10:28:47,705] [WARNING] [logger:66] - 新路径不存在，跳过迁移视频 18: workstore/test2/坚持的力量/output.mp4
[2025-08-11 10:28:47,705] [INFO] [logger:55] - 迁移视频 19: user6 -> test4
[2025-08-11 10:28:47,705] [WARNING] [logger:66] - 新路径不存在，跳过迁移视频 19: workstore/test4/白雪公主的故事/output.mp4
[2025-08-11 10:28:47,705] [INFO] [logger:55] - 迁移视频 26: user6 -> test4
[2025-08-11 10:28:47,705] [WARNING] [logger:66] - 新路径不存在，跳过迁移视频 26: workstore/test4/人性弱点智慧/output.mp4
[2025-08-11 10:28:47,705] [INFO] [logger:55] - 迁移视频 27: user6 -> test4
[2025-08-11 10:28:47,705] [WARNING] [logger:66] - 新路径不存在，跳过迁移视频 27: workstore/test4/达克效应之谜/output.mp4
[2025-08-11 10:28:47,705] [INFO] [logger:55] - 迁移视频 32: user6 -> test4
[2025-08-11 10:28:47,705] [WARNING] [logger:66] - 新路径不存在，跳过迁移视频 32: workstore/test4/《金刚经》第一品：法会因由分/output.mp4
[2025-08-11 10:28:47,706] [INFO] [logger:55] - 迁移视频 33: user6 -> test4
[2025-08-11 10:28:47,706] [WARNING] [logger:66] - 新路径不存在，跳过迁移视频 33: workstore/test4/《金刚经》第二品善现启请分/output.mp4
[2025-08-11 10:28:47,706] [INFO] [logger:55] - 迁移视频 34: user1 -> admin
[2025-08-11 10:28:47,706] [WARNING] [logger:66] - 新路径不存在，跳过迁移视频 34: workstore/admin/小红帽的森林奇遇/output.mp4
[2025-08-11 10:28:47,706] [INFO] [logger:55] - 迁移视频 35: user8 -> test9
[2025-08-11 10:28:47,706] [WARNING] [logger:66] - 新路径不存在，跳过迁移视频 35: workstore/test9/《金刚经》第五品 如理实见分/output.mp4
[2025-08-11 10:28:47,706] [INFO] [logger:55] - 迁移视频 36: user8 -> test9
[2025-08-11 10:28:47,706] [WARNING] [logger:66] - 新路径不存在，跳过迁移视频 36: workstore/test9/《金刚经》第六品 正信希有分/output.mp4
[2025-08-11 10:28:47,707] [INFO] [logger:55] - 迁移视频 37: user1 -> admin
[2025-08-11 10:28:47,707] [WARNING] [logger:66] - 新路径不存在，跳过迁移视频 37: workstore/admin/停止按钮背后的故事/output.mp4
[2025-08-11 10:28:47,707] [INFO] [logger:55] - 迁移视频 38: user1 -> admin
[2025-08-11 10:28:47,707] [WARNING] [logger:66] - 新路径不存在，跳过迁移视频 38: workstore/admin/《金刚经》第八品 依法出生分/output.mp4
[2025-08-11 10:28:47,711] [INFO] [logger:55] - 视频路径迁移完成，共迁移 0 个视频
[2025-08-11 10:28:47,713] [INFO] [logger:55] - 没有发现中断的任务
[2025-08-11 10:28:47,713] [INFO] [logger:55] - 任务恢复完成
[2025-08-11 10:28:47,713] [INFO] [logger:55] - 没有等待中的任务需要启动
[2025-08-11 10:28:47,713] [INFO] [logger:55] - 任务恢复检查完成
[2025-08-11 13:42:59,346] [INFO] [logger:55] - 正在检查并恢复中断的任务...
[2025-08-11 13:42:59,346] [INFO] [logger:55] - 检查服务器启动时是否有中断的任务需要恢复...
[2025-08-11 13:42:59,350] [INFO] [logger:55] - 开始迁移视频路径...
[2025-08-11 13:42:59,350] [INFO] [logger:55] - 迁移视频 13: user1 -> admin
[2025-08-11 13:42:59,351] [WARNING] [logger:66] - 新路径不存在，跳过迁移视频 13: workstore/admin/纳什均衡解析/output.mp4
[2025-08-11 13:42:59,351] [INFO] [logger:55] - 迁移视频 15: user1 -> admin
[2025-08-11 13:42:59,351] [WARNING] [logger:66] - 新路径不存在，跳过迁移视频 15: workstore/admin/白雪公主的童话/output.mp4
[2025-08-11 13:42:59,351] [INFO] [logger:55] - 迁移视频 18: user3 -> test2
[2025-08-11 13:42:59,351] [WARNING] [logger:66] - 新路径不存在，跳过迁移视频 18: workstore/test2/坚持的力量/output.mp4
[2025-08-11 13:42:59,352] [INFO] [logger:55] - 迁移视频 19: user6 -> test4
[2025-08-11 13:42:59,352] [WARNING] [logger:66] - 新路径不存在，跳过迁移视频 19: workstore/test4/白雪公主的故事/output.mp4
[2025-08-11 13:42:59,352] [INFO] [logger:55] - 迁移视频 26: user6 -> test4
[2025-08-11 13:42:59,352] [WARNING] [logger:66] - 新路径不存在，跳过迁移视频 26: workstore/test4/人性弱点智慧/output.mp4
[2025-08-11 13:42:59,352] [INFO] [logger:55] - 迁移视频 27: user6 -> test4
[2025-08-11 13:42:59,352] [WARNING] [logger:66] - 新路径不存在，跳过迁移视频 27: workstore/test4/达克效应之谜/output.mp4
[2025-08-11 13:42:59,352] [INFO] [logger:55] - 迁移视频 32: user6 -> test4
[2025-08-11 13:42:59,352] [WARNING] [logger:66] - 新路径不存在，跳过迁移视频 32: workstore/test4/《金刚经》第一品：法会因由分/output.mp4
[2025-08-11 13:42:59,352] [INFO] [logger:55] - 迁移视频 33: user6 -> test4
[2025-08-11 13:42:59,352] [WARNING] [logger:66] - 新路径不存在，跳过迁移视频 33: workstore/test4/《金刚经》第二品善现启请分/output.mp4
[2025-08-11 13:42:59,353] [INFO] [logger:55] - 迁移视频 34: user1 -> admin
[2025-08-11 13:42:59,353] [WARNING] [logger:66] - 新路径不存在，跳过迁移视频 34: workstore/admin/小红帽的森林奇遇/output.mp4
[2025-08-11 13:42:59,353] [INFO] [logger:55] - 迁移视频 35: user8 -> test9
[2025-08-11 13:42:59,353] [WARNING] [logger:66] - 新路径不存在，跳过迁移视频 35: workstore/test9/《金刚经》第五品 如理实见分/output.mp4
[2025-08-11 13:42:59,353] [INFO] [logger:55] - 迁移视频 36: user8 -> test9
[2025-08-11 13:42:59,353] [WARNING] [logger:66] - 新路径不存在，跳过迁移视频 36: workstore/test9/《金刚经》第六品 正信希有分/output.mp4
[2025-08-11 13:42:59,353] [INFO] [logger:55] - 迁移视频 37: user1 -> admin
[2025-08-11 13:42:59,353] [WARNING] [logger:66] - 新路径不存在，跳过迁移视频 37: workstore/admin/停止按钮背后的故事/output.mp4
[2025-08-11 13:42:59,353] [INFO] [logger:55] - 迁移视频 38: user1 -> admin
[2025-08-11 13:42:59,353] [WARNING] [logger:66] - 新路径不存在，跳过迁移视频 38: workstore/admin/《金刚经》第八品 依法出生分/output.mp4
[2025-08-11 13:42:59,358] [INFO] [logger:55] - 视频路径迁移完成，共迁移 0 个视频
[2025-08-11 13:42:59,359] [INFO] [logger:55] - 没有发现中断的任务
[2025-08-11 13:42:59,359] [INFO] [logger:55] - 任务恢复完成
[2025-08-11 13:42:59,360] [INFO] [logger:55] - 没有等待中的任务需要启动
[2025-08-11 13:42:59,360] [INFO] [logger:55] - 任务恢复检查完成
[2025-08-11 13:43:57,590] [INFO] [logger:55] - 用户 admin 生成视频扣除了 1 条额度，剩余 57 条
[2025-08-11 13:43:57,599] [INFO] [logger:55] - 用户 admin 的任务已加入队列，任务ID: 34
[2025-08-11 13:43:57,657] [INFO] [logger:55] - 开始处理用户 admin 的队列任务，任务ID: 34, 视频ID: 87
[2025-08-11 13:54:22,461] [INFO] [logger:55] - 更新视频路径: workstore/admin/解读《庄子》外篇·胠箧/output.mp4
[2025-08-11 13:54:22,462] [INFO] [logger:55] - 更新封面路径: workstore/admin/解读《庄子》外篇·胠箧/covers/cover_4:3.png
[2025-08-11 13:54:22,465] [INFO] [logger:55] - 队列任务完成，任务ID: 34, 视频ID: 87
[2025-08-11 13:56:00,631] [INFO] [logger:55] - 用户 admin 查看我的视频页面，共 10 个视频
[2025-08-11 13:56:01,077] [INFO] [app:2539] - 请求 workstore 文件: admin/解读《庄子》外篇·胠箧/covers/cover_4:3.png
[2025-08-11 13:56:01,078] [INFO] [app:2539] - 请求 workstore 文件: admin/解读《庄子》外篇·骈拇/covers/cover_4:3.png
[2025-08-11 13:56:01,085] [INFO] [app:2539] - 请求 workstore 文件: admin/解读《庄子》内篇·人间世/covers/cover_4:3.png
[2025-08-11 13:56:01,086] [INFO] [app:2539] - 请求 workstore 文件: admin/解读《庄子》内篇·齐物论/covers/cover_4:3.png
[2025-08-11 13:56:01,089] [INFO] [app:2539] - 请求 workstore 文件: admin/解读《庄子》内篇·大宗师/covers/cover_4:3.png
[2025-08-11 13:56:01,095] [INFO] [app:2539] - 请求 workstore 文件: admin/解读《庄子》杂篇·渔父/covers/cover_4:3.png
[2025-08-11 13:56:01,100] [INFO] [app:2539] - 请求 workstore 文件: admin/解读《庄子》杂篇·盗跖/covers/cover_4:3.png
[2025-08-11 13:56:01,104] [INFO] [app:2539] - 请求 workstore 文件: admin/解读《庄子》杂篇·寓言/covers/cover_4:3.png
[2025-08-11 13:56:01,109] [INFO] [app:2539] - 请求 workstore 文件: admin/解读《庄子》杂篇·则阳/covers/cover_4:3.png
[2025-08-11 13:56:39,713] [INFO] [app:2457] - 用户 1 请求下载视频 87, 路径: workstore/admin/解读《庄子》外篇·胠箧/output.mp4
[2025-08-11 13:56:39,714] [INFO] [app:2484] - 解析的基础目录: workstore/admin/解读《庄子》外篇·胠箧
[2025-08-11 13:56:40,580] [INFO] [app:2498] - 已添加视频文件到ZIP: workstore/admin/解读《庄子》外篇·胠箧/output.mp4
[2025-08-11 13:56:40,591] [INFO] [app:2510] - 已添加封面文件到ZIP: workstore/admin/解读《庄子》外篇·胠箧/covers/cover_3:4.png
[2025-08-11 13:56:40,603] [INFO] [app:2510] - 已添加封面文件到ZIP: workstore/admin/解读《庄子》外篇·胠箧/covers/cover_4:3.png
[2025-08-11 13:56:40,603] [INFO] [app:2519] - 开始下载，文件名: video_87_20250811135640.zip
[2025-08-11 13:58:48,024] [INFO] [logger:55] - 正在检查并恢复中断的任务...
[2025-08-11 13:58:48,024] [INFO] [logger:55] - 检查服务器启动时是否有中断的任务需要恢复...
[2025-08-11 13:58:48,028] [INFO] [logger:55] - 开始迁移视频路径...
[2025-08-11 13:58:48,029] [INFO] [logger:55] - 迁移视频 13: user1 -> admin
[2025-08-11 13:58:48,029] [WARNING] [logger:66] - 新路径不存在，跳过迁移视频 13: workstore/admin/纳什均衡解析/output.mp4
[2025-08-11 13:58:48,029] [INFO] [logger:55] - 迁移视频 15: user1 -> admin
[2025-08-11 13:58:48,029] [WARNING] [logger:66] - 新路径不存在，跳过迁移视频 15: workstore/admin/白雪公主的童话/output.mp4
[2025-08-11 13:58:48,029] [INFO] [logger:55] - 迁移视频 18: user3 -> test2
[2025-08-11 13:58:48,029] [WARNING] [logger:66] - 新路径不存在，跳过迁移视频 18: workstore/test2/坚持的力量/output.mp4
[2025-08-11 13:58:48,030] [INFO] [logger:55] - 迁移视频 19: user6 -> test4
[2025-08-11 13:58:48,030] [WARNING] [logger:66] - 新路径不存在，跳过迁移视频 19: workstore/test4/白雪公主的故事/output.mp4
[2025-08-11 13:58:48,030] [INFO] [logger:55] - 迁移视频 26: user6 -> test4
[2025-08-11 13:58:48,030] [WARNING] [logger:66] - 新路径不存在，跳过迁移视频 26: workstore/test4/人性弱点智慧/output.mp4
[2025-08-11 13:58:48,030] [INFO] [logger:55] - 迁移视频 27: user6 -> test4
[2025-08-11 13:58:48,030] [WARNING] [logger:66] - 新路径不存在，跳过迁移视频 27: workstore/test4/达克效应之谜/output.mp4
[2025-08-11 13:58:48,030] [INFO] [logger:55] - 迁移视频 32: user6 -> test4
[2025-08-11 13:58:48,030] [WARNING] [logger:66] - 新路径不存在，跳过迁移视频 32: workstore/test4/《金刚经》第一品：法会因由分/output.mp4
[2025-08-11 13:58:48,030] [INFO] [logger:55] - 迁移视频 33: user6 -> test4
[2025-08-11 13:58:48,030] [WARNING] [logger:66] - 新路径不存在，跳过迁移视频 33: workstore/test4/《金刚经》第二品善现启请分/output.mp4
[2025-08-11 13:58:48,030] [INFO] [logger:55] - 迁移视频 34: user1 -> admin
[2025-08-11 13:58:48,031] [WARNING] [logger:66] - 新路径不存在，跳过迁移视频 34: workstore/admin/小红帽的森林奇遇/output.mp4
[2025-08-11 13:58:48,031] [INFO] [logger:55] - 迁移视频 35: user8 -> test9
[2025-08-11 13:58:48,031] [WARNING] [logger:66] - 新路径不存在，跳过迁移视频 35: workstore/test9/《金刚经》第五品 如理实见分/output.mp4
[2025-08-11 13:58:48,031] [INFO] [logger:55] - 迁移视频 36: user8 -> test9
[2025-08-11 13:58:48,031] [WARNING] [logger:66] - 新路径不存在，跳过迁移视频 36: workstore/test9/《金刚经》第六品 正信希有分/output.mp4
[2025-08-11 13:58:48,031] [INFO] [logger:55] - 迁移视频 37: user1 -> admin
[2025-08-11 13:58:48,031] [WARNING] [logger:66] - 新路径不存在，跳过迁移视频 37: workstore/admin/停止按钮背后的故事/output.mp4
[2025-08-11 13:58:48,031] [INFO] [logger:55] - 迁移视频 38: user1 -> admin
[2025-08-11 13:58:48,031] [WARNING] [logger:66] - 新路径不存在，跳过迁移视频 38: workstore/admin/《金刚经》第八品 依法出生分/output.mp4
[2025-08-11 13:58:48,036] [INFO] [logger:55] - 视频路径迁移完成，共迁移 0 个视频
[2025-08-11 13:58:48,037] [INFO] [logger:55] - 没有发现中断的任务
[2025-08-11 13:58:48,037] [INFO] [logger:55] - 任务恢复完成
[2025-08-11 13:58:48,038] [INFO] [logger:55] - 没有等待中的任务需要启动
[2025-08-11 13:58:48,038] [INFO] [logger:55] - 任务恢复检查完成
[2025-08-11 13:59:47,183] [INFO] [logger:55] - 正在检查并恢复中断的任务...
[2025-08-11 13:59:47,184] [INFO] [logger:55] - 检查服务器启动时是否有中断的任务需要恢复...
[2025-08-11 13:59:47,187] [INFO] [logger:55] - 开始迁移视频路径...
[2025-08-11 13:59:47,187] [INFO] [logger:55] - 迁移视频 13: user1 -> admin
[2025-08-11 13:59:47,187] [WARNING] [logger:66] - 新路径不存在，跳过迁移视频 13: workstore/admin/纳什均衡解析/output.mp4
[2025-08-11 13:59:47,188] [INFO] [logger:55] - 迁移视频 15: user1 -> admin
[2025-08-11 13:59:47,188] [WARNING] [logger:66] - 新路径不存在，跳过迁移视频 15: workstore/admin/白雪公主的童话/output.mp4
[2025-08-11 13:59:47,188] [INFO] [logger:55] - 迁移视频 18: user3 -> test2
[2025-08-11 13:59:47,188] [WARNING] [logger:66] - 新路径不存在，跳过迁移视频 18: workstore/test2/坚持的力量/output.mp4
[2025-08-11 13:59:47,188] [INFO] [logger:55] - 迁移视频 19: user6 -> test4
[2025-08-11 13:59:47,188] [WARNING] [logger:66] - 新路径不存在，跳过迁移视频 19: workstore/test4/白雪公主的故事/output.mp4
[2025-08-11 13:59:47,188] [INFO] [logger:55] - 迁移视频 26: user6 -> test4
[2025-08-11 13:59:47,189] [WARNING] [logger:66] - 新路径不存在，跳过迁移视频 26: workstore/test4/人性弱点智慧/output.mp4
[2025-08-11 13:59:47,189] [INFO] [logger:55] - 迁移视频 27: user6 -> test4
[2025-08-11 13:59:47,189] [WARNING] [logger:66] - 新路径不存在，跳过迁移视频 27: workstore/test4/达克效应之谜/output.mp4
[2025-08-11 13:59:47,189] [INFO] [logger:55] - 迁移视频 32: user6 -> test4
[2025-08-11 13:59:47,189] [WARNING] [logger:66] - 新路径不存在，跳过迁移视频 32: workstore/test4/《金刚经》第一品：法会因由分/output.mp4
[2025-08-11 13:59:47,189] [INFO] [logger:55] - 迁移视频 33: user6 -> test4
[2025-08-11 13:59:47,189] [WARNING] [logger:66] - 新路径不存在，跳过迁移视频 33: workstore/test4/《金刚经》第二品善现启请分/output.mp4
[2025-08-11 13:59:47,189] [INFO] [logger:55] - 迁移视频 34: user1 -> admin
[2025-08-11 13:59:47,189] [WARNING] [logger:66] - 新路径不存在，跳过迁移视频 34: workstore/admin/小红帽的森林奇遇/output.mp4
[2025-08-11 13:59:47,190] [INFO] [logger:55] - 迁移视频 35: user8 -> test9
[2025-08-11 13:59:47,190] [WARNING] [logger:66] - 新路径不存在，跳过迁移视频 35: workstore/test9/《金刚经》第五品 如理实见分/output.mp4
[2025-08-11 13:59:47,190] [INFO] [logger:55] - 迁移视频 36: user8 -> test9
[2025-08-11 13:59:47,190] [WARNING] [logger:66] - 新路径不存在，跳过迁移视频 36: workstore/test9/《金刚经》第六品 正信希有分/output.mp4
[2025-08-11 13:59:47,190] [INFO] [logger:55] - 迁移视频 37: user1 -> admin
[2025-08-11 13:59:47,190] [WARNING] [logger:66] - 新路径不存在，跳过迁移视频 37: workstore/admin/停止按钮背后的故事/output.mp4
[2025-08-11 13:59:47,190] [INFO] [logger:55] - 迁移视频 38: user1 -> admin
[2025-08-11 13:59:47,190] [WARNING] [logger:66] - 新路径不存在，跳过迁移视频 38: workstore/admin/《金刚经》第八品 依法出生分/output.mp4
[2025-08-11 13:59:47,195] [INFO] [logger:55] - 视频路径迁移完成，共迁移 0 个视频
[2025-08-11 13:59:47,196] [INFO] [logger:55] - 没有发现中断的任务
[2025-08-11 13:59:47,196] [INFO] [logger:55] - 任务恢复完成
[2025-08-11 13:59:47,196] [INFO] [logger:55] - 没有等待中的任务需要启动
[2025-08-11 13:59:47,196] [INFO] [logger:55] - 任务恢复检查完成
[2025-08-11 14:04:36,816] [INFO] [logger:55] - 正在检查并恢复中断的任务...
[2025-08-11 14:04:36,816] [INFO] [logger:55] - 检查服务器启动时是否有中断的任务需要恢复...
[2025-08-11 14:04:36,820] [INFO] [logger:55] - 开始迁移视频路径...
[2025-08-11 14:04:36,820] [INFO] [logger:55] - 迁移视频 13: user1 -> admin
[2025-08-11 14:04:36,820] [WARNING] [logger:66] - 新路径不存在，跳过迁移视频 13: workstore/admin/纳什均衡解析/output.mp4
[2025-08-11 14:04:36,820] [INFO] [logger:55] - 迁移视频 15: user1 -> admin
[2025-08-11 14:04:36,820] [WARNING] [logger:66] - 新路径不存在，跳过迁移视频 15: workstore/admin/白雪公主的童话/output.mp4
[2025-08-11 14:04:36,820] [INFO] [logger:55] - 迁移视频 18: user3 -> test2
[2025-08-11 14:04:36,821] [WARNING] [logger:66] - 新路径不存在，跳过迁移视频 18: workstore/test2/坚持的力量/output.mp4
[2025-08-11 14:04:36,821] [INFO] [logger:55] - 迁移视频 19: user6 -> test4
[2025-08-11 14:04:36,821] [WARNING] [logger:66] - 新路径不存在，跳过迁移视频 19: workstore/test4/白雪公主的故事/output.mp4
[2025-08-11 14:04:36,821] [INFO] [logger:55] - 迁移视频 26: user6 -> test4
[2025-08-11 14:04:36,821] [WARNING] [logger:66] - 新路径不存在，跳过迁移视频 26: workstore/test4/人性弱点智慧/output.mp4
[2025-08-11 14:04:36,821] [INFO] [logger:55] - 迁移视频 27: user6 -> test4
[2025-08-11 14:04:36,821] [WARNING] [logger:66] - 新路径不存在，跳过迁移视频 27: workstore/test4/达克效应之谜/output.mp4
[2025-08-11 14:04:36,821] [INFO] [logger:55] - 迁移视频 32: user6 -> test4
[2025-08-11 14:04:36,821] [WARNING] [logger:66] - 新路径不存在，跳过迁移视频 32: workstore/test4/《金刚经》第一品：法会因由分/output.mp4
[2025-08-11 14:04:36,822] [INFO] [logger:55] - 迁移视频 33: user6 -> test4
[2025-08-11 14:04:36,822] [WARNING] [logger:66] - 新路径不存在，跳过迁移视频 33: workstore/test4/《金刚经》第二品善现启请分/output.mp4
[2025-08-11 14:04:36,822] [INFO] [logger:55] - 迁移视频 34: user1 -> admin
[2025-08-11 14:04:36,822] [WARNING] [logger:66] - 新路径不存在，跳过迁移视频 34: workstore/admin/小红帽的森林奇遇/output.mp4
[2025-08-11 14:04:36,822] [INFO] [logger:55] - 迁移视频 35: user8 -> test9
[2025-08-11 14:04:36,822] [WARNING] [logger:66] - 新路径不存在，跳过迁移视频 35: workstore/test9/《金刚经》第五品 如理实见分/output.mp4
[2025-08-11 14:04:36,822] [INFO] [logger:55] - 迁移视频 36: user8 -> test9
[2025-08-11 14:04:36,822] [WARNING] [logger:66] - 新路径不存在，跳过迁移视频 36: workstore/test9/《金刚经》第六品 正信希有分/output.mp4
[2025-08-11 14:04:36,823] [INFO] [logger:55] - 迁移视频 37: user1 -> admin
[2025-08-11 14:04:36,823] [WARNING] [logger:66] - 新路径不存在，跳过迁移视频 37: workstore/admin/停止按钮背后的故事/output.mp4
[2025-08-11 14:04:36,823] [INFO] [logger:55] - 迁移视频 38: user1 -> admin
[2025-08-11 14:04:36,823] [WARNING] [logger:66] - 新路径不存在，跳过迁移视频 38: workstore/admin/《金刚经》第八品 依法出生分/output.mp4
[2025-08-11 14:04:36,827] [INFO] [logger:55] - 视频路径迁移完成，共迁移 0 个视频
[2025-08-11 14:04:36,829] [INFO] [logger:55] - 没有发现中断的任务
[2025-08-11 14:04:36,829] [INFO] [logger:55] - 任务恢复完成
[2025-08-11 14:04:36,829] [INFO] [logger:55] - 没有等待中的任务需要启动
[2025-08-11 14:04:36,829] [INFO] [logger:55] - 任务恢复检查完成
[2025-08-11 14:07:48,330] [INFO] [logger:55] - 正在检查并恢复中断的任务...
[2025-08-11 14:07:48,330] [INFO] [logger:55] - 检查服务器启动时是否有中断的任务需要恢复...
[2025-08-11 14:07:48,334] [INFO] [logger:55] - 开始迁移视频路径...
[2025-08-11 14:07:48,334] [INFO] [logger:55] - 迁移视频 13: user1 -> admin
[2025-08-11 14:07:48,334] [WARNING] [logger:66] - 新路径不存在，跳过迁移视频 13: workstore/admin/纳什均衡解析/output.mp4
[2025-08-11 14:07:48,334] [INFO] [logger:55] - 迁移视频 15: user1 -> admin
[2025-08-11 14:07:48,334] [WARNING] [logger:66] - 新路径不存在，跳过迁移视频 15: workstore/admin/白雪公主的童话/output.mp4
[2025-08-11 14:07:48,335] [INFO] [logger:55] - 迁移视频 18: user3 -> test2
[2025-08-11 14:07:48,335] [WARNING] [logger:66] - 新路径不存在，跳过迁移视频 18: workstore/test2/坚持的力量/output.mp4
[2025-08-11 14:07:48,335] [INFO] [logger:55] - 迁移视频 19: user6 -> test4
[2025-08-11 14:07:48,335] [WARNING] [logger:66] - 新路径不存在，跳过迁移视频 19: workstore/test4/白雪公主的故事/output.mp4
[2025-08-11 14:07:48,335] [INFO] [logger:55] - 迁移视频 26: user6 -> test4
[2025-08-11 14:07:48,335] [WARNING] [logger:66] - 新路径不存在，跳过迁移视频 26: workstore/test4/人性弱点智慧/output.mp4
[2025-08-11 14:07:48,336] [INFO] [logger:55] - 迁移视频 27: user6 -> test4
[2025-08-11 14:07:48,336] [WARNING] [logger:66] - 新路径不存在，跳过迁移视频 27: workstore/test4/达克效应之谜/output.mp4
[2025-08-11 14:07:48,336] [INFO] [logger:55] - 迁移视频 32: user6 -> test4
[2025-08-11 14:07:48,336] [WARNING] [logger:66] - 新路径不存在，跳过迁移视频 32: workstore/test4/《金刚经》第一品：法会因由分/output.mp4
[2025-08-11 14:07:48,336] [INFO] [logger:55] - 迁移视频 33: user6 -> test4
[2025-08-11 14:07:48,336] [WARNING] [logger:66] - 新路径不存在，跳过迁移视频 33: workstore/test4/《金刚经》第二品善现启请分/output.mp4
[2025-08-11 14:07:48,336] [INFO] [logger:55] - 迁移视频 34: user1 -> admin
[2025-08-11 14:07:48,336] [WARNING] [logger:66] - 新路径不存在，跳过迁移视频 34: workstore/admin/小红帽的森林奇遇/output.mp4
[2025-08-11 14:07:48,336] [INFO] [logger:55] - 迁移视频 35: user8 -> test9
[2025-08-11 14:07:48,336] [WARNING] [logger:66] - 新路径不存在，跳过迁移视频 35: workstore/test9/《金刚经》第五品 如理实见分/output.mp4
[2025-08-11 14:07:48,337] [INFO] [logger:55] - 迁移视频 36: user8 -> test9
[2025-08-11 14:07:48,337] [WARNING] [logger:66] - 新路径不存在，跳过迁移视频 36: workstore/test9/《金刚经》第六品 正信希有分/output.mp4
[2025-08-11 14:07:48,337] [INFO] [logger:55] - 迁移视频 37: user1 -> admin
[2025-08-11 14:07:48,338] [WARNING] [logger:66] - 新路径不存在，跳过迁移视频 37: workstore/admin/停止按钮背后的故事/output.mp4
[2025-08-11 14:07:48,338] [INFO] [logger:55] - 迁移视频 38: user1 -> admin
[2025-08-11 14:07:48,338] [WARNING] [logger:66] - 新路径不存在，跳过迁移视频 38: workstore/admin/《金刚经》第八品 依法出生分/output.mp4
[2025-08-11 14:07:48,343] [INFO] [logger:55] - 视频路径迁移完成，共迁移 0 个视频
[2025-08-11 14:07:48,344] [INFO] [logger:55] - 没有发现中断的任务
[2025-08-11 14:07:48,344] [INFO] [logger:55] - 任务恢复完成
[2025-08-11 14:07:48,344] [INFO] [logger:55] - 没有等待中的任务需要启动
[2025-08-11 14:07:48,344] [INFO] [logger:55] - 任务恢复检查完成
[2025-08-11 14:08:25,601] [INFO] [logger:55] - 用户 admin 生成视频扣除了 1 条额度，剩余 56 条
[2025-08-11 14:08:25,608] [INFO] [logger:55] - 用户 admin 的任务已加入队列，任务ID: 35
[2025-08-11 14:08:25,632] [INFO] [logger:55] - 开始处理用户 admin 的队列任务，任务ID: 35, 视频ID: 88
[2025-08-11 14:14:53,080] [ERROR] [logger:62] - 队列视频生成任务失败: MiniMax API 请求失败: HTTPSConnectionPool(host='api.minimax.chat', port=443): Max retries exceeded with url: /v1/t2a_v2?GroupId=1939653802781057615 (Caused by ProxyError('Unable to connect to proxy', RemoteDisconnected('Remote end closed connection without response')))
[2025-08-11 14:16:28,629] [INFO] [logger:55] - 用户 admin 查看我的视频页面，共 10 个视频
[2025-08-11 14:16:29,090] [INFO] [app:2539] - 请求 workstore 文件: admin/解读《庄子》外篇·胠箧/covers/cover_4:3.png
[2025-08-11 14:16:29,093] [INFO] [app:2539] - 请求 workstore 文件: admin/解读《庄子》外篇·骈拇/covers/cover_4:3.png
[2025-08-11 14:16:29,093] [INFO] [app:2539] - 请求 workstore 文件: admin/解读《庄子》内篇·大宗师/covers/cover_4:3.png
[2025-08-11 14:16:29,096] [INFO] [app:2539] - 请求 workstore 文件: admin/解读《庄子》杂篇·渔父/covers/cover_4:3.png
[2025-08-11 14:16:29,096] [INFO] [app:2539] - 请求 workstore 文件: admin/解读《庄子》内篇·齐物论/covers/cover_4:3.png
[2025-08-11 14:16:29,096] [INFO] [app:2539] - 请求 workstore 文件: admin/解读《庄子》内篇·人间世/covers/cover_4:3.png
[2025-08-11 14:16:29,099] [INFO] [app:2539] - 请求 workstore 文件: admin/解读《庄子》杂篇·盗跖/covers/cover_4:3.png
[2025-08-11 14:16:29,100] [INFO] [app:2539] - 请求 workstore 文件: admin/解读《庄子》杂篇·寓言/covers/cover_4:3.png
[2025-08-11 14:21:14,057] [INFO] [logger:55] - 正在检查并恢复中断的任务...
[2025-08-11 14:21:14,057] [INFO] [logger:55] - 检查服务器启动时是否有中断的任务需要恢复...
[2025-08-11 14:21:14,060] [INFO] [logger:55] - 开始迁移视频路径...
[2025-08-11 14:21:14,060] [INFO] [logger:55] - 迁移视频 13: user1 -> admin
[2025-08-11 14:21:14,060] [WARNING] [logger:66] - 新路径不存在，跳过迁移视频 13: workstore/admin/纳什均衡解析/output.mp4
[2025-08-11 14:21:14,060] [INFO] [logger:55] - 迁移视频 15: user1 -> admin
[2025-08-11 14:21:14,060] [WARNING] [logger:66] - 新路径不存在，跳过迁移视频 15: workstore/admin/白雪公主的童话/output.mp4
[2025-08-11 14:21:14,061] [INFO] [logger:55] - 迁移视频 18: user3 -> test2
[2025-08-11 14:21:14,061] [WARNING] [logger:66] - 新路径不存在，跳过迁移视频 18: workstore/test2/坚持的力量/output.mp4
[2025-08-11 14:21:14,061] [INFO] [logger:55] - 迁移视频 19: user6 -> test4
[2025-08-11 14:21:14,061] [WARNING] [logger:66] - 新路径不存在，跳过迁移视频 19: workstore/test4/白雪公主的故事/output.mp4
[2025-08-11 14:21:14,061] [INFO] [logger:55] - 迁移视频 26: user6 -> test4
[2025-08-11 14:21:14,061] [WARNING] [logger:66] - 新路径不存在，跳过迁移视频 26: workstore/test4/人性弱点智慧/output.mp4
[2025-08-11 14:21:14,062] [INFO] [logger:55] - 迁移视频 27: user6 -> test4
[2025-08-11 14:21:14,062] [WARNING] [logger:66] - 新路径不存在，跳过迁移视频 27: workstore/test4/达克效应之谜/output.mp4
[2025-08-11 14:21:14,062] [INFO] [logger:55] - 迁移视频 32: user6 -> test4
[2025-08-11 14:21:14,062] [WARNING] [logger:66] - 新路径不存在，跳过迁移视频 32: workstore/test4/《金刚经》第一品：法会因由分/output.mp4
[2025-08-11 14:21:14,062] [INFO] [logger:55] - 迁移视频 33: user6 -> test4
[2025-08-11 14:21:14,062] [WARNING] [logger:66] - 新路径不存在，跳过迁移视频 33: workstore/test4/《金刚经》第二品善现启请分/output.mp4
[2025-08-11 14:21:14,063] [INFO] [logger:55] - 迁移视频 34: user1 -> admin
[2025-08-11 14:21:14,063] [WARNING] [logger:66] - 新路径不存在，跳过迁移视频 34: workstore/admin/小红帽的森林奇遇/output.mp4
[2025-08-11 14:21:14,063] [INFO] [logger:55] - 迁移视频 35: user8 -> test9
[2025-08-11 14:21:14,063] [WARNING] [logger:66] - 新路径不存在，跳过迁移视频 35: workstore/test9/《金刚经》第五品 如理实见分/output.mp4
[2025-08-11 14:21:14,063] [INFO] [logger:55] - 迁移视频 36: user8 -> test9
[2025-08-11 14:21:14,063] [WARNING] [logger:66] - 新路径不存在，跳过迁移视频 36: workstore/test9/《金刚经》第六品 正信希有分/output.mp4
[2025-08-11 14:21:14,064] [INFO] [logger:55] - 迁移视频 37: user1 -> admin
[2025-08-11 14:21:14,064] [WARNING] [logger:66] - 新路径不存在，跳过迁移视频 37: workstore/admin/停止按钮背后的故事/output.mp4
[2025-08-11 14:21:14,064] [INFO] [logger:55] - 迁移视频 38: user1 -> admin
[2025-08-11 14:21:14,064] [WARNING] [logger:66] - 新路径不存在，跳过迁移视频 38: workstore/admin/《金刚经》第八品 依法出生分/output.mp4
[2025-08-11 14:21:14,068] [INFO] [logger:55] - 视频路径迁移完成，共迁移 0 个视频
[2025-08-11 14:21:14,070] [INFO] [logger:55] - 没有发现中断的任务
[2025-08-11 14:21:14,070] [INFO] [logger:55] - 任务恢复完成
[2025-08-11 14:21:14,070] [INFO] [logger:55] - 没有等待中的任务需要启动
[2025-08-11 14:21:14,070] [INFO] [logger:55] - 任务恢复检查完成
[2025-08-11 14:21:23,968] [INFO] [logger:55] - 正在检查并恢复中断的任务...
[2025-08-11 14:21:23,968] [INFO] [logger:55] - 检查服务器启动时是否有中断的任务需要恢复...
[2025-08-11 14:21:23,971] [INFO] [logger:55] - 开始迁移视频路径...
[2025-08-11 14:21:23,972] [INFO] [logger:55] - 迁移视频 13: user1 -> admin
[2025-08-11 14:21:23,972] [WARNING] [logger:66] - 新路径不存在，跳过迁移视频 13: workstore/admin/纳什均衡解析/output.mp4
[2025-08-11 14:21:23,972] [INFO] [logger:55] - 迁移视频 15: user1 -> admin
[2025-08-11 14:21:23,972] [WARNING] [logger:66] - 新路径不存在，跳过迁移视频 15: workstore/admin/白雪公主的童话/output.mp4
[2025-08-11 14:21:23,972] [INFO] [logger:55] - 迁移视频 18: user3 -> test2
[2025-08-11 14:21:23,972] [WARNING] [logger:66] - 新路径不存在，跳过迁移视频 18: workstore/test2/坚持的力量/output.mp4
[2025-08-11 14:21:23,972] [INFO] [logger:55] - 迁移视频 19: user6 -> test4
[2025-08-11 14:21:23,972] [WARNING] [logger:66] - 新路径不存在，跳过迁移视频 19: workstore/test4/白雪公主的故事/output.mp4
[2025-08-11 14:21:23,973] [INFO] [logger:55] - 迁移视频 26: user6 -> test4
[2025-08-11 14:21:23,973] [WARNING] [logger:66] - 新路径不存在，跳过迁移视频 26: workstore/test4/人性弱点智慧/output.mp4
[2025-08-11 14:21:23,973] [INFO] [logger:55] - 迁移视频 27: user6 -> test4
[2025-08-11 14:21:23,973] [WARNING] [logger:66] - 新路径不存在，跳过迁移视频 27: workstore/test4/达克效应之谜/output.mp4
[2025-08-11 14:21:23,973] [INFO] [logger:55] - 迁移视频 32: user6 -> test4
[2025-08-11 14:21:23,973] [WARNING] [logger:66] - 新路径不存在，跳过迁移视频 32: workstore/test4/《金刚经》第一品：法会因由分/output.mp4
[2025-08-11 14:21:23,973] [INFO] [logger:55] - 迁移视频 33: user6 -> test4
[2025-08-11 14:21:23,973] [WARNING] [logger:66] - 新路径不存在，跳过迁移视频 33: workstore/test4/《金刚经》第二品善现启请分/output.mp4
[2025-08-11 14:21:23,973] [INFO] [logger:55] - 迁移视频 34: user1 -> admin
[2025-08-11 14:21:23,973] [WARNING] [logger:66] - 新路径不存在，跳过迁移视频 34: workstore/admin/小红帽的森林奇遇/output.mp4
[2025-08-11 14:21:23,974] [INFO] [logger:55] - 迁移视频 35: user8 -> test9
[2025-08-11 14:21:23,974] [WARNING] [logger:66] - 新路径不存在，跳过迁移视频 35: workstore/test9/《金刚经》第五品 如理实见分/output.mp4
[2025-08-11 14:21:23,974] [INFO] [logger:55] - 迁移视频 36: user8 -> test9
[2025-08-11 14:21:23,974] [WARNING] [logger:66] - 新路径不存在，跳过迁移视频 36: workstore/test9/《金刚经》第六品 正信希有分/output.mp4
[2025-08-11 14:21:23,974] [INFO] [logger:55] - 迁移视频 37: user1 -> admin
[2025-08-11 14:21:23,974] [WARNING] [logger:66] - 新路径不存在，跳过迁移视频 37: workstore/admin/停止按钮背后的故事/output.mp4
[2025-08-11 14:21:23,974] [INFO] [logger:55] - 迁移视频 38: user1 -> admin
[2025-08-11 14:21:23,974] [WARNING] [logger:66] - 新路径不存在，跳过迁移视频 38: workstore/admin/《金刚经》第八品 依法出生分/output.mp4
[2025-08-11 14:21:23,979] [INFO] [logger:55] - 视频路径迁移完成，共迁移 0 个视频
[2025-08-11 14:21:23,980] [INFO] [logger:55] - 没有发现中断的任务
[2025-08-11 14:21:23,980] [INFO] [logger:55] - 任务恢复完成
[2025-08-11 14:21:23,981] [INFO] [logger:55] - 没有等待中的任务需要启动
[2025-08-11 14:21:23,981] [INFO] [logger:55] - 任务恢复检查完成
[2025-08-11 14:21:41,989] [INFO] [logger:55] - 正在检查并恢复中断的任务...
[2025-08-11 14:21:41,989] [INFO] [logger:55] - 检查服务器启动时是否有中断的任务需要恢复...
[2025-08-11 14:21:41,992] [INFO] [logger:55] - 开始迁移视频路径...
[2025-08-11 14:21:41,992] [INFO] [logger:55] - 迁移视频 13: user1 -> admin
[2025-08-11 14:21:41,992] [WARNING] [logger:66] - 新路径不存在，跳过迁移视频 13: workstore/admin/纳什均衡解析/output.mp4
[2025-08-11 14:21:41,992] [INFO] [logger:55] - 迁移视频 15: user1 -> admin
[2025-08-11 14:21:41,993] [WARNING] [logger:66] - 新路径不存在，跳过迁移视频 15: workstore/admin/白雪公主的童话/output.mp4
[2025-08-11 14:21:41,993] [INFO] [logger:55] - 迁移视频 18: user3 -> test2
[2025-08-11 14:21:41,993] [WARNING] [logger:66] - 新路径不存在，跳过迁移视频 18: workstore/test2/坚持的力量/output.mp4
[2025-08-11 14:21:41,993] [INFO] [logger:55] - 迁移视频 19: user6 -> test4
[2025-08-11 14:21:41,993] [WARNING] [logger:66] - 新路径不存在，跳过迁移视频 19: workstore/test4/白雪公主的故事/output.mp4
[2025-08-11 14:21:41,993] [INFO] [logger:55] - 迁移视频 26: user6 -> test4
[2025-08-11 14:21:41,993] [WARNING] [logger:66] - 新路径不存在，跳过迁移视频 26: workstore/test4/人性弱点智慧/output.mp4
[2025-08-11 14:21:41,994] [INFO] [logger:55] - 迁移视频 27: user6 -> test4
[2025-08-11 14:21:41,994] [WARNING] [logger:66] - 新路径不存在，跳过迁移视频 27: workstore/test4/达克效应之谜/output.mp4
[2025-08-11 14:21:41,994] [INFO] [logger:55] - 迁移视频 32: user6 -> test4
[2025-08-11 14:21:41,994] [WARNING] [logger:66] - 新路径不存在，跳过迁移视频 32: workstore/test4/《金刚经》第一品：法会因由分/output.mp4
[2025-08-11 14:21:41,994] [INFO] [logger:55] - 迁移视频 33: user6 -> test4
[2025-08-11 14:21:41,994] [WARNING] [logger:66] - 新路径不存在，跳过迁移视频 33: workstore/test4/《金刚经》第二品善现启请分/output.mp4
[2025-08-11 14:21:41,994] [INFO] [logger:55] - 迁移视频 34: user1 -> admin
[2025-08-11 14:21:41,994] [WARNING] [logger:66] - 新路径不存在，跳过迁移视频 34: workstore/admin/小红帽的森林奇遇/output.mp4
[2025-08-11 14:21:41,994] [INFO] [logger:55] - 迁移视频 35: user8 -> test9
[2025-08-11 14:21:41,995] [WARNING] [logger:66] - 新路径不存在，跳过迁移视频 35: workstore/test9/《金刚经》第五品 如理实见分/output.mp4
[2025-08-11 14:21:41,995] [INFO] [logger:55] - 迁移视频 36: user8 -> test9
[2025-08-11 14:21:41,995] [WARNING] [logger:66] - 新路径不存在，跳过迁移视频 36: workstore/test9/《金刚经》第六品 正信希有分/output.mp4
[2025-08-11 14:21:41,995] [INFO] [logger:55] - 迁移视频 37: user1 -> admin
[2025-08-11 14:21:41,995] [WARNING] [logger:66] - 新路径不存在，跳过迁移视频 37: workstore/admin/停止按钮背后的故事/output.mp4
[2025-08-11 14:21:41,995] [INFO] [logger:55] - 迁移视频 38: user1 -> admin
[2025-08-11 14:21:41,995] [WARNING] [logger:66] - 新路径不存在，跳过迁移视频 38: workstore/admin/《金刚经》第八品 依法出生分/output.mp4
[2025-08-11 14:21:42,000] [INFO] [logger:55] - 视频路径迁移完成，共迁移 0 个视频
[2025-08-11 14:21:42,002] [INFO] [logger:55] - 没有发现中断的任务
[2025-08-11 14:21:42,002] [INFO] [logger:55] - 任务恢复完成
[2025-08-11 14:21:42,002] [INFO] [logger:55] - 没有等待中的任务需要启动
[2025-08-11 14:21:42,002] [INFO] [logger:55] - 任务恢复检查完成
[2025-08-11 14:21:42,852] [INFO] [logger:55] - 正在检查并恢复中断的任务...
[2025-08-11 14:21:42,852] [INFO] [logger:55] - 检查服务器启动时是否有中断的任务需要恢复...
[2025-08-11 14:21:42,854] [INFO] [logger:55] - 开始迁移视频路径...
[2025-08-11 14:21:42,855] [INFO] [logger:55] - 迁移视频 13: user1 -> admin
[2025-08-11 14:21:42,855] [WARNING] [logger:66] - 新路径不存在，跳过迁移视频 13: workstore/admin/纳什均衡解析/output.mp4
[2025-08-11 14:21:42,855] [INFO] [logger:55] - 迁移视频 15: user1 -> admin
[2025-08-11 14:21:42,855] [WARNING] [logger:66] - 新路径不存在，跳过迁移视频 15: workstore/admin/白雪公主的童话/output.mp4
[2025-08-11 14:21:42,855] [INFO] [logger:55] - 迁移视频 18: user3 -> test2
[2025-08-11 14:21:42,855] [WARNING] [logger:66] - 新路径不存在，跳过迁移视频 18: workstore/test2/坚持的力量/output.mp4
[2025-08-11 14:21:42,856] [INFO] [logger:55] - 迁移视频 19: user6 -> test4
[2025-08-11 14:21:42,856] [WARNING] [logger:66] - 新路径不存在，跳过迁移视频 19: workstore/test4/白雪公主的故事/output.mp4
[2025-08-11 14:21:42,856] [INFO] [logger:55] - 迁移视频 26: user6 -> test4
[2025-08-11 14:21:42,856] [WARNING] [logger:66] - 新路径不存在，跳过迁移视频 26: workstore/test4/人性弱点智慧/output.mp4
[2025-08-11 14:21:42,856] [INFO] [logger:55] - 迁移视频 27: user6 -> test4
[2025-08-11 14:21:42,856] [WARNING] [logger:66] - 新路径不存在，跳过迁移视频 27: workstore/test4/达克效应之谜/output.mp4
[2025-08-11 14:21:42,856] [INFO] [logger:55] - 迁移视频 32: user6 -> test4
[2025-08-11 14:21:42,856] [WARNING] [logger:66] - 新路径不存在，跳过迁移视频 32: workstore/test4/《金刚经》第一品：法会因由分/output.mp4
[2025-08-11 14:21:42,856] [INFO] [logger:55] - 迁移视频 33: user6 -> test4
[2025-08-11 14:21:42,856] [WARNING] [logger:66] - 新路径不存在，跳过迁移视频 33: workstore/test4/《金刚经》第二品善现启请分/output.mp4
[2025-08-11 14:21:42,856] [INFO] [logger:55] - 迁移视频 34: user1 -> admin
[2025-08-11 14:21:42,856] [WARNING] [logger:66] - 新路径不存在，跳过迁移视频 34: workstore/admin/小红帽的森林奇遇/output.mp4
[2025-08-11 14:21:42,857] [INFO] [logger:55] - 迁移视频 35: user8 -> test9
[2025-08-11 14:21:42,857] [WARNING] [logger:66] - 新路径不存在，跳过迁移视频 35: workstore/test9/《金刚经》第五品 如理实见分/output.mp4
[2025-08-11 14:21:42,857] [INFO] [logger:55] - 迁移视频 36: user8 -> test9
[2025-08-11 14:21:42,857] [WARNING] [logger:66] - 新路径不存在，跳过迁移视频 36: workstore/test9/《金刚经》第六品 正信希有分/output.mp4
[2025-08-11 14:21:42,858] [INFO] [logger:55] - 迁移视频 37: user1 -> admin
[2025-08-11 14:21:42,858] [WARNING] [logger:66] - 新路径不存在，跳过迁移视频 37: workstore/admin/停止按钮背后的故事/output.mp4
[2025-08-11 14:21:42,858] [INFO] [logger:55] - 迁移视频 38: user1 -> admin
[2025-08-11 14:21:42,858] [WARNING] [logger:66] - 新路径不存在，跳过迁移视频 38: workstore/admin/《金刚经》第八品 依法出生分/output.mp4
[2025-08-11 14:21:42,863] [INFO] [logger:55] - 视频路径迁移完成，共迁移 0 个视频
[2025-08-11 14:21:42,864] [INFO] [logger:55] - 没有发现中断的任务
[2025-08-11 14:21:42,864] [INFO] [logger:55] - 任务恢复完成
[2025-08-11 14:21:42,864] [INFO] [logger:55] - 没有等待中的任务需要启动
[2025-08-11 14:21:42,864] [INFO] [logger:55] - 任务恢复检查完成
[2025-08-11 14:22:51,373] [INFO] [logger:55] - 用户 admin 生成视频扣除了 1 条额度，剩余 55 条
[2025-08-11 14:22:51,381] [INFO] [logger:55] - 用户 admin 的任务已加入队列，任务ID: 36
[2025-08-11 14:22:51,407] [INFO] [logger:55] - 开始处理用户 admin 的队列任务，任务ID: 36, 视频ID: 89
[2025-08-11 14:35:16,255] [INFO] [logger:55] - 更新视频路径: workstore/admin/解读《庄子》外篇·天地/output.mp4
[2025-08-11 14:35:16,255] [INFO] [logger:55] - 更新封面路径: workstore/admin/解读《庄子》外篇·天地/covers/cover_4:3.png
[2025-08-11 14:35:16,259] [INFO] [logger:55] - 队列任务完成，任务ID: 36, 视频ID: 89
[2025-08-11 14:48:10,470] [INFO] [logger:55] - 用户 admin 查看我的视频页面，共 10 个视频
[2025-08-11 14:48:10,919] [INFO] [app:2539] - 请求 workstore 文件: admin/解读《庄子》外篇·天地/covers/cover_4:3.png
[2025-08-11 14:48:10,921] [INFO] [app:2539] - 请求 workstore 文件: admin/解读《庄子》外篇·胠箧/covers/cover_4:3.png
[2025-08-11 14:48:10,923] [INFO] [app:2539] - 请求 workstore 文件: admin/解读《庄子》内篇·人间世/covers/cover_4:3.png
[2025-08-11 14:48:10,926] [INFO] [app:2539] - 请求 workstore 文件: admin/解读《庄子》内篇·大宗师/covers/cover_4:3.png
[2025-08-11 14:48:10,926] [INFO] [app:2539] - 请求 workstore 文件: admin/解读《庄子》外篇·骈拇/covers/cover_4:3.png
[2025-08-11 14:48:10,946] [INFO] [app:2539] - 请求 workstore 文件: admin/解读《庄子》杂篇·渔父/covers/cover_4:3.png
[2025-08-11 14:48:10,954] [INFO] [app:2539] - 请求 workstore 文件: admin/解读《庄子》内篇·齐物论/covers/cover_4:3.png
[2025-08-11 14:48:10,954] [INFO] [app:2539] - 请求 workstore 文件: admin/解读《庄子》杂篇·盗跖/covers/cover_4:3.png
[2025-08-11 14:48:13,192] [INFO] [app:2457] - 用户 1 请求下载视频 89, 路径: workstore/admin/解读《庄子》外篇·天地/output.mp4
[2025-08-11 14:48:13,192] [INFO] [app:2484] - 解析的基础目录: workstore/admin/解读《庄子》外篇·天地
[2025-08-11 14:48:13,850] [INFO] [app:2498] - 已添加视频文件到ZIP: workstore/admin/解读《庄子》外篇·天地/output.mp4
[2025-08-11 14:48:13,869] [INFO] [app:2510] - 已添加封面文件到ZIP: workstore/admin/解读《庄子》外篇·天地/covers/cover_3:4.png
[2025-08-11 14:48:13,888] [INFO] [app:2510] - 已添加封面文件到ZIP: workstore/admin/解读《庄子》外篇·天地/covers/cover_4:3.png
[2025-08-11 14:48:13,888] [INFO] [app:2519] - 开始下载，文件名: video_89_20250811144813.zip
[2025-08-11 14:55:14,636] [INFO] [logger:55] - 正在检查并恢复中断的任务...
[2025-08-11 14:55:14,636] [INFO] [logger:55] - 检查服务器启动时是否有中断的任务需要恢复...
[2025-08-11 14:55:14,640] [INFO] [logger:55] - 开始迁移视频路径...
[2025-08-11 14:55:14,640] [INFO] [logger:55] - 迁移视频 13: user1 -> admin
[2025-08-11 14:55:14,640] [WARNING] [logger:66] - 新路径不存在，跳过迁移视频 13: workstore/admin/纳什均衡解析/output.mp4
[2025-08-11 14:55:14,640] [INFO] [logger:55] - 迁移视频 15: user1 -> admin
[2025-08-11 14:55:14,640] [WARNING] [logger:66] - 新路径不存在，跳过迁移视频 15: workstore/admin/白雪公主的童话/output.mp4
[2025-08-11 14:55:14,641] [INFO] [logger:55] - 迁移视频 18: user3 -> test2
[2025-08-11 14:55:14,641] [WARNING] [logger:66] - 新路径不存在，跳过迁移视频 18: workstore/test2/坚持的力量/output.mp4
[2025-08-11 14:55:14,641] [INFO] [logger:55] - 迁移视频 19: user6 -> test4
[2025-08-11 14:55:14,641] [WARNING] [logger:66] - 新路径不存在，跳过迁移视频 19: workstore/test4/白雪公主的故事/output.mp4
[2025-08-11 14:55:14,641] [INFO] [logger:55] - 迁移视频 26: user6 -> test4
[2025-08-11 14:55:14,641] [WARNING] [logger:66] - 新路径不存在，跳过迁移视频 26: workstore/test4/人性弱点智慧/output.mp4
[2025-08-11 14:55:14,641] [INFO] [logger:55] - 迁移视频 27: user6 -> test4
[2025-08-11 14:55:14,641] [WARNING] [logger:66] - 新路径不存在，跳过迁移视频 27: workstore/test4/达克效应之谜/output.mp4
[2025-08-11 14:55:14,642] [INFO] [logger:55] - 迁移视频 32: user6 -> test4
[2025-08-11 14:55:14,642] [WARNING] [logger:66] - 新路径不存在，跳过迁移视频 32: workstore/test4/《金刚经》第一品：法会因由分/output.mp4
[2025-08-11 14:55:14,642] [INFO] [logger:55] - 迁移视频 33: user6 -> test4
[2025-08-11 14:55:14,642] [WARNING] [logger:66] - 新路径不存在，跳过迁移视频 33: workstore/test4/《金刚经》第二品善现启请分/output.mp4
[2025-08-11 14:55:14,642] [INFO] [logger:55] - 迁移视频 34: user1 -> admin
[2025-08-11 14:55:14,642] [WARNING] [logger:66] - 新路径不存在，跳过迁移视频 34: workstore/admin/小红帽的森林奇遇/output.mp4
[2025-08-11 14:55:14,642] [INFO] [logger:55] - 迁移视频 35: user8 -> test9
[2025-08-11 14:55:14,642] [WARNING] [logger:66] - 新路径不存在，跳过迁移视频 35: workstore/test9/《金刚经》第五品 如理实见分/output.mp4
[2025-08-11 14:55:14,642] [INFO] [logger:55] - 迁移视频 36: user8 -> test9
[2025-08-11 14:55:14,642] [WARNING] [logger:66] - 新路径不存在，跳过迁移视频 36: workstore/test9/《金刚经》第六品 正信希有分/output.mp4
[2025-08-11 14:55:14,643] [INFO] [logger:55] - 迁移视频 37: user1 -> admin
[2025-08-11 14:55:14,643] [WARNING] [logger:66] - 新路径不存在，跳过迁移视频 37: workstore/admin/停止按钮背后的故事/output.mp4
[2025-08-11 14:55:14,643] [INFO] [logger:55] - 迁移视频 38: user1 -> admin
[2025-08-11 14:55:14,643] [WARNING] [logger:66] - 新路径不存在，跳过迁移视频 38: workstore/admin/《金刚经》第八品 依法出生分/output.mp4
[2025-08-11 14:55:14,647] [INFO] [logger:55] - 视频路径迁移完成，共迁移 0 个视频
[2025-08-11 14:55:14,648] [INFO] [logger:55] - 没有发现中断的任务
[2025-08-11 14:55:14,648] [INFO] [logger:55] - 任务恢复完成
[2025-08-11 14:55:14,648] [INFO] [logger:55] - 没有等待中的任务需要启动
[2025-08-11 14:55:14,649] [INFO] [logger:55] - 任务恢复检查完成
[2025-08-11 14:55:20,536] [INFO] [logger:55] - 正在检查并恢复中断的任务...
[2025-08-11 14:55:20,536] [INFO] [logger:55] - 检查服务器启动时是否有中断的任务需要恢复...
[2025-08-11 14:55:20,538] [INFO] [logger:55] - 开始迁移视频路径...
[2025-08-11 14:55:20,539] [INFO] [logger:55] - 迁移视频 13: user1 -> admin
[2025-08-11 14:55:20,539] [WARNING] [logger:66] - 新路径不存在，跳过迁移视频 13: workstore/admin/纳什均衡解析/output.mp4
[2025-08-11 14:55:20,539] [INFO] [logger:55] - 迁移视频 15: user1 -> admin
[2025-08-11 14:55:20,539] [WARNING] [logger:66] - 新路径不存在，跳过迁移视频 15: workstore/admin/白雪公主的童话/output.mp4
[2025-08-11 14:55:20,539] [INFO] [logger:55] - 迁移视频 18: user3 -> test2
[2025-08-11 14:55:20,539] [WARNING] [logger:66] - 新路径不存在，跳过迁移视频 18: workstore/test2/坚持的力量/output.mp4
[2025-08-11 14:55:20,540] [INFO] [logger:55] - 迁移视频 19: user6 -> test4
[2025-08-11 14:55:20,540] [WARNING] [logger:66] - 新路径不存在，跳过迁移视频 19: workstore/test4/白雪公主的故事/output.mp4
[2025-08-11 14:55:20,540] [INFO] [logger:55] - 迁移视频 26: user6 -> test4
[2025-08-11 14:55:20,540] [WARNING] [logger:66] - 新路径不存在，跳过迁移视频 26: workstore/test4/人性弱点智慧/output.mp4
[2025-08-11 14:55:20,540] [INFO] [logger:55] - 迁移视频 27: user6 -> test4
[2025-08-11 14:55:20,540] [WARNING] [logger:66] - 新路径不存在，跳过迁移视频 27: workstore/test4/达克效应之谜/output.mp4
[2025-08-11 14:55:20,540] [INFO] [logger:55] - 迁移视频 32: user6 -> test4
[2025-08-11 14:55:20,540] [WARNING] [logger:66] - 新路径不存在，跳过迁移视频 32: workstore/test4/《金刚经》第一品：法会因由分/output.mp4
[2025-08-11 14:55:20,540] [INFO] [logger:55] - 迁移视频 33: user6 -> test4
[2025-08-11 14:55:20,540] [WARNING] [logger:66] - 新路径不存在，跳过迁移视频 33: workstore/test4/《金刚经》第二品善现启请分/output.mp4
[2025-08-11 14:55:20,541] [INFO] [logger:55] - 迁移视频 34: user1 -> admin
[2025-08-11 14:55:20,541] [WARNING] [logger:66] - 新路径不存在，跳过迁移视频 34: workstore/admin/小红帽的森林奇遇/output.mp4
[2025-08-11 14:55:20,541] [INFO] [logger:55] - 迁移视频 35: user8 -> test9
[2025-08-11 14:55:20,541] [WARNING] [logger:66] - 新路径不存在，跳过迁移视频 35: workstore/test9/《金刚经》第五品 如理实见分/output.mp4
[2025-08-11 14:55:20,541] [INFO] [logger:55] - 迁移视频 36: user8 -> test9
[2025-08-11 14:55:20,541] [WARNING] [logger:66] - 新路径不存在，跳过迁移视频 36: workstore/test9/《金刚经》第六品 正信希有分/output.mp4
[2025-08-11 14:55:20,541] [INFO] [logger:55] - 迁移视频 37: user1 -> admin
[2025-08-11 14:55:20,541] [WARNING] [logger:66] - 新路径不存在，跳过迁移视频 37: workstore/admin/停止按钮背后的故事/output.mp4
[2025-08-11 14:55:20,542] [INFO] [logger:55] - 迁移视频 38: user1 -> admin
[2025-08-11 14:55:20,542] [WARNING] [logger:66] - 新路径不存在，跳过迁移视频 38: workstore/admin/《金刚经》第八品 依法出生分/output.mp4
[2025-08-11 14:55:20,546] [INFO] [logger:55] - 视频路径迁移完成，共迁移 0 个视频
[2025-08-11 14:55:20,547] [INFO] [logger:55] - 没有发现中断的任务
[2025-08-11 14:55:20,547] [INFO] [logger:55] - 任务恢复完成
[2025-08-11 14:55:20,547] [INFO] [logger:55] - 没有等待中的任务需要启动
[2025-08-11 14:55:20,547] [INFO] [logger:55] - 任务恢复检查完成
[2025-08-11 14:55:36,973] [INFO] [logger:55] - 正在检查并恢复中断的任务...
[2025-08-11 14:55:36,974] [INFO] [logger:55] - 检查服务器启动时是否有中断的任务需要恢复...
[2025-08-11 14:55:36,977] [INFO] [logger:55] - 开始迁移视频路径...
[2025-08-11 14:55:36,977] [INFO] [logger:55] - 迁移视频 13: user1 -> admin
[2025-08-11 14:55:36,977] [WARNING] [logger:66] - 新路径不存在，跳过迁移视频 13: workstore/admin/纳什均衡解析/output.mp4
[2025-08-11 14:55:36,977] [INFO] [logger:55] - 迁移视频 15: user1 -> admin
[2025-08-11 14:55:36,977] [WARNING] [logger:66] - 新路径不存在，跳过迁移视频 15: workstore/admin/白雪公主的童话/output.mp4
[2025-08-11 14:55:36,977] [INFO] [logger:55] - 迁移视频 18: user3 -> test2
[2025-08-11 14:55:36,977] [WARNING] [logger:66] - 新路径不存在，跳过迁移视频 18: workstore/test2/坚持的力量/output.mp4
[2025-08-11 14:55:36,978] [INFO] [logger:55] - 迁移视频 19: user6 -> test4
[2025-08-11 14:55:36,978] [WARNING] [logger:66] - 新路径不存在，跳过迁移视频 19: workstore/test4/白雪公主的故事/output.mp4
[2025-08-11 14:55:36,978] [INFO] [logger:55] - 迁移视频 26: user6 -> test4
[2025-08-11 14:55:36,978] [WARNING] [logger:66] - 新路径不存在，跳过迁移视频 26: workstore/test4/人性弱点智慧/output.mp4
[2025-08-11 14:55:36,978] [INFO] [logger:55] - 迁移视频 27: user6 -> test4
[2025-08-11 14:55:36,978] [WARNING] [logger:66] - 新路径不存在，跳过迁移视频 27: workstore/test4/达克效应之谜/output.mp4
[2025-08-11 14:55:36,978] [INFO] [logger:55] - 迁移视频 32: user6 -> test4
[2025-08-11 14:55:36,978] [WARNING] [logger:66] - 新路径不存在，跳过迁移视频 32: workstore/test4/《金刚经》第一品：法会因由分/output.mp4
[2025-08-11 14:55:36,978] [INFO] [logger:55] - 迁移视频 33: user6 -> test4
[2025-08-11 14:55:36,978] [WARNING] [logger:66] - 新路径不存在，跳过迁移视频 33: workstore/test4/《金刚经》第二品善现启请分/output.mp4
[2025-08-11 14:55:36,979] [INFO] [logger:55] - 迁移视频 34: user1 -> admin
[2025-08-11 14:55:36,979] [WARNING] [logger:66] - 新路径不存在，跳过迁移视频 34: workstore/admin/小红帽的森林奇遇/output.mp4
[2025-08-11 14:55:36,979] [INFO] [logger:55] - 迁移视频 35: user8 -> test9
[2025-08-11 14:55:36,979] [WARNING] [logger:66] - 新路径不存在，跳过迁移视频 35: workstore/test9/《金刚经》第五品 如理实见分/output.mp4
[2025-08-11 14:55:36,979] [INFO] [logger:55] - 迁移视频 36: user8 -> test9
[2025-08-11 14:55:36,979] [WARNING] [logger:66] - 新路径不存在，跳过迁移视频 36: workstore/test9/《金刚经》第六品 正信希有分/output.mp4
[2025-08-11 14:55:36,979] [INFO] [logger:55] - 迁移视频 37: user1 -> admin
[2025-08-11 14:55:36,979] [WARNING] [logger:66] - 新路径不存在，跳过迁移视频 37: workstore/admin/停止按钮背后的故事/output.mp4
[2025-08-11 14:55:36,980] [INFO] [logger:55] - 迁移视频 38: user1 -> admin
[2025-08-11 14:55:36,980] [WARNING] [logger:66] - 新路径不存在，跳过迁移视频 38: workstore/admin/《金刚经》第八品 依法出生分/output.mp4
[2025-08-11 14:55:36,984] [INFO] [logger:55] - 视频路径迁移完成，共迁移 0 个视频
[2025-08-11 14:55:36,985] [INFO] [logger:55] - 没有发现中断的任务
[2025-08-11 14:55:36,985] [INFO] [logger:55] - 任务恢复完成
[2025-08-11 14:55:36,985] [INFO] [logger:55] - 没有等待中的任务需要启动
[2025-08-11 14:55:36,985] [INFO] [logger:55] - 任务恢复检查完成
[2025-08-11 14:56:07,566] [INFO] [app:2457] - 用户 1 请求下载视频 89, 路径: workstore/admin/解读《庄子》外篇·天地/output.mp4
[2025-08-11 14:56:07,568] [INFO] [app:2484] - 解析的基础目录: workstore/admin/解读《庄子》外篇·天地
[2025-08-11 14:56:08,216] [INFO] [app:2498] - 已添加视频文件到ZIP: workstore/admin/解读《庄子》外篇·天地/output.mp4
[2025-08-11 14:56:08,236] [INFO] [app:2510] - 已添加封面文件到ZIP: workstore/admin/解读《庄子》外篇·天地/covers/cover_3:4.png
[2025-08-11 14:56:08,255] [INFO] [app:2510] - 已添加封面文件到ZIP: workstore/admin/解读《庄子》外篇·天地/covers/cover_4:3.png
[2025-08-11 14:56:08,255] [INFO] [app:2519] - 开始下载，文件名: video_89_20250811145608.zip
[2025-08-11 15:01:41,906] [INFO] [logger:55] - 正在检查并恢复中断的任务...
[2025-08-11 15:01:41,907] [INFO] [logger:55] - 检查服务器启动时是否有中断的任务需要恢复...
[2025-08-11 15:01:41,910] [INFO] [logger:55] - 开始迁移视频路径...
[2025-08-11 15:01:41,910] [INFO] [logger:55] - 迁移视频 13: user1 -> admin
[2025-08-11 15:01:41,910] [WARNING] [logger:66] - 新路径不存在，跳过迁移视频 13: workstore/admin/纳什均衡解析/output.mp4
[2025-08-11 15:01:41,911] [INFO] [logger:55] - 迁移视频 15: user1 -> admin
[2025-08-11 15:01:41,911] [WARNING] [logger:66] - 新路径不存在，跳过迁移视频 15: workstore/admin/白雪公主的童话/output.mp4
[2025-08-11 15:01:41,911] [INFO] [logger:55] - 迁移视频 18: user3 -> test2
[2025-08-11 15:01:41,911] [WARNING] [logger:66] - 新路径不存在，跳过迁移视频 18: workstore/test2/坚持的力量/output.mp4
[2025-08-11 15:01:41,911] [INFO] [logger:55] - 迁移视频 19: user6 -> test4
[2025-08-11 15:01:41,911] [WARNING] [logger:66] - 新路径不存在，跳过迁移视频 19: workstore/test4/白雪公主的故事/output.mp4
[2025-08-11 15:01:41,911] [INFO] [logger:55] - 迁移视频 26: user6 -> test4
[2025-08-11 15:01:41,912] [WARNING] [logger:66] - 新路径不存在，跳过迁移视频 26: workstore/test4/人性弱点智慧/output.mp4
[2025-08-11 15:01:41,912] [INFO] [logger:55] - 迁移视频 27: user6 -> test4
[2025-08-11 15:01:41,912] [WARNING] [logger:66] - 新路径不存在，跳过迁移视频 27: workstore/test4/达克效应之谜/output.mp4
[2025-08-11 15:01:41,912] [INFO] [logger:55] - 迁移视频 32: user6 -> test4
[2025-08-11 15:01:41,912] [WARNING] [logger:66] - 新路径不存在，跳过迁移视频 32: workstore/test4/《金刚经》第一品：法会因由分/output.mp4
[2025-08-11 15:01:41,912] [INFO] [logger:55] - 迁移视频 33: user6 -> test4
[2025-08-11 15:01:41,912] [WARNING] [logger:66] - 新路径不存在，跳过迁移视频 33: workstore/test4/《金刚经》第二品善现启请分/output.mp4
[2025-08-11 15:01:41,912] [INFO] [logger:55] - 迁移视频 34: user1 -> admin
[2025-08-11 15:01:41,912] [WARNING] [logger:66] - 新路径不存在，跳过迁移视频 34: workstore/admin/小红帽的森林奇遇/output.mp4
[2025-08-11 15:01:41,913] [INFO] [logger:55] - 迁移视频 35: user8 -> test9
[2025-08-11 15:01:41,913] [WARNING] [logger:66] - 新路径不存在，跳过迁移视频 35: workstore/test9/《金刚经》第五品 如理实见分/output.mp4
[2025-08-11 15:01:41,913] [INFO] [logger:55] - 迁移视频 36: user8 -> test9
[2025-08-11 15:01:41,913] [WARNING] [logger:66] - 新路径不存在，跳过迁移视频 36: workstore/test9/《金刚经》第六品 正信希有分/output.mp4
[2025-08-11 15:01:41,913] [INFO] [logger:55] - 迁移视频 37: user1 -> admin
[2025-08-11 15:01:41,913] [WARNING] [logger:66] - 新路径不存在，跳过迁移视频 37: workstore/admin/停止按钮背后的故事/output.mp4
[2025-08-11 15:01:41,913] [INFO] [logger:55] - 迁移视频 38: user1 -> admin
[2025-08-11 15:01:41,913] [WARNING] [logger:66] - 新路径不存在，跳过迁移视频 38: workstore/admin/《金刚经》第八品 依法出生分/output.mp4
[2025-08-11 15:01:41,918] [INFO] [logger:55] - 视频路径迁移完成，共迁移 0 个视频
[2025-08-11 15:01:41,919] [INFO] [logger:55] - 没有发现中断的任务
[2025-08-11 15:01:41,919] [INFO] [logger:55] - 任务恢复完成
[2025-08-11 15:01:41,919] [INFO] [logger:55] - 没有等待中的任务需要启动
[2025-08-11 15:01:41,920] [INFO] [logger:55] - 任务恢复检查完成
[2025-08-11 15:01:42,750] [INFO] [logger:55] - 正在检查并恢复中断的任务...
[2025-08-11 15:01:42,751] [INFO] [logger:55] - 检查服务器启动时是否有中断的任务需要恢复...
[2025-08-11 15:01:42,753] [INFO] [logger:55] - 开始迁移视频路径...
[2025-08-11 15:01:42,753] [INFO] [logger:55] - 迁移视频 13: user1 -> admin
[2025-08-11 15:01:42,754] [WARNING] [logger:66] - 新路径不存在，跳过迁移视频 13: workstore/admin/纳什均衡解析/output.mp4
[2025-08-11 15:01:42,754] [INFO] [logger:55] - 迁移视频 15: user1 -> admin
[2025-08-11 15:01:42,754] [WARNING] [logger:66] - 新路径不存在，跳过迁移视频 15: workstore/admin/白雪公主的童话/output.mp4
[2025-08-11 15:01:42,754] [INFO] [logger:55] - 迁移视频 18: user3 -> test2
[2025-08-11 15:01:42,754] [WARNING] [logger:66] - 新路径不存在，跳过迁移视频 18: workstore/test2/坚持的力量/output.mp4
[2025-08-11 15:01:42,754] [INFO] [logger:55] - 迁移视频 19: user6 -> test4
[2025-08-11 15:01:42,754] [WARNING] [logger:66] - 新路径不存在，跳过迁移视频 19: workstore/test4/白雪公主的故事/output.mp4
[2025-08-11 15:01:42,755] [INFO] [logger:55] - 迁移视频 26: user6 -> test4
[2025-08-11 15:01:42,755] [WARNING] [logger:66] - 新路径不存在，跳过迁移视频 26: workstore/test4/人性弱点智慧/output.mp4
[2025-08-11 15:01:42,755] [INFO] [logger:55] - 迁移视频 27: user6 -> test4
[2025-08-11 15:01:42,755] [WARNING] [logger:66] - 新路径不存在，跳过迁移视频 27: workstore/test4/达克效应之谜/output.mp4
[2025-08-11 15:01:42,755] [INFO] [logger:55] - 迁移视频 32: user6 -> test4
[2025-08-11 15:01:42,755] [WARNING] [logger:66] - 新路径不存在，跳过迁移视频 32: workstore/test4/《金刚经》第一品：法会因由分/output.mp4
[2025-08-11 15:01:42,755] [INFO] [logger:55] - 迁移视频 33: user6 -> test4
[2025-08-11 15:01:42,755] [WARNING] [logger:66] - 新路径不存在，跳过迁移视频 33: workstore/test4/《金刚经》第二品善现启请分/output.mp4
[2025-08-11 15:01:42,755] [INFO] [logger:55] - 迁移视频 34: user1 -> admin
[2025-08-11 15:01:42,755] [WARNING] [logger:66] - 新路径不存在，跳过迁移视频 34: workstore/admin/小红帽的森林奇遇/output.mp4
[2025-08-11 15:01:42,756] [INFO] [logger:55] - 迁移视频 35: user8 -> test9
[2025-08-11 15:01:42,756] [WARNING] [logger:66] - 新路径不存在，跳过迁移视频 35: workstore/test9/《金刚经》第五品 如理实见分/output.mp4
[2025-08-11 15:01:42,756] [INFO] [logger:55] - 迁移视频 36: user8 -> test9
[2025-08-11 15:01:42,756] [WARNING] [logger:66] - 新路径不存在，跳过迁移视频 36: workstore/test9/《金刚经》第六品 正信希有分/output.mp4
[2025-08-11 15:01:42,756] [INFO] [logger:55] - 迁移视频 37: user1 -> admin
[2025-08-11 15:01:42,756] [WARNING] [logger:66] - 新路径不存在，跳过迁移视频 37: workstore/admin/停止按钮背后的故事/output.mp4
[2025-08-11 15:01:42,756] [INFO] [logger:55] - 迁移视频 38: user1 -> admin
[2025-08-11 15:01:42,757] [WARNING] [logger:66] - 新路径不存在，跳过迁移视频 38: workstore/admin/《金刚经》第八品 依法出生分/output.mp4
[2025-08-11 15:01:42,761] [INFO] [logger:55] - 视频路径迁移完成，共迁移 0 个视频
[2025-08-11 15:01:42,762] [INFO] [logger:55] - 没有发现中断的任务
[2025-08-11 15:01:42,762] [INFO] [logger:55] - 任务恢复完成
[2025-08-11 15:01:42,762] [INFO] [logger:55] - 没有等待中的任务需要启动
[2025-08-11 15:01:42,762] [INFO] [logger:55] - 任务恢复检查完成
[2025-08-11 15:02:23,161] [INFO] [logger:55] - 用户 admin 生成视频扣除了 1 条额度，剩余 54 条
[2025-08-11 15:02:23,166] [INFO] [logger:55] - 用户 admin 的任务已加入队列，任务ID: 37
[2025-08-11 15:02:23,183] [INFO] [logger:55] - 开始处理用户 admin 的队列任务，任务ID: 37, 视频ID: 90
[2025-08-11 15:12:34,698] [INFO] [logger:55] - 更新视频路径: workstore/admin/天运转念解心忧/output.mp4
[2025-08-11 15:12:34,698] [INFO] [logger:55] - 更新封面路径: workstore/admin/天运转念解心忧/covers/cover_4:3.png
[2025-08-11 15:12:34,702] [INFO] [logger:55] - 队列任务完成，任务ID: 37, 视频ID: 90
[2025-08-11 15:14:41,865] [INFO] [logger:55] - 用户 admin 查看我的视频页面，共 10 个视频
[2025-08-11 15:14:42,317] [INFO] [app:2539] - 请求 workstore 文件: admin/天运转念解心忧/covers/cover_4:3.png
[2025-08-11 15:14:42,318] [INFO] [app:2539] - 请求 workstore 文件: admin/解读《庄子》外篇·天地/covers/cover_4:3.png
[2025-08-11 15:14:42,325] [INFO] [app:2539] - 请求 workstore 文件: admin/解读《庄子》外篇·胠箧/covers/cover_4:3.png
[2025-08-11 15:14:42,325] [INFO] [app:2539] - 请求 workstore 文件: admin/解读《庄子》外篇·骈拇/covers/cover_4:3.png
[2025-08-11 15:14:42,338] [INFO] [app:2539] - 请求 workstore 文件: admin/解读《庄子》内篇·人间世/covers/cover_4:3.png
[2025-08-11 15:14:42,339] [INFO] [app:2539] - 请求 workstore 文件: admin/解读《庄子》内篇·大宗师/covers/cover_4:3.png
[2025-08-11 15:14:42,347] [INFO] [app:2539] - 请求 workstore 文件: admin/解读《庄子》内篇·齐物论/covers/cover_4:3.png
[2025-08-11 15:14:42,360] [INFO] [app:2539] - 请求 workstore 文件: admin/解读《庄子》杂篇·渔父/covers/cover_4:3.png
[2025-08-11 15:14:50,801] [INFO] [app:2457] - 用户 1 请求下载视频 90, 路径: workstore/admin/天运转念解心忧/output.mp4
[2025-08-11 15:14:50,802] [INFO] [app:2484] - 解析的基础目录: workstore/admin/天运转念解心忧
[2025-08-11 15:14:51,276] [INFO] [app:2498] - 已添加视频文件到ZIP: workstore/admin/天运转念解心忧/output.mp4
[2025-08-11 15:14:51,298] [INFO] [app:2510] - 已添加封面文件到ZIP: workstore/admin/天运转念解心忧/covers/cover_3:4.png
[2025-08-11 15:14:51,318] [INFO] [app:2510] - 已添加封面文件到ZIP: workstore/admin/天运转念解心忧/covers/cover_4:3.png
[2025-08-11 15:14:51,318] [INFO] [app:2519] - 开始下载，文件名: video_90_20250811151451.zip
[2025-08-11 15:29:02,962] [INFO] [logger:55] - 正在检查并恢复中断的任务...
[2025-08-11 15:29:02,963] [INFO] [logger:55] - 检查服务器启动时是否有中断的任务需要恢复...
[2025-08-11 15:29:02,966] [INFO] [logger:55] - 开始迁移视频路径...
[2025-08-11 15:29:02,966] [INFO] [logger:55] - 迁移视频 13: user1 -> admin
[2025-08-11 15:29:02,966] [WARNING] [logger:66] - 新路径不存在，跳过迁移视频 13: workstore/admin/纳什均衡解析/output.mp4
[2025-08-11 15:29:02,967] [INFO] [logger:55] - 迁移视频 15: user1 -> admin
[2025-08-11 15:29:02,967] [WARNING] [logger:66] - 新路径不存在，跳过迁移视频 15: workstore/admin/白雪公主的童话/output.mp4
[2025-08-11 15:29:02,967] [INFO] [logger:55] - 迁移视频 18: user3 -> test2
[2025-08-11 15:29:02,967] [WARNING] [logger:66] - 新路径不存在，跳过迁移视频 18: workstore/test2/坚持的力量/output.mp4
[2025-08-11 15:29:02,967] [INFO] [logger:55] - 迁移视频 19: user6 -> test4
[2025-08-11 15:29:02,967] [WARNING] [logger:66] - 新路径不存在，跳过迁移视频 19: workstore/test4/白雪公主的故事/output.mp4
[2025-08-11 15:29:02,967] [INFO] [logger:55] - 迁移视频 26: user6 -> test4
[2025-08-11 15:29:02,967] [WARNING] [logger:66] - 新路径不存在，跳过迁移视频 26: workstore/test4/人性弱点智慧/output.mp4
[2025-08-11 15:29:02,968] [INFO] [logger:55] - 迁移视频 27: user6 -> test4
[2025-08-11 15:29:02,968] [WARNING] [logger:66] - 新路径不存在，跳过迁移视频 27: workstore/test4/达克效应之谜/output.mp4
[2025-08-11 15:29:02,968] [INFO] [logger:55] - 迁移视频 32: user6 -> test4
[2025-08-11 15:29:02,968] [WARNING] [logger:66] - 新路径不存在，跳过迁移视频 32: workstore/test4/《金刚经》第一品：法会因由分/output.mp4
[2025-08-11 15:29:02,968] [INFO] [logger:55] - 迁移视频 33: user6 -> test4
[2025-08-11 15:29:02,968] [WARNING] [logger:66] - 新路径不存在，跳过迁移视频 33: workstore/test4/《金刚经》第二品善现启请分/output.mp4
[2025-08-11 15:29:02,968] [INFO] [logger:55] - 迁移视频 34: user1 -> admin
[2025-08-11 15:29:02,968] [WARNING] [logger:66] - 新路径不存在，跳过迁移视频 34: workstore/admin/小红帽的森林奇遇/output.mp4
[2025-08-11 15:29:02,969] [INFO] [logger:55] - 迁移视频 35: user8 -> test9
[2025-08-11 15:29:02,969] [WARNING] [logger:66] - 新路径不存在，跳过迁移视频 35: workstore/test9/《金刚经》第五品 如理实见分/output.mp4
[2025-08-11 15:29:02,969] [INFO] [logger:55] - 迁移视频 36: user8 -> test9
[2025-08-11 15:29:02,969] [WARNING] [logger:66] - 新路径不存在，跳过迁移视频 36: workstore/test9/《金刚经》第六品 正信希有分/output.mp4
[2025-08-11 15:29:02,969] [INFO] [logger:55] - 迁移视频 37: user1 -> admin
[2025-08-11 15:29:02,969] [WARNING] [logger:66] - 新路径不存在，跳过迁移视频 37: workstore/admin/停止按钮背后的故事/output.mp4
[2025-08-11 15:29:02,969] [INFO] [logger:55] - 迁移视频 38: user1 -> admin
[2025-08-11 15:29:02,969] [WARNING] [logger:66] - 新路径不存在，跳过迁移视频 38: workstore/admin/《金刚经》第八品 依法出生分/output.mp4
[2025-08-11 15:29:02,974] [INFO] [logger:55] - 视频路径迁移完成，共迁移 0 个视频
[2025-08-11 15:29:02,975] [INFO] [logger:55] - 没有发现中断的任务
[2025-08-11 15:29:02,975] [INFO] [logger:55] - 任务恢复完成
[2025-08-11 15:29:02,975] [INFO] [logger:55] - 没有等待中的任务需要启动
[2025-08-11 15:29:02,975] [INFO] [logger:55] - 任务恢复检查完成
[2025-08-11 16:23:50,814] [INFO] [logger:55] - 正在检查并恢复中断的任务...
[2025-08-11 16:23:50,814] [INFO] [logger:55] - 检查服务器启动时是否有中断的任务需要恢复...
[2025-08-11 16:23:50,818] [INFO] [logger:55] - 开始迁移视频路径...
[2025-08-11 16:23:50,818] [INFO] [logger:55] - 迁移视频 13: user1 -> admin
[2025-08-11 16:23:50,818] [WARNING] [logger:66] - 新路径不存在，跳过迁移视频 13: workstore/admin/纳什均衡解析/output.mp4
[2025-08-11 16:23:50,818] [INFO] [logger:55] - 迁移视频 15: user1 -> admin
[2025-08-11 16:23:50,818] [WARNING] [logger:66] - 新路径不存在，跳过迁移视频 15: workstore/admin/白雪公主的童话/output.mp4
[2025-08-11 16:23:50,818] [INFO] [logger:55] - 迁移视频 18: user3 -> test2
[2025-08-11 16:23:50,818] [WARNING] [logger:66] - 新路径不存在，跳过迁移视频 18: workstore/test2/坚持的力量/output.mp4
[2025-08-11 16:23:50,819] [INFO] [logger:55] - 迁移视频 19: user6 -> test4
[2025-08-11 16:23:50,819] [WARNING] [logger:66] - 新路径不存在，跳过迁移视频 19: workstore/test4/白雪公主的故事/output.mp4
[2025-08-11 16:23:50,819] [INFO] [logger:55] - 迁移视频 26: user6 -> test4
[2025-08-11 16:23:50,819] [WARNING] [logger:66] - 新路径不存在，跳过迁移视频 26: workstore/test4/人性弱点智慧/output.mp4
[2025-08-11 16:23:50,819] [INFO] [logger:55] - 迁移视频 27: user6 -> test4
[2025-08-11 16:23:50,819] [WARNING] [logger:66] - 新路径不存在，跳过迁移视频 27: workstore/test4/达克效应之谜/output.mp4
[2025-08-11 16:23:50,819] [INFO] [logger:55] - 迁移视频 32: user6 -> test4
[2025-08-11 16:23:50,819] [WARNING] [logger:66] - 新路径不存在，跳过迁移视频 32: workstore/test4/《金刚经》第一品：法会因由分/output.mp4
[2025-08-11 16:23:50,819] [INFO] [logger:55] - 迁移视频 33: user6 -> test4
[2025-08-11 16:23:50,819] [WARNING] [logger:66] - 新路径不存在，跳过迁移视频 33: workstore/test4/《金刚经》第二品善现启请分/output.mp4
[2025-08-11 16:23:50,820] [INFO] [logger:55] - 迁移视频 34: user1 -> admin
[2025-08-11 16:23:50,820] [WARNING] [logger:66] - 新路径不存在，跳过迁移视频 34: workstore/admin/小红帽的森林奇遇/output.mp4
[2025-08-11 16:23:50,820] [INFO] [logger:55] - 迁移视频 35: user8 -> test9
[2025-08-11 16:23:50,820] [WARNING] [logger:66] - 新路径不存在，跳过迁移视频 35: workstore/test9/《金刚经》第五品 如理实见分/output.mp4
[2025-08-11 16:23:50,820] [INFO] [logger:55] - 迁移视频 36: user8 -> test9
[2025-08-11 16:23:50,820] [WARNING] [logger:66] - 新路径不存在，跳过迁移视频 36: workstore/test9/《金刚经》第六品 正信希有分/output.mp4
[2025-08-11 16:23:50,821] [INFO] [logger:55] - 迁移视频 37: user1 -> admin
[2025-08-11 16:23:50,821] [WARNING] [logger:66] - 新路径不存在，跳过迁移视频 37: workstore/admin/停止按钮背后的故事/output.mp4
[2025-08-11 16:23:50,821] [INFO] [logger:55] - 迁移视频 38: user1 -> admin
[2025-08-11 16:23:50,821] [WARNING] [logger:66] - 新路径不存在，跳过迁移视频 38: workstore/admin/《金刚经》第八品 依法出生分/output.mp4
[2025-08-11 16:23:50,826] [INFO] [logger:55] - 视频路径迁移完成，共迁移 0 个视频
[2025-08-11 16:23:50,827] [INFO] [logger:55] - 没有发现中断的任务
[2025-08-11 16:23:50,827] [INFO] [logger:55] - 任务恢复完成
[2025-08-11 16:23:50,828] [INFO] [logger:55] - 没有等待中的任务需要启动
[2025-08-11 16:23:50,828] [INFO] [logger:55] - 任务恢复检查完成
[2025-08-11 16:23:51,717] [INFO] [logger:55] - 正在检查并恢复中断的任务...
[2025-08-11 16:23:51,717] [INFO] [logger:55] - 检查服务器启动时是否有中断的任务需要恢复...
[2025-08-11 16:23:51,720] [INFO] [logger:55] - 开始迁移视频路径...
[2025-08-11 16:23:51,721] [INFO] [logger:55] - 迁移视频 13: user1 -> admin
[2025-08-11 16:23:51,721] [WARNING] [logger:66] - 新路径不存在，跳过迁移视频 13: workstore/admin/纳什均衡解析/output.mp4
[2025-08-11 16:23:51,721] [INFO] [logger:55] - 迁移视频 15: user1 -> admin
[2025-08-11 16:23:51,721] [WARNING] [logger:66] - 新路径不存在，跳过迁移视频 15: workstore/admin/白雪公主的童话/output.mp4
[2025-08-11 16:23:51,722] [INFO] [logger:55] - 迁移视频 18: user3 -> test2
[2025-08-11 16:23:51,722] [WARNING] [logger:66] - 新路径不存在，跳过迁移视频 18: workstore/test2/坚持的力量/output.mp4
[2025-08-11 16:23:51,722] [INFO] [logger:55] - 迁移视频 19: user6 -> test4
[2025-08-11 16:23:51,722] [WARNING] [logger:66] - 新路径不存在，跳过迁移视频 19: workstore/test4/白雪公主的故事/output.mp4
[2025-08-11 16:23:51,723] [INFO] [logger:55] - 迁移视频 26: user6 -> test4
[2025-08-11 16:23:51,723] [WARNING] [logger:66] - 新路径不存在，跳过迁移视频 26: workstore/test4/人性弱点智慧/output.mp4
[2025-08-11 16:23:51,723] [INFO] [logger:55] - 迁移视频 27: user6 -> test4
[2025-08-11 16:23:51,723] [WARNING] [logger:66] - 新路径不存在，跳过迁移视频 27: workstore/test4/达克效应之谜/output.mp4
[2025-08-11 16:23:51,723] [INFO] [logger:55] - 迁移视频 32: user6 -> test4
[2025-08-11 16:23:51,723] [WARNING] [logger:66] - 新路径不存在，跳过迁移视频 32: workstore/test4/《金刚经》第一品：法会因由分/output.mp4
[2025-08-11 16:23:51,724] [INFO] [logger:55] - 迁移视频 33: user6 -> test4
[2025-08-11 16:23:51,724] [WARNING] [logger:66] - 新路径不存在，跳过迁移视频 33: workstore/test4/《金刚经》第二品善现启请分/output.mp4
[2025-08-11 16:23:51,725] [INFO] [logger:55] - 迁移视频 34: user1 -> admin
[2025-08-11 16:23:51,725] [WARNING] [logger:66] - 新路径不存在，跳过迁移视频 34: workstore/admin/小红帽的森林奇遇/output.mp4
[2025-08-11 16:23:51,725] [INFO] [logger:55] - 迁移视频 35: user8 -> test9
[2025-08-11 16:23:51,725] [WARNING] [logger:66] - 新路径不存在，跳过迁移视频 35: workstore/test9/《金刚经》第五品 如理实见分/output.mp4
[2025-08-11 16:23:51,726] [INFO] [logger:55] - 迁移视频 36: user8 -> test9
[2025-08-11 16:23:51,726] [WARNING] [logger:66] - 新路径不存在，跳过迁移视频 36: workstore/test9/《金刚经》第六品 正信希有分/output.mp4
[2025-08-11 16:23:51,726] [INFO] [logger:55] - 迁移视频 37: user1 -> admin
[2025-08-11 16:23:51,726] [WARNING] [logger:66] - 新路径不存在，跳过迁移视频 37: workstore/admin/停止按钮背后的故事/output.mp4
[2025-08-11 16:23:51,727] [INFO] [logger:55] - 迁移视频 38: user1 -> admin
[2025-08-11 16:23:51,727] [WARNING] [logger:66] - 新路径不存在，跳过迁移视频 38: workstore/admin/《金刚经》第八品 依法出生分/output.mp4
[2025-08-11 16:23:51,734] [INFO] [logger:55] - 视频路径迁移完成，共迁移 0 个视频
[2025-08-11 16:23:51,737] [INFO] [logger:55] - 没有发现中断的任务
[2025-08-11 16:23:51,737] [INFO] [logger:55] - 任务恢复完成
[2025-08-11 16:23:51,737] [INFO] [logger:55] - 没有等待中的任务需要启动
[2025-08-11 16:23:51,738] [INFO] [logger:55] - 任务恢复检查完成
[2025-08-11 16:32:45,116] [INFO] [logger:55] - 正在检查并恢复中断的任务...
[2025-08-11 16:32:45,117] [INFO] [logger:55] - 检查服务器启动时是否有中断的任务需要恢复...
[2025-08-11 16:32:45,121] [INFO] [logger:55] - 开始迁移视频路径...
[2025-08-11 16:32:45,121] [INFO] [logger:55] - 迁移视频 13: user1 -> admin
[2025-08-11 16:32:45,121] [WARNING] [logger:66] - 新路径不存在，跳过迁移视频 13: workstore/admin/纳什均衡解析/output.mp4
[2025-08-11 16:32:45,121] [INFO] [logger:55] - 迁移视频 15: user1 -> admin
[2025-08-11 16:32:45,121] [WARNING] [logger:66] - 新路径不存在，跳过迁移视频 15: workstore/admin/白雪公主的童话/output.mp4
[2025-08-11 16:32:45,121] [INFO] [logger:55] - 迁移视频 18: user3 -> test2
[2025-08-11 16:32:45,121] [WARNING] [logger:66] - 新路径不存在，跳过迁移视频 18: workstore/test2/坚持的力量/output.mp4
[2025-08-11 16:32:45,122] [INFO] [logger:55] - 迁移视频 19: user6 -> test4
[2025-08-11 16:32:45,122] [WARNING] [logger:66] - 新路径不存在，跳过迁移视频 19: workstore/test4/白雪公主的故事/output.mp4
[2025-08-11 16:32:45,122] [INFO] [logger:55] - 迁移视频 26: user6 -> test4
[2025-08-11 16:32:45,122] [WARNING] [logger:66] - 新路径不存在，跳过迁移视频 26: workstore/test4/人性弱点智慧/output.mp4
[2025-08-11 16:32:45,122] [INFO] [logger:55] - 迁移视频 27: user6 -> test4
[2025-08-11 16:32:45,122] [WARNING] [logger:66] - 新路径不存在，跳过迁移视频 27: workstore/test4/达克效应之谜/output.mp4
[2025-08-11 16:32:45,122] [INFO] [logger:55] - 迁移视频 32: user6 -> test4
[2025-08-11 16:32:45,122] [WARNING] [logger:66] - 新路径不存在，跳过迁移视频 32: workstore/test4/《金刚经》第一品：法会因由分/output.mp4
[2025-08-11 16:32:45,122] [INFO] [logger:55] - 迁移视频 33: user6 -> test4
[2025-08-11 16:32:45,122] [WARNING] [logger:66] - 新路径不存在，跳过迁移视频 33: workstore/test4/《金刚经》第二品善现启请分/output.mp4
[2025-08-11 16:32:45,123] [INFO] [logger:55] - 迁移视频 34: user1 -> admin
[2025-08-11 16:32:45,123] [WARNING] [logger:66] - 新路径不存在，跳过迁移视频 34: workstore/admin/小红帽的森林奇遇/output.mp4
[2025-08-11 16:32:45,123] [INFO] [logger:55] - 迁移视频 35: user8 -> test9
[2025-08-11 16:32:45,123] [WARNING] [logger:66] - 新路径不存在，跳过迁移视频 35: workstore/test9/《金刚经》第五品 如理实见分/output.mp4
[2025-08-11 16:32:45,123] [INFO] [logger:55] - 迁移视频 36: user8 -> test9
[2025-08-11 16:32:45,123] [WARNING] [logger:66] - 新路径不存在，跳过迁移视频 36: workstore/test9/《金刚经》第六品 正信希有分/output.mp4
[2025-08-11 16:32:45,123] [INFO] [logger:55] - 迁移视频 37: user1 -> admin
[2025-08-11 16:32:45,123] [WARNING] [logger:66] - 新路径不存在，跳过迁移视频 37: workstore/admin/停止按钮背后的故事/output.mp4
[2025-08-11 16:32:45,124] [INFO] [logger:55] - 迁移视频 38: user1 -> admin
[2025-08-11 16:32:45,124] [WARNING] [logger:66] - 新路径不存在，跳过迁移视频 38: workstore/admin/《金刚经》第八品 依法出生分/output.mp4
[2025-08-11 16:32:45,128] [INFO] [logger:55] - 视频路径迁移完成，共迁移 0 个视频
[2025-08-11 16:32:45,129] [INFO] [logger:55] - 没有发现中断的任务
[2025-08-11 16:32:45,129] [INFO] [logger:55] - 任务恢复完成
[2025-08-11 16:32:45,129] [INFO] [logger:55] - 没有等待中的任务需要启动
[2025-08-11 16:32:45,129] [INFO] [logger:55] - 任务恢复检查完成
[2025-08-11 17:12:15,936] [INFO] [logger:55] - 百速一键AI视频生成应用正在启动... 时间: 2025-08-11 17:12:15
[2025-08-11 17:12:15,936] [INFO] [logger:55] - 正在初始化数据库...
[2025-08-11 17:12:17,246] [INFO] [logger:55] - 数据库初始化完成
[2025-08-11 17:12:17,246] [INFO] [logger:55] - 正在检查AI服务配置...
[2025-08-11 17:12:17,246] [WARNING] [logger:66] - 缺少环境变量: QWEN_API_KEY, COSYVOICE_API_KEY
[2025-08-11 17:12:17,282] [INFO] [logger:55] - LLM服务初始化成功
[2025-08-11 17:12:17,282] [INFO] [logger:55] - 图片生成服务初始化成功
[2025-08-11 17:12:17,282] [INFO] [logger:55] - TTS服务初始化成功
[2025-08-11 17:12:17,284] [INFO] [logger:55] - AI服务检查完成
[2025-08-11 17:12:17,284] [INFO] [logger:55] - 正在检查并恢复中断的任务...
[2025-08-11 17:12:17,284] [INFO] [logger:55] - 检查服务器启动时是否有中断的任务需要恢复...
[2025-08-11 17:12:17,293] [INFO] [logger:55] - 开始迁移视频路径...
[2025-08-11 17:12:17,293] [INFO] [logger:55] - 迁移视频 13: user1 -> admin
[2025-08-11 17:12:17,293] [WARNING] [logger:66] - 新路径不存在，跳过迁移视频 13: workstore/admin/纳什均衡解析/output.mp4
[2025-08-11 17:12:17,293] [INFO] [logger:55] - 迁移视频 15: user1 -> admin
[2025-08-11 17:12:17,293] [WARNING] [logger:66] - 新路径不存在，跳过迁移视频 15: workstore/admin/白雪公主的童话/output.mp4
[2025-08-11 17:12:17,294] [INFO] [logger:55] - 迁移视频 18: user3 -> test2
[2025-08-11 17:12:17,294] [WARNING] [logger:66] - 新路径不存在，跳过迁移视频 18: workstore/test2/坚持的力量/output.mp4
[2025-08-11 17:12:17,294] [INFO] [logger:55] - 迁移视频 19: user6 -> test4
[2025-08-11 17:12:17,294] [WARNING] [logger:66] - 新路径不存在，跳过迁移视频 19: workstore/test4/白雪公主的故事/output.mp4
[2025-08-11 17:12:17,294] [INFO] [logger:55] - 迁移视频 26: user6 -> test4
[2025-08-11 17:12:17,294] [WARNING] [logger:66] - 新路径不存在，跳过迁移视频 26: workstore/test4/人性弱点智慧/output.mp4
[2025-08-11 17:12:17,294] [INFO] [logger:55] - 迁移视频 27: user6 -> test4
[2025-08-11 17:12:17,294] [WARNING] [logger:66] - 新路径不存在，跳过迁移视频 27: workstore/test4/达克效应之谜/output.mp4
[2025-08-11 17:12:17,294] [INFO] [logger:55] - 迁移视频 32: user6 -> test4
[2025-08-11 17:12:17,294] [WARNING] [logger:66] - 新路径不存在，跳过迁移视频 32: workstore/test4/《金刚经》第一品：法会因由分/output.mp4
[2025-08-11 17:12:17,294] [INFO] [logger:55] - 迁移视频 33: user6 -> test4
[2025-08-11 17:12:17,294] [WARNING] [logger:66] - 新路径不存在，跳过迁移视频 33: workstore/test4/《金刚经》第二品善现启请分/output.mp4
[2025-08-11 17:12:17,294] [INFO] [logger:55] - 迁移视频 34: user1 -> admin
[2025-08-11 17:12:17,294] [WARNING] [logger:66] - 新路径不存在，跳过迁移视频 34: workstore/admin/小红帽的森林奇遇/output.mp4
[2025-08-11 17:12:17,295] [INFO] [logger:55] - 迁移视频 35: user8 -> test9
[2025-08-11 17:12:17,295] [WARNING] [logger:66] - 新路径不存在，跳过迁移视频 35: workstore/test9/《金刚经》第五品 如理实见分/output.mp4
[2025-08-11 17:12:17,295] [INFO] [logger:55] - 迁移视频 36: user8 -> test9
[2025-08-11 17:12:17,295] [WARNING] [logger:66] - 新路径不存在，跳过迁移视频 36: workstore/test9/《金刚经》第六品 正信希有分/output.mp4
[2025-08-11 17:12:17,295] [INFO] [logger:55] - 迁移视频 37: user1 -> admin
[2025-08-11 17:12:17,295] [WARNING] [logger:66] - 新路径不存在，跳过迁移视频 37: workstore/admin/停止按钮背后的故事/output.mp4
[2025-08-11 17:12:17,295] [INFO] [logger:55] - 迁移视频 38: user1 -> admin
[2025-08-11 17:12:17,295] [WARNING] [logger:66] - 新路径不存在，跳过迁移视频 38: workstore/admin/《金刚经》第八品 依法出生分/output.mp4
[2025-08-11 17:12:17,296] [INFO] [logger:55] - 视频路径迁移完成，共迁移 0 个视频
[2025-08-11 17:12:17,297] [INFO] [logger:55] - 没有发现中断的任务
[2025-08-11 17:12:17,297] [INFO] [logger:55] - 任务恢复完成
[2025-08-11 17:12:17,297] [INFO] [logger:55] - 没有等待中的任务需要启动
[2025-08-11 17:12:17,297] [INFO] [logger:55] - 任务恢复检查完成
[2025-08-11 17:12:17,297] [INFO] [logger:55] - 百速一键AI视频生成应用服务器已启动，监听端口: 5001
[2025-08-11 17:15:14,563] [INFO] [logger:55] - 正在检查并恢复中断的任务...
[2025-08-11 17:15:14,563] [INFO] [logger:55] - 检查服务器启动时是否有中断的任务需要恢复...
[2025-08-11 17:15:14,567] [INFO] [logger:55] - 开始迁移视频路径...
[2025-08-11 17:15:14,567] [INFO] [logger:55] - 迁移视频 13: user1 -> admin
[2025-08-11 17:15:14,567] [WARNING] [logger:66] - 新路径不存在，跳过迁移视频 13: workstore/admin/纳什均衡解析/output.mp4
[2025-08-11 17:15:14,567] [INFO] [logger:55] - 迁移视频 15: user1 -> admin
[2025-08-11 17:15:14,567] [WARNING] [logger:66] - 新路径不存在，跳过迁移视频 15: workstore/admin/白雪公主的童话/output.mp4
[2025-08-11 17:15:14,567] [INFO] [logger:55] - 迁移视频 18: user3 -> test2
[2025-08-11 17:15:14,567] [WARNING] [logger:66] - 新路径不存在，跳过迁移视频 18: workstore/test2/坚持的力量/output.mp4
[2025-08-11 17:15:14,568] [INFO] [logger:55] - 迁移视频 19: user6 -> test4
[2025-08-11 17:15:14,568] [WARNING] [logger:66] - 新路径不存在，跳过迁移视频 19: workstore/test4/白雪公主的故事/output.mp4
[2025-08-11 17:15:14,568] [INFO] [logger:55] - 迁移视频 26: user6 -> test4
[2025-08-11 17:15:14,568] [WARNING] [logger:66] - 新路径不存在，跳过迁移视频 26: workstore/test4/人性弱点智慧/output.mp4
[2025-08-11 17:15:14,568] [INFO] [logger:55] - 迁移视频 27: user6 -> test4
[2025-08-11 17:15:14,568] [WARNING] [logger:66] - 新路径不存在，跳过迁移视频 27: workstore/test4/达克效应之谜/output.mp4
[2025-08-11 17:15:14,568] [INFO] [logger:55] - 迁移视频 32: user6 -> test4
[2025-08-11 17:15:14,568] [WARNING] [logger:66] - 新路径不存在，跳过迁移视频 32: workstore/test4/《金刚经》第一品：法会因由分/output.mp4
[2025-08-11 17:15:14,568] [INFO] [logger:55] - 迁移视频 33: user6 -> test4
[2025-08-11 17:15:14,568] [WARNING] [logger:66] - 新路径不存在，跳过迁移视频 33: workstore/test4/《金刚经》第二品善现启请分/output.mp4
[2025-08-11 17:15:14,569] [INFO] [logger:55] - 迁移视频 34: user1 -> admin
[2025-08-11 17:15:14,569] [WARNING] [logger:66] - 新路径不存在，跳过迁移视频 34: workstore/admin/小红帽的森林奇遇/output.mp4
[2025-08-11 17:15:14,569] [INFO] [logger:55] - 迁移视频 35: user8 -> test9
[2025-08-11 17:15:14,569] [WARNING] [logger:66] - 新路径不存在，跳过迁移视频 35: workstore/test9/《金刚经》第五品 如理实见分/output.mp4
[2025-08-11 17:15:14,569] [INFO] [logger:55] - 迁移视频 36: user8 -> test9
[2025-08-11 17:15:14,569] [WARNING] [logger:66] - 新路径不存在，跳过迁移视频 36: workstore/test9/《金刚经》第六品 正信希有分/output.mp4
[2025-08-11 17:15:14,570] [INFO] [logger:55] - 迁移视频 37: user1 -> admin
[2025-08-11 17:15:14,570] [WARNING] [logger:66] - 新路径不存在，跳过迁移视频 37: workstore/admin/停止按钮背后的故事/output.mp4
[2025-08-11 17:15:14,570] [INFO] [logger:55] - 迁移视频 38: user1 -> admin
[2025-08-11 17:15:14,570] [WARNING] [logger:66] - 新路径不存在，跳过迁移视频 38: workstore/admin/《金刚经》第八品 依法出生分/output.mp4
[2025-08-11 17:15:14,575] [INFO] [logger:55] - 视频路径迁移完成，共迁移 0 个视频
[2025-08-11 17:15:14,577] [INFO] [logger:55] - 没有发现中断的任务
[2025-08-11 17:15:14,578] [INFO] [logger:55] - 任务恢复完成
[2025-08-11 17:15:14,578] [INFO] [logger:55] - 没有等待中的任务需要启动
[2025-08-11 17:15:14,578] [INFO] [logger:55] - 任务恢复检查完成
[2025-08-11 17:15:15,414] [INFO] [logger:55] - 正在检查并恢复中断的任务...
[2025-08-11 17:15:15,414] [INFO] [logger:55] - 检查服务器启动时是否有中断的任务需要恢复...
[2025-08-11 17:15:15,417] [INFO] [logger:55] - 开始迁移视频路径...
[2025-08-11 17:15:15,417] [INFO] [logger:55] - 迁移视频 13: user1 -> admin
[2025-08-11 17:15:15,417] [WARNING] [logger:66] - 新路径不存在，跳过迁移视频 13: workstore/admin/纳什均衡解析/output.mp4
[2025-08-11 17:15:15,418] [INFO] [logger:55] - 迁移视频 15: user1 -> admin
[2025-08-11 17:15:15,418] [WARNING] [logger:66] - 新路径不存在，跳过迁移视频 15: workstore/admin/白雪公主的童话/output.mp4
[2025-08-11 17:15:15,418] [INFO] [logger:55] - 迁移视频 18: user3 -> test2
[2025-08-11 17:15:15,418] [WARNING] [logger:66] - 新路径不存在，跳过迁移视频 18: workstore/test2/坚持的力量/output.mp4
[2025-08-11 17:15:15,418] [INFO] [logger:55] - 迁移视频 19: user6 -> test4
[2025-08-11 17:15:15,418] [WARNING] [logger:66] - 新路径不存在，跳过迁移视频 19: workstore/test4/白雪公主的故事/output.mp4
[2025-08-11 17:15:15,418] [INFO] [logger:55] - 迁移视频 26: user6 -> test4
[2025-08-11 17:15:15,418] [WARNING] [logger:66] - 新路径不存在，跳过迁移视频 26: workstore/test4/人性弱点智慧/output.mp4
[2025-08-11 17:15:15,419] [INFO] [logger:55] - 迁移视频 27: user6 -> test4
[2025-08-11 17:15:15,419] [WARNING] [logger:66] - 新路径不存在，跳过迁移视频 27: workstore/test4/达克效应之谜/output.mp4
[2025-08-11 17:15:15,419] [INFO] [logger:55] - 迁移视频 32: user6 -> test4
[2025-08-11 17:15:15,419] [WARNING] [logger:66] - 新路径不存在，跳过迁移视频 32: workstore/test4/《金刚经》第一品：法会因由分/output.mp4
[2025-08-11 17:15:15,419] [INFO] [logger:55] - 迁移视频 33: user6 -> test4
[2025-08-11 17:15:15,419] [WARNING] [logger:66] - 新路径不存在，跳过迁移视频 33: workstore/test4/《金刚经》第二品善现启请分/output.mp4
[2025-08-11 17:15:15,419] [INFO] [logger:55] - 迁移视频 34: user1 -> admin
[2025-08-11 17:15:15,419] [WARNING] [logger:66] - 新路径不存在，跳过迁移视频 34: workstore/admin/小红帽的森林奇遇/output.mp4
[2025-08-11 17:15:15,419] [INFO] [logger:55] - 迁移视频 35: user8 -> test9
[2025-08-11 17:15:15,420] [WARNING] [logger:66] - 新路径不存在，跳过迁移视频 35: workstore/test9/《金刚经》第五品 如理实见分/output.mp4
[2025-08-11 17:15:15,420] [INFO] [logger:55] - 迁移视频 36: user8 -> test9
[2025-08-11 17:15:15,420] [WARNING] [logger:66] - 新路径不存在，跳过迁移视频 36: workstore/test9/《金刚经》第六品 正信希有分/output.mp4
[2025-08-11 17:15:15,420] [INFO] [logger:55] - 迁移视频 37: user1 -> admin
[2025-08-11 17:15:15,420] [WARNING] [logger:66] - 新路径不存在，跳过迁移视频 37: workstore/admin/停止按钮背后的故事/output.mp4
[2025-08-11 17:15:15,420] [INFO] [logger:55] - 迁移视频 38: user1 -> admin
[2025-08-11 17:15:15,420] [WARNING] [logger:66] - 新路径不存在，跳过迁移视频 38: workstore/admin/《金刚经》第八品 依法出生分/output.mp4
[2025-08-11 17:15:15,425] [INFO] [logger:55] - 视频路径迁移完成，共迁移 0 个视频
[2025-08-11 17:15:15,426] [INFO] [logger:55] - 没有发现中断的任务
[2025-08-11 17:15:15,426] [INFO] [logger:55] - 任务恢复完成
[2025-08-11 17:15:15,427] [INFO] [logger:55] - 没有等待中的任务需要启动
[2025-08-11 17:15:15,427] [INFO] [logger:55] - 任务恢复检查完成
[2025-08-12 11:22:20,114] [INFO] [logger:55] - 正在检查并恢复中断的任务...
[2025-08-12 11:22:20,115] [INFO] [logger:55] - 检查服务器启动时是否有中断的任务需要恢复...
[2025-08-12 11:22:20,119] [INFO] [logger:55] - 开始迁移视频路径...
[2025-08-12 11:22:20,119] [INFO] [logger:55] - 迁移视频 13: user1 -> admin
[2025-08-12 11:22:20,119] [WARNING] [logger:66] - 新路径不存在，跳过迁移视频 13: workstore/admin/纳什均衡解析/output.mp4
[2025-08-12 11:22:20,119] [INFO] [logger:55] - 迁移视频 15: user1 -> admin
[2025-08-12 11:22:20,119] [WARNING] [logger:66] - 新路径不存在，跳过迁移视频 15: workstore/admin/白雪公主的童话/output.mp4
[2025-08-12 11:22:20,120] [INFO] [logger:55] - 迁移视频 18: user3 -> test2
[2025-08-12 11:22:20,120] [WARNING] [logger:66] - 新路径不存在，跳过迁移视频 18: workstore/test2/坚持的力量/output.mp4
[2025-08-12 11:22:20,120] [INFO] [logger:55] - 迁移视频 19: user6 -> test4
[2025-08-12 11:22:20,120] [WARNING] [logger:66] - 新路径不存在，跳过迁移视频 19: workstore/test4/白雪公主的故事/output.mp4
[2025-08-12 11:22:20,120] [INFO] [logger:55] - 迁移视频 26: user6 -> test4
[2025-08-12 11:22:20,120] [WARNING] [logger:66] - 新路径不存在，跳过迁移视频 26: workstore/test4/人性弱点智慧/output.mp4
[2025-08-12 11:22:20,120] [INFO] [logger:55] - 迁移视频 27: user6 -> test4
[2025-08-12 11:22:20,120] [WARNING] [logger:66] - 新路径不存在，跳过迁移视频 27: workstore/test4/达克效应之谜/output.mp4
[2025-08-12 11:22:20,120] [INFO] [logger:55] - 迁移视频 32: user6 -> test4
[2025-08-12 11:22:20,120] [WARNING] [logger:66] - 新路径不存在，跳过迁移视频 32: workstore/test4/《金刚经》第一品：法会因由分/output.mp4
[2025-08-12 11:22:20,121] [INFO] [logger:55] - 迁移视频 33: user6 -> test4
[2025-08-12 11:22:20,121] [WARNING] [logger:66] - 新路径不存在，跳过迁移视频 33: workstore/test4/《金刚经》第二品善现启请分/output.mp4
[2025-08-12 11:22:20,121] [INFO] [logger:55] - 迁移视频 34: user1 -> admin
[2025-08-12 11:22:20,121] [WARNING] [logger:66] - 新路径不存在，跳过迁移视频 34: workstore/admin/小红帽的森林奇遇/output.mp4
[2025-08-12 11:22:20,121] [INFO] [logger:55] - 迁移视频 35: user8 -> test9
[2025-08-12 11:22:20,121] [WARNING] [logger:66] - 新路径不存在，跳过迁移视频 35: workstore/test9/《金刚经》第五品 如理实见分/output.mp4
[2025-08-12 11:22:20,122] [INFO] [logger:55] - 迁移视频 36: user8 -> test9
[2025-08-12 11:22:20,122] [WARNING] [logger:66] - 新路径不存在，跳过迁移视频 36: workstore/test9/《金刚经》第六品 正信希有分/output.mp4
[2025-08-12 11:22:20,122] [INFO] [logger:55] - 迁移视频 37: user1 -> admin
[2025-08-12 11:22:20,122] [WARNING] [logger:66] - 新路径不存在，跳过迁移视频 37: workstore/admin/停止按钮背后的故事/output.mp4
[2025-08-12 11:22:20,122] [INFO] [logger:55] - 迁移视频 38: user1 -> admin
[2025-08-12 11:22:20,122] [WARNING] [logger:66] - 新路径不存在，跳过迁移视频 38: workstore/admin/《金刚经》第八品 依法出生分/output.mp4
[2025-08-12 11:22:20,127] [INFO] [logger:55] - 视频路径迁移完成，共迁移 0 个视频
[2025-08-12 11:22:20,128] [INFO] [logger:55] - 没有发现中断的任务
[2025-08-12 11:22:20,128] [INFO] [logger:55] - 任务恢复完成
[2025-08-12 11:22:20,128] [INFO] [logger:55] - 没有等待中的任务需要启动
[2025-08-12 11:22:20,128] [INFO] [logger:55] - 任务恢复检查完成
[2025-08-12 11:22:21,408] [INFO] [logger:55] - 正在检查并恢复中断的任务...
[2025-08-12 11:22:21,408] [INFO] [logger:55] - 检查服务器启动时是否有中断的任务需要恢复...
[2025-08-12 11:22:21,412] [INFO] [logger:55] - 开始迁移视频路径...
[2025-08-12 11:22:21,412] [INFO] [logger:55] - 迁移视频 13: user1 -> admin
[2025-08-12 11:22:21,412] [WARNING] [logger:66] - 新路径不存在，跳过迁移视频 13: workstore/admin/纳什均衡解析/output.mp4
[2025-08-12 11:22:21,413] [INFO] [logger:55] - 迁移视频 15: user1 -> admin
[2025-08-12 11:22:21,413] [WARNING] [logger:66] - 新路径不存在，跳过迁移视频 15: workstore/admin/白雪公主的童话/output.mp4
[2025-08-12 11:22:21,413] [INFO] [logger:55] - 迁移视频 18: user3 -> test2
[2025-08-12 11:22:21,413] [WARNING] [logger:66] - 新路径不存在，跳过迁移视频 18: workstore/test2/坚持的力量/output.mp4
[2025-08-12 11:22:21,413] [INFO] [logger:55] - 迁移视频 19: user6 -> test4
[2025-08-12 11:22:21,413] [WARNING] [logger:66] - 新路径不存在，跳过迁移视频 19: workstore/test4/白雪公主的故事/output.mp4
[2025-08-12 11:22:21,413] [INFO] [logger:55] - 迁移视频 26: user6 -> test4
[2025-08-12 11:22:21,413] [WARNING] [logger:66] - 新路径不存在，跳过迁移视频 26: workstore/test4/人性弱点智慧/output.mp4
[2025-08-12 11:22:21,414] [INFO] [logger:55] - 迁移视频 27: user6 -> test4
[2025-08-12 11:22:21,414] [WARNING] [logger:66] - 新路径不存在，跳过迁移视频 27: workstore/test4/达克效应之谜/output.mp4
[2025-08-12 11:22:21,414] [INFO] [logger:55] - 迁移视频 32: user6 -> test4
[2025-08-12 11:22:21,414] [WARNING] [logger:66] - 新路径不存在，跳过迁移视频 32: workstore/test4/《金刚经》第一品：法会因由分/output.mp4
[2025-08-12 11:22:21,414] [INFO] [logger:55] - 迁移视频 33: user6 -> test4
[2025-08-12 11:22:21,414] [WARNING] [logger:66] - 新路径不存在，跳过迁移视频 33: workstore/test4/《金刚经》第二品善现启请分/output.mp4
[2025-08-12 11:22:21,414] [INFO] [logger:55] - 迁移视频 34: user1 -> admin
[2025-08-12 11:22:21,414] [WARNING] [logger:66] - 新路径不存在，跳过迁移视频 34: workstore/admin/小红帽的森林奇遇/output.mp4
[2025-08-12 11:22:21,415] [INFO] [logger:55] - 迁移视频 35: user8 -> test9
[2025-08-12 11:22:21,415] [WARNING] [logger:66] - 新路径不存在，跳过迁移视频 35: workstore/test9/《金刚经》第五品 如理实见分/output.mp4
[2025-08-12 11:22:21,415] [INFO] [logger:55] - 迁移视频 36: user8 -> test9
[2025-08-12 11:22:21,415] [WARNING] [logger:66] - 新路径不存在，跳过迁移视频 36: workstore/test9/《金刚经》第六品 正信希有分/output.mp4
[2025-08-12 11:22:21,415] [INFO] [logger:55] - 迁移视频 37: user1 -> admin
[2025-08-12 11:22:21,415] [WARNING] [logger:66] - 新路径不存在，跳过迁移视频 37: workstore/admin/停止按钮背后的故事/output.mp4
[2025-08-12 11:22:21,415] [INFO] [logger:55] - 迁移视频 38: user1 -> admin
[2025-08-12 11:22:21,415] [WARNING] [logger:66] - 新路径不存在，跳过迁移视频 38: workstore/admin/《金刚经》第八品 依法出生分/output.mp4
[2025-08-12 11:22:21,420] [INFO] [logger:55] - 视频路径迁移完成，共迁移 0 个视频
[2025-08-12 11:22:21,421] [INFO] [logger:55] - 没有发现中断的任务
[2025-08-12 11:22:21,421] [INFO] [logger:55] - 任务恢复完成
[2025-08-12 11:22:21,421] [INFO] [logger:55] - 没有等待中的任务需要启动
[2025-08-12 11:22:21,421] [INFO] [logger:55] - 任务恢复检查完成
[2025-08-12 11:27:55,540] [INFO] [logger:55] - 正在检查并恢复中断的任务...
[2025-08-12 11:27:55,540] [INFO] [logger:55] - 检查服务器启动时是否有中断的任务需要恢复...
[2025-08-12 11:27:55,544] [INFO] [logger:55] - 开始迁移视频路径...
[2025-08-12 11:27:55,544] [INFO] [logger:55] - 迁移视频 13: user1 -> admin
[2025-08-12 11:27:55,544] [WARNING] [logger:66] - 新路径不存在，跳过迁移视频 13: workstore/admin/纳什均衡解析/output.mp4
[2025-08-12 11:27:55,544] [INFO] [logger:55] - 迁移视频 15: user1 -> admin
[2025-08-12 11:27:55,544] [WARNING] [logger:66] - 新路径不存在，跳过迁移视频 15: workstore/admin/白雪公主的童话/output.mp4
[2025-08-12 11:27:55,545] [INFO] [logger:55] - 迁移视频 18: user3 -> test2
[2025-08-12 11:27:55,545] [WARNING] [logger:66] - 新路径不存在，跳过迁移视频 18: workstore/test2/坚持的力量/output.mp4
[2025-08-12 11:27:55,545] [INFO] [logger:55] - 迁移视频 19: user6 -> test4
[2025-08-12 11:27:55,545] [WARNING] [logger:66] - 新路径不存在，跳过迁移视频 19: workstore/test4/白雪公主的故事/output.mp4
[2025-08-12 11:27:55,545] [INFO] [logger:55] - 迁移视频 26: user6 -> test4
[2025-08-12 11:27:55,545] [WARNING] [logger:66] - 新路径不存在，跳过迁移视频 26: workstore/test4/人性弱点智慧/output.mp4
[2025-08-12 11:27:55,545] [INFO] [logger:55] - 迁移视频 27: user6 -> test4
[2025-08-12 11:27:55,545] [WARNING] [logger:66] - 新路径不存在，跳过迁移视频 27: workstore/test4/达克效应之谜/output.mp4
[2025-08-12 11:27:55,546] [INFO] [logger:55] - 迁移视频 32: user6 -> test4
[2025-08-12 11:27:55,546] [WARNING] [logger:66] - 新路径不存在，跳过迁移视频 32: workstore/test4/《金刚经》第一品：法会因由分/output.mp4
[2025-08-12 11:27:55,546] [INFO] [logger:55] - 迁移视频 33: user6 -> test4
[2025-08-12 11:27:55,546] [WARNING] [logger:66] - 新路径不存在，跳过迁移视频 33: workstore/test4/《金刚经》第二品善现启请分/output.mp4
[2025-08-12 11:27:55,546] [INFO] [logger:55] - 迁移视频 34: user1 -> admin
[2025-08-12 11:27:55,546] [WARNING] [logger:66] - 新路径不存在，跳过迁移视频 34: workstore/admin/小红帽的森林奇遇/output.mp4
[2025-08-12 11:27:55,547] [INFO] [logger:55] - 迁移视频 35: user8 -> test9
[2025-08-12 11:27:55,547] [WARNING] [logger:66] - 新路径不存在，跳过迁移视频 35: workstore/test9/《金刚经》第五品 如理实见分/output.mp4
[2025-08-12 11:27:55,547] [INFO] [logger:55] - 迁移视频 36: user8 -> test9
[2025-08-12 11:27:55,547] [WARNING] [logger:66] - 新路径不存在，跳过迁移视频 36: workstore/test9/《金刚经》第六品 正信希有分/output.mp4
[2025-08-12 11:27:55,547] [INFO] [logger:55] - 迁移视频 37: user1 -> admin
[2025-08-12 11:27:55,547] [WARNING] [logger:66] - 新路径不存在，跳过迁移视频 37: workstore/admin/停止按钮背后的故事/output.mp4
[2025-08-12 11:27:55,547] [INFO] [logger:55] - 迁移视频 38: user1 -> admin
[2025-08-12 11:27:55,548] [WARNING] [logger:66] - 新路径不存在，跳过迁移视频 38: workstore/admin/《金刚经》第八品 依法出生分/output.mp4
[2025-08-12 11:27:55,552] [INFO] [logger:55] - 视频路径迁移完成，共迁移 0 个视频
[2025-08-12 11:27:55,555] [INFO] [logger:55] - 没有发现中断的任务
[2025-08-12 11:27:55,555] [INFO] [logger:55] - 任务恢复完成
[2025-08-12 11:27:55,556] [INFO] [logger:55] - 没有等待中的任务需要启动
[2025-08-12 11:27:55,556] [INFO] [logger:55] - 任务恢复检查完成
[2025-08-12 11:27:56,405] [INFO] [logger:55] - 正在检查并恢复中断的任务...
[2025-08-12 11:27:56,405] [INFO] [logger:55] - 检查服务器启动时是否有中断的任务需要恢复...
[2025-08-12 11:27:56,407] [INFO] [logger:55] - 开始迁移视频路径...
[2025-08-12 11:27:56,408] [INFO] [logger:55] - 迁移视频 13: user1 -> admin
[2025-08-12 11:27:56,408] [WARNING] [logger:66] - 新路径不存在，跳过迁移视频 13: workstore/admin/纳什均衡解析/output.mp4
[2025-08-12 11:27:56,408] [INFO] [logger:55] - 迁移视频 15: user1 -> admin
[2025-08-12 11:27:56,408] [WARNING] [logger:66] - 新路径不存在，跳过迁移视频 15: workstore/admin/白雪公主的童话/output.mp4
[2025-08-12 11:27:56,408] [INFO] [logger:55] - 迁移视频 18: user3 -> test2
[2025-08-12 11:27:56,408] [WARNING] [logger:66] - 新路径不存在，跳过迁移视频 18: workstore/test2/坚持的力量/output.mp4
[2025-08-12 11:27:56,408] [INFO] [logger:55] - 迁移视频 19: user6 -> test4
[2025-08-12 11:27:56,408] [WARNING] [logger:66] - 新路径不存在，跳过迁移视频 19: workstore/test4/白雪公主的故事/output.mp4
[2025-08-12 11:27:56,408] [INFO] [logger:55] - 迁移视频 26: user6 -> test4
[2025-08-12 11:27:56,408] [WARNING] [logger:66] - 新路径不存在，跳过迁移视频 26: workstore/test4/人性弱点智慧/output.mp4
[2025-08-12 11:27:56,409] [INFO] [logger:55] - 迁移视频 27: user6 -> test4
[2025-08-12 11:27:56,409] [WARNING] [logger:66] - 新路径不存在，跳过迁移视频 27: workstore/test4/达克效应之谜/output.mp4
[2025-08-12 11:27:56,409] [INFO] [logger:55] - 迁移视频 32: user6 -> test4
[2025-08-12 11:27:56,409] [WARNING] [logger:66] - 新路径不存在，跳过迁移视频 32: workstore/test4/《金刚经》第一品：法会因由分/output.mp4
[2025-08-12 11:27:56,409] [INFO] [logger:55] - 迁移视频 33: user6 -> test4
[2025-08-12 11:27:56,409] [WARNING] [logger:66] - 新路径不存在，跳过迁移视频 33: workstore/test4/《金刚经》第二品善现启请分/output.mp4
[2025-08-12 11:27:56,409] [INFO] [logger:55] - 迁移视频 34: user1 -> admin
[2025-08-12 11:27:56,409] [WARNING] [logger:66] - 新路径不存在，跳过迁移视频 34: workstore/admin/小红帽的森林奇遇/output.mp4
[2025-08-12 11:27:56,409] [INFO] [logger:55] - 迁移视频 35: user8 -> test9
[2025-08-12 11:27:56,409] [WARNING] [logger:66] - 新路径不存在，跳过迁移视频 35: workstore/test9/《金刚经》第五品 如理实见分/output.mp4
[2025-08-12 11:27:56,410] [INFO] [logger:55] - 迁移视频 36: user8 -> test9
[2025-08-12 11:27:56,410] [WARNING] [logger:66] - 新路径不存在，跳过迁移视频 36: workstore/test9/《金刚经》第六品 正信希有分/output.mp4
[2025-08-12 11:27:56,410] [INFO] [logger:55] - 迁移视频 37: user1 -> admin
[2025-08-12 11:27:56,410] [WARNING] [logger:66] - 新路径不存在，跳过迁移视频 37: workstore/admin/停止按钮背后的故事/output.mp4
[2025-08-12 11:27:56,410] [INFO] [logger:55] - 迁移视频 38: user1 -> admin
[2025-08-12 11:27:56,410] [WARNING] [logger:66] - 新路径不存在，跳过迁移视频 38: workstore/admin/《金刚经》第八品 依法出生分/output.mp4
[2025-08-12 11:27:56,415] [INFO] [logger:55] - 视频路径迁移完成，共迁移 0 个视频
[2025-08-12 11:27:56,418] [INFO] [logger:55] - 没有发现中断的任务
[2025-08-12 11:27:56,418] [INFO] [logger:55] - 任务恢复完成
[2025-08-12 11:27:56,418] [INFO] [logger:55] - 没有等待中的任务需要启动
[2025-08-12 11:27:56,418] [INFO] [logger:55] - 任务恢复检查完成
[2025-08-12 11:29:31,272] [INFO] [logger:55] - 用户 admin 生成视频扣除了 1 条额度，剩余 53 条
[2025-08-12 11:29:31,276] [INFO] [logger:55] - 用户 admin 的任务已加入队列，任务ID: 38
[2025-08-12 11:29:31,288] [INFO] [logger:55] - 开始处理用户 admin 的队列任务，任务ID: 38, 视频ID: 91
[2025-08-12 11:32:16,523] [ERROR] [logger:62] - 队列视频生成任务失败: Connection error.
[2025-08-12 11:40:03,464] [INFO] [logger:55] - 正在检查并恢复中断的任务...
[2025-08-12 11:40:03,464] [INFO] [logger:55] - 检查服务器启动时是否有中断的任务需要恢复...
[2025-08-12 11:40:03,468] [INFO] [logger:55] - 开始迁移视频路径...
[2025-08-12 11:40:03,468] [INFO] [logger:55] - 迁移视频 13: user1 -> admin
[2025-08-12 11:40:03,468] [WARNING] [logger:66] - 新路径不存在，跳过迁移视频 13: workstore/admin/纳什均衡解析/output.mp4
[2025-08-12 11:40:03,468] [INFO] [logger:55] - 迁移视频 15: user1 -> admin
[2025-08-12 11:40:03,468] [WARNING] [logger:66] - 新路径不存在，跳过迁移视频 15: workstore/admin/白雪公主的童话/output.mp4
[2025-08-12 11:40:03,468] [INFO] [logger:55] - 迁移视频 18: user3 -> test2
[2025-08-12 11:40:03,469] [WARNING] [logger:66] - 新路径不存在，跳过迁移视频 18: workstore/test2/坚持的力量/output.mp4
[2025-08-12 11:40:03,469] [INFO] [logger:55] - 迁移视频 19: user6 -> test4
[2025-08-12 11:40:03,469] [WARNING] [logger:66] - 新路径不存在，跳过迁移视频 19: workstore/test4/白雪公主的故事/output.mp4
[2025-08-12 11:40:03,469] [INFO] [logger:55] - 迁移视频 26: user6 -> test4
[2025-08-12 11:40:03,469] [WARNING] [logger:66] - 新路径不存在，跳过迁移视频 26: workstore/test4/人性弱点智慧/output.mp4
[2025-08-12 11:40:03,469] [INFO] [logger:55] - 迁移视频 27: user6 -> test4
[2025-08-12 11:40:03,469] [WARNING] [logger:66] - 新路径不存在，跳过迁移视频 27: workstore/test4/达克效应之谜/output.mp4
[2025-08-12 11:40:03,469] [INFO] [logger:55] - 迁移视频 32: user6 -> test4
[2025-08-12 11:40:03,469] [WARNING] [logger:66] - 新路径不存在，跳过迁移视频 32: workstore/test4/《金刚经》第一品：法会因由分/output.mp4
[2025-08-12 11:40:03,470] [INFO] [logger:55] - 迁移视频 33: user6 -> test4
[2025-08-12 11:40:03,470] [WARNING] [logger:66] - 新路径不存在，跳过迁移视频 33: workstore/test4/《金刚经》第二品善现启请分/output.mp4
[2025-08-12 11:40:03,470] [INFO] [logger:55] - 迁移视频 34: user1 -> admin
[2025-08-12 11:40:03,470] [WARNING] [logger:66] - 新路径不存在，跳过迁移视频 34: workstore/admin/小红帽的森林奇遇/output.mp4
[2025-08-12 11:40:03,470] [INFO] [logger:55] - 迁移视频 35: user8 -> test9
[2025-08-12 11:40:03,470] [WARNING] [logger:66] - 新路径不存在，跳过迁移视频 35: workstore/test9/《金刚经》第五品 如理实见分/output.mp4
[2025-08-12 11:40:03,470] [INFO] [logger:55] - 迁移视频 36: user8 -> test9
[2025-08-12 11:40:03,470] [WARNING] [logger:66] - 新路径不存在，跳过迁移视频 36: workstore/test9/《金刚经》第六品 正信希有分/output.mp4
[2025-08-12 11:40:03,471] [INFO] [logger:55] - 迁移视频 37: user1 -> admin
[2025-08-12 11:40:03,471] [WARNING] [logger:66] - 新路径不存在，跳过迁移视频 37: workstore/admin/停止按钮背后的故事/output.mp4
[2025-08-12 11:40:03,471] [INFO] [logger:55] - 迁移视频 38: user1 -> admin
[2025-08-12 11:40:03,471] [WARNING] [logger:66] - 新路径不存在，跳过迁移视频 38: workstore/admin/《金刚经》第八品 依法出生分/output.mp4
[2025-08-12 11:40:03,476] [INFO] [logger:55] - 视频路径迁移完成，共迁移 0 个视频
[2025-08-12 11:40:03,477] [INFO] [logger:55] - 没有发现中断的任务
[2025-08-12 11:40:03,477] [INFO] [logger:55] - 任务恢复完成
[2025-08-12 11:40:03,477] [INFO] [logger:55] - 没有等待中的任务需要启动
[2025-08-12 11:40:03,477] [INFO] [logger:55] - 任务恢复检查完成
[2025-08-12 11:40:04,321] [INFO] [logger:55] - 正在检查并恢复中断的任务...
[2025-08-12 11:40:04,321] [INFO] [logger:55] - 检查服务器启动时是否有中断的任务需要恢复...
[2025-08-12 11:40:04,323] [INFO] [logger:55] - 开始迁移视频路径...
[2025-08-12 11:40:04,324] [INFO] [logger:55] - 迁移视频 13: user1 -> admin
[2025-08-12 11:40:04,324] [WARNING] [logger:66] - 新路径不存在，跳过迁移视频 13: workstore/admin/纳什均衡解析/output.mp4
[2025-08-12 11:40:04,324] [INFO] [logger:55] - 迁移视频 15: user1 -> admin
[2025-08-12 11:40:04,324] [WARNING] [logger:66] - 新路径不存在，跳过迁移视频 15: workstore/admin/白雪公主的童话/output.mp4
[2025-08-12 11:40:04,324] [INFO] [logger:55] - 迁移视频 18: user3 -> test2
[2025-08-12 11:40:04,324] [WARNING] [logger:66] - 新路径不存在，跳过迁移视频 18: workstore/test2/坚持的力量/output.mp4
[2025-08-12 11:40:04,324] [INFO] [logger:55] - 迁移视频 19: user6 -> test4
[2025-08-12 11:40:04,324] [WARNING] [logger:66] - 新路径不存在，跳过迁移视频 19: workstore/test4/白雪公主的故事/output.mp4
[2025-08-12 11:40:04,325] [INFO] [logger:55] - 迁移视频 26: user6 -> test4
[2025-08-12 11:40:04,325] [WARNING] [logger:66] - 新路径不存在，跳过迁移视频 26: workstore/test4/人性弱点智慧/output.mp4
[2025-08-12 11:40:04,325] [INFO] [logger:55] - 迁移视频 27: user6 -> test4
[2025-08-12 11:40:04,325] [WARNING] [logger:66] - 新路径不存在，跳过迁移视频 27: workstore/test4/达克效应之谜/output.mp4
[2025-08-12 11:40:04,325] [INFO] [logger:55] - 迁移视频 32: user6 -> test4
[2025-08-12 11:40:04,325] [WARNING] [logger:66] - 新路径不存在，跳过迁移视频 32: workstore/test4/《金刚经》第一品：法会因由分/output.mp4
[2025-08-12 11:40:04,325] [INFO] [logger:55] - 迁移视频 33: user6 -> test4
[2025-08-12 11:40:04,325] [WARNING] [logger:66] - 新路径不存在，跳过迁移视频 33: workstore/test4/《金刚经》第二品善现启请分/output.mp4
[2025-08-12 11:40:04,325] [INFO] [logger:55] - 迁移视频 34: user1 -> admin
[2025-08-12 11:40:04,326] [WARNING] [logger:66] - 新路径不存在，跳过迁移视频 34: workstore/admin/小红帽的森林奇遇/output.mp4
[2025-08-12 11:40:04,326] [INFO] [logger:55] - 迁移视频 35: user8 -> test9
[2025-08-12 11:40:04,326] [WARNING] [logger:66] - 新路径不存在，跳过迁移视频 35: workstore/test9/《金刚经》第五品 如理实见分/output.mp4
[2025-08-12 11:40:04,326] [INFO] [logger:55] - 迁移视频 36: user8 -> test9
[2025-08-12 11:40:04,326] [WARNING] [logger:66] - 新路径不存在，跳过迁移视频 36: workstore/test9/《金刚经》第六品 正信希有分/output.mp4
[2025-08-12 11:40:04,326] [INFO] [logger:55] - 迁移视频 37: user1 -> admin
[2025-08-12 11:40:04,326] [WARNING] [logger:66] - 新路径不存在，跳过迁移视频 37: workstore/admin/停止按钮背后的故事/output.mp4
[2025-08-12 11:40:04,327] [INFO] [logger:55] - 迁移视频 38: user1 -> admin
[2025-08-12 11:40:04,327] [WARNING] [logger:66] - 新路径不存在，跳过迁移视频 38: workstore/admin/《金刚经》第八品 依法出生分/output.mp4
[2025-08-12 11:40:04,332] [INFO] [logger:55] - 视频路径迁移完成，共迁移 0 个视频
[2025-08-12 11:40:04,333] [INFO] [logger:55] - 没有发现中断的任务
[2025-08-12 11:40:04,333] [INFO] [logger:55] - 任务恢复完成
[2025-08-12 11:40:04,333] [INFO] [logger:55] - 没有等待中的任务需要启动
[2025-08-12 11:40:04,333] [INFO] [logger:55] - 任务恢复检查完成
[2025-08-12 11:40:24,653] [INFO] [logger:55] - 用户 admin 查看我的视频页面，共 10 个视频
[2025-08-12 11:40:24,859] [INFO] [app:2550] - 请求 workstore 文件: admin/解读《庄子》外篇·天地/covers/cover_4:3.png
[2025-08-12 11:40:24,859] [INFO] [app:2550] - 请求 workstore 文件: admin/天运转念解心忧/covers/cover_4:3.png
[2025-08-12 11:40:24,862] [INFO] [app:2550] - 请求 workstore 文件: admin/解读《庄子》外篇·胠箧/covers/cover_4:3.png
[2025-08-12 11:40:24,870] [INFO] [app:2550] - 请求 workstore 文件: admin/解读《庄子》内篇·大宗师/covers/cover_4:3.png
[2025-08-12 11:40:24,871] [INFO] [app:2550] - 请求 workstore 文件: admin/解读《庄子》外篇·骈拇/covers/cover_4:3.png
[2025-08-12 11:40:24,889] [INFO] [app:2550] - 请求 workstore 文件: admin/解读《庄子》内篇·人间世/covers/cover_4:3.png
[2025-08-12 11:40:24,895] [INFO] [app:2550] - 请求 workstore 文件: admin/解读《庄子》内篇·齐物论/covers/cover_4:3.png
[2025-08-12 11:46:04,980] [INFO] [logger:55] - 用户 admin 生成视频扣除了 1 条额度，剩余 52 条
[2025-08-12 11:46:04,985] [INFO] [logger:55] - 用户 admin 的任务已加入队列，任务ID: 39
[2025-08-12 11:46:05,018] [INFO] [logger:55] - 开始处理用户 admin 的队列任务，任务ID: 39, 视频ID: 92
[2025-08-12 11:56:33,146] [INFO] [logger:55] - 更新视频路径: workstore/admin/解读《庄子》外篇·至乐/output.mp4
[2025-08-12 11:56:33,146] [INFO] [logger:55] - 更新封面路径: workstore/admin/解读《庄子》外篇·至乐/covers/cover_4:3.png
[2025-08-12 11:56:33,149] [INFO] [logger:55] - 队列任务完成，任务ID: 39, 视频ID: 92
[2025-08-12 11:56:43,045] [INFO] [logger:55] - 用户 admin 查看我的视频页面，共 10 个视频
[2025-08-12 11:56:43,491] [INFO] [app:2550] - 请求 workstore 文件: admin/解读《庄子》外篇·至乐/covers/cover_4:3.png
[2025-08-12 11:56:43,495] [INFO] [app:2550] - 请求 workstore 文件: admin/解读《庄子》外篇·天地/covers/cover_4:3.png
[2025-08-12 11:56:43,495] [INFO] [app:2550] - 请求 workstore 文件: admin/解读《庄子》外篇·骈拇/covers/cover_4:3.png
[2025-08-12 11:56:43,497] [INFO] [app:2550] - 请求 workstore 文件: admin/天运转念解心忧/covers/cover_4:3.png
[2025-08-12 11:56:43,500] [INFO] [app:2550] - 请求 workstore 文件: admin/解读《庄子》内篇·大宗师/covers/cover_4:3.png
[2025-08-12 11:56:43,502] [INFO] [app:2550] - 请求 workstore 文件: admin/解读《庄子》外篇·胠箧/covers/cover_4:3.png
[2025-08-12 11:56:43,519] [INFO] [app:2550] - 请求 workstore 文件: admin/解读《庄子》内篇·人间世/covers/cover_4:3.png
[2025-08-12 11:58:24,512] [INFO] [logger:55] - 正在检查并恢复中断的任务...
[2025-08-12 11:58:24,512] [INFO] [logger:55] - 检查服务器启动时是否有中断的任务需要恢复...
[2025-08-12 11:58:24,516] [INFO] [logger:55] - 开始迁移视频路径...
[2025-08-12 11:58:24,516] [INFO] [logger:55] - 迁移视频 13: user1 -> admin
[2025-08-12 11:58:24,516] [WARNING] [logger:66] - 新路径不存在，跳过迁移视频 13: workstore/admin/纳什均衡解析/output.mp4
[2025-08-12 11:58:24,517] [INFO] [logger:55] - 迁移视频 15: user1 -> admin
[2025-08-12 11:58:24,517] [WARNING] [logger:66] - 新路径不存在，跳过迁移视频 15: workstore/admin/白雪公主的童话/output.mp4
[2025-08-12 11:58:24,517] [INFO] [logger:55] - 迁移视频 18: user3 -> test2
[2025-08-12 11:58:24,517] [WARNING] [logger:66] - 新路径不存在，跳过迁移视频 18: workstore/test2/坚持的力量/output.mp4
[2025-08-12 11:58:24,517] [INFO] [logger:55] - 迁移视频 19: user6 -> test4
[2025-08-12 11:58:24,518] [WARNING] [logger:66] - 新路径不存在，跳过迁移视频 19: workstore/test4/白雪公主的故事/output.mp4
[2025-08-12 11:58:24,518] [INFO] [logger:55] - 迁移视频 26: user6 -> test4
[2025-08-12 11:58:24,518] [WARNING] [logger:66] - 新路径不存在，跳过迁移视频 26: workstore/test4/人性弱点智慧/output.mp4
[2025-08-12 11:58:24,518] [INFO] [logger:55] - 迁移视频 27: user6 -> test4
[2025-08-12 11:58:24,518] [WARNING] [logger:66] - 新路径不存在，跳过迁移视频 27: workstore/test4/达克效应之谜/output.mp4
[2025-08-12 11:58:24,518] [INFO] [logger:55] - 迁移视频 32: user6 -> test4
[2025-08-12 11:58:24,518] [WARNING] [logger:66] - 新路径不存在，跳过迁移视频 32: workstore/test4/《金刚经》第一品：法会因由分/output.mp4
[2025-08-12 11:58:24,518] [INFO] [logger:55] - 迁移视频 33: user6 -> test4
[2025-08-12 11:58:24,519] [WARNING] [logger:66] - 新路径不存在，跳过迁移视频 33: workstore/test4/《金刚经》第二品善现启请分/output.mp4
[2025-08-12 11:58:24,519] [INFO] [logger:55] - 迁移视频 34: user1 -> admin
[2025-08-12 11:58:24,519] [WARNING] [logger:66] - 新路径不存在，跳过迁移视频 34: workstore/admin/小红帽的森林奇遇/output.mp4
[2025-08-12 11:58:24,519] [INFO] [logger:55] - 迁移视频 35: user8 -> test9
[2025-08-12 11:58:24,519] [WARNING] [logger:66] - 新路径不存在，跳过迁移视频 35: workstore/test9/《金刚经》第五品 如理实见分/output.mp4
[2025-08-12 11:58:24,519] [INFO] [logger:55] - 迁移视频 36: user8 -> test9
[2025-08-12 11:58:24,519] [WARNING] [logger:66] - 新路径不存在，跳过迁移视频 36: workstore/test9/《金刚经》第六品 正信希有分/output.mp4
[2025-08-12 11:58:24,520] [INFO] [logger:55] - 迁移视频 37: user1 -> admin
[2025-08-12 11:58:24,520] [WARNING] [logger:66] - 新路径不存在，跳过迁移视频 37: workstore/admin/停止按钮背后的故事/output.mp4
[2025-08-12 11:58:24,520] [INFO] [logger:55] - 迁移视频 38: user1 -> admin
[2025-08-12 11:58:24,520] [WARNING] [logger:66] - 新路径不存在，跳过迁移视频 38: workstore/admin/《金刚经》第八品 依法出生分/output.mp4
[2025-08-12 11:58:24,525] [INFO] [logger:55] - 视频路径迁移完成，共迁移 0 个视频
[2025-08-12 11:58:24,527] [INFO] [logger:55] - 没有发现中断的任务
[2025-08-12 11:58:24,527] [INFO] [logger:55] - 任务恢复完成
[2025-08-12 11:58:24,527] [INFO] [logger:55] - 没有等待中的任务需要启动
[2025-08-12 11:58:24,527] [INFO] [logger:55] - 任务恢复检查完成
[2025-08-12 11:58:28,495] [INFO] [app:2468] - 用户 1 请求下载视频 92, 路径: workstore/admin/解读《庄子》外篇·至乐/output.mp4
[2025-08-12 11:58:28,495] [INFO] [app:2495] - 解析的基础目录: workstore/admin/解读《庄子》外篇·至乐
[2025-08-12 11:58:29,370] [INFO] [app:2509] - 已添加视频文件到ZIP: workstore/admin/解读《庄子》外篇·至乐/output.mp4
[2025-08-12 11:58:29,395] [INFO] [app:2521] - 已添加封面文件到ZIP: workstore/admin/解读《庄子》外篇·至乐/covers/cover_3:4.png
[2025-08-12 11:58:29,419] [INFO] [app:2521] - 已添加封面文件到ZIP: workstore/admin/解读《庄子》外篇·至乐/covers/cover_4:3.png
[2025-08-12 11:58:29,419] [INFO] [app:2530] - 开始下载，文件名: video_92_20250812115829.zip
[2025-08-12 12:54:23,612] [INFO] [logger:55] - 百速一键AI视频生成应用正在启动... 时间: 2025-08-12 12:54:23
[2025-08-12 12:54:23,612] [INFO] [logger:55] - 正在初始化数据库...
[2025-08-12 12:54:24,973] [INFO] [logger:55] - 数据库初始化完成
[2025-08-12 12:54:24,973] [INFO] [logger:55] - 正在检查AI服务配置...
[2025-08-12 12:54:24,973] [WARNING] [logger:66] - 缺少环境变量: QWEN_API_KEY, COSYVOICE_API_KEY
[2025-08-12 12:54:25,006] [INFO] [logger:55] - LLM服务初始化成功
[2025-08-12 12:54:25,007] [INFO] [logger:55] - 图片生成服务初始化成功
[2025-08-12 12:54:25,007] [INFO] [logger:55] - TTS服务初始化成功
[2025-08-12 12:54:25,009] [INFO] [logger:55] - AI服务检查完成
[2025-08-12 12:54:25,009] [INFO] [logger:55] - 正在检查并恢复中断的任务...
[2025-08-12 12:54:25,009] [INFO] [logger:55] - 检查服务器启动时是否有中断的任务需要恢复...
[2025-08-12 12:54:25,022] [INFO] [logger:55] - 开始迁移视频路径...
[2025-08-12 12:54:25,022] [INFO] [logger:55] - 迁移视频 13: user1 -> admin
[2025-08-12 12:54:25,022] [WARNING] [logger:66] - 新路径不存在，跳过迁移视频 13: workstore/admin/纳什均衡解析/output.mp4
[2025-08-12 12:54:25,022] [INFO] [logger:55] - 迁移视频 15: user1 -> admin
[2025-08-12 12:54:25,022] [WARNING] [logger:66] - 新路径不存在，跳过迁移视频 15: workstore/admin/白雪公主的童话/output.mp4
[2025-08-12 12:54:25,022] [INFO] [logger:55] - 迁移视频 18: user3 -> test2
[2025-08-12 12:54:25,022] [WARNING] [logger:66] - 新路径不存在，跳过迁移视频 18: workstore/test2/坚持的力量/output.mp4
[2025-08-12 12:54:25,023] [INFO] [logger:55] - 迁移视频 19: user6 -> test4
[2025-08-12 12:54:25,023] [WARNING] [logger:66] - 新路径不存在，跳过迁移视频 19: workstore/test4/白雪公主的故事/output.mp4
[2025-08-12 12:54:25,023] [INFO] [logger:55] - 迁移视频 26: user6 -> test4
[2025-08-12 12:54:25,023] [WARNING] [logger:66] - 新路径不存在，跳过迁移视频 26: workstore/test4/人性弱点智慧/output.mp4
[2025-08-12 12:54:25,023] [INFO] [logger:55] - 迁移视频 27: user6 -> test4
[2025-08-12 12:54:25,023] [WARNING] [logger:66] - 新路径不存在，跳过迁移视频 27: workstore/test4/达克效应之谜/output.mp4
[2025-08-12 12:54:25,023] [INFO] [logger:55] - 迁移视频 32: user6 -> test4
[2025-08-12 12:54:25,023] [WARNING] [logger:66] - 新路径不存在，跳过迁移视频 32: workstore/test4/《金刚经》第一品：法会因由分/output.mp4
[2025-08-12 12:54:25,023] [INFO] [logger:55] - 迁移视频 33: user6 -> test4
[2025-08-12 12:54:25,023] [WARNING] [logger:66] - 新路径不存在，跳过迁移视频 33: workstore/test4/《金刚经》第二品善现启请分/output.mp4
[2025-08-12 12:54:25,023] [INFO] [logger:55] - 迁移视频 34: user1 -> admin
[2025-08-12 12:54:25,023] [WARNING] [logger:66] - 新路径不存在，跳过迁移视频 34: workstore/admin/小红帽的森林奇遇/output.mp4
[2025-08-12 12:54:25,023] [INFO] [logger:55] - 迁移视频 35: user8 -> test9
[2025-08-12 12:54:25,023] [WARNING] [logger:66] - 新路径不存在，跳过迁移视频 35: workstore/test9/《金刚经》第五品 如理实见分/output.mp4
[2025-08-12 12:54:25,023] [INFO] [logger:55] - 迁移视频 36: user8 -> test9
[2025-08-12 12:54:25,023] [WARNING] [logger:66] - 新路径不存在，跳过迁移视频 36: workstore/test9/《金刚经》第六品 正信希有分/output.mp4
[2025-08-12 12:54:25,024] [INFO] [logger:55] - 迁移视频 37: user1 -> admin
[2025-08-12 12:54:25,024] [WARNING] [logger:66] - 新路径不存在，跳过迁移视频 37: workstore/admin/停止按钮背后的故事/output.mp4
[2025-08-12 12:54:25,024] [INFO] [logger:55] - 迁移视频 38: user1 -> admin
[2025-08-12 12:54:25,024] [WARNING] [logger:66] - 新路径不存在，跳过迁移视频 38: workstore/admin/《金刚经》第八品 依法出生分/output.mp4
[2025-08-12 12:54:25,025] [INFO] [logger:55] - 视频路径迁移完成，共迁移 0 个视频
[2025-08-12 12:54:25,026] [INFO] [logger:55] - 没有发现中断的任务
[2025-08-12 12:54:25,026] [INFO] [logger:55] - 任务恢复完成
[2025-08-12 12:54:25,026] [INFO] [logger:55] - 没有等待中的任务需要启动
[2025-08-12 12:54:25,026] [INFO] [logger:55] - 任务恢复检查完成
[2025-08-12 12:54:25,026] [INFO] [logger:55] - 百速一键AI视频生成应用服务器已启动，监听端口: 5001
[2025-08-12 12:54:25,109] [INFO] [logger:55] - 百速一键AI视频生成应用正在启动... 时间: 2025-08-12 12:54:25
[2025-08-12 12:54:25,109] [INFO] [logger:55] - 正在初始化数据库...
[2025-08-12 12:54:26,147] [INFO] [logger:55] - 数据库初始化完成
[2025-08-12 12:54:26,147] [INFO] [logger:55] - 正在检查AI服务配置...
[2025-08-12 12:54:26,147] [WARNING] [logger:66] - 缺少环境变量: QWEN_API_KEY, COSYVOICE_API_KEY
[2025-08-12 12:54:26,179] [INFO] [logger:55] - LLM服务初始化成功
[2025-08-12 12:54:26,179] [INFO] [logger:55] - 图片生成服务初始化成功
[2025-08-12 12:54:26,179] [INFO] [logger:55] - TTS服务初始化成功
[2025-08-12 12:54:26,181] [INFO] [logger:55] - AI服务检查完成
[2025-08-12 12:54:26,181] [INFO] [logger:55] - 正在检查并恢复中断的任务...
[2025-08-12 12:54:26,181] [INFO] [logger:55] - 检查服务器启动时是否有中断的任务需要恢复...
[2025-08-12 12:54:26,193] [INFO] [logger:55] - 开始迁移视频路径...
[2025-08-12 12:54:26,193] [INFO] [logger:55] - 迁移视频 13: user1 -> admin
[2025-08-12 12:54:26,193] [WARNING] [logger:66] - 新路径不存在，跳过迁移视频 13: workstore/admin/纳什均衡解析/output.mp4
[2025-08-12 12:54:26,193] [INFO] [logger:55] - 迁移视频 15: user1 -> admin
[2025-08-12 12:54:26,193] [WARNING] [logger:66] - 新路径不存在，跳过迁移视频 15: workstore/admin/白雪公主的童话/output.mp4
[2025-08-12 12:54:26,193] [INFO] [logger:55] - 迁移视频 18: user3 -> test2
[2025-08-12 12:54:26,193] [WARNING] [logger:66] - 新路径不存在，跳过迁移视频 18: workstore/test2/坚持的力量/output.mp4
[2025-08-12 12:54:26,194] [INFO] [logger:55] - 迁移视频 19: user6 -> test4
[2025-08-12 12:54:26,194] [WARNING] [logger:66] - 新路径不存在，跳过迁移视频 19: workstore/test4/白雪公主的故事/output.mp4
[2025-08-12 12:54:26,194] [INFO] [logger:55] - 迁移视频 26: user6 -> test4
[2025-08-12 12:54:26,194] [WARNING] [logger:66] - 新路径不存在，跳过迁移视频 26: workstore/test4/人性弱点智慧/output.mp4
[2025-08-12 12:54:26,194] [INFO] [logger:55] - 迁移视频 27: user6 -> test4
[2025-08-12 12:54:26,194] [WARNING] [logger:66] - 新路径不存在，跳过迁移视频 27: workstore/test4/达克效应之谜/output.mp4
[2025-08-12 12:54:26,194] [INFO] [logger:55] - 迁移视频 32: user6 -> test4
[2025-08-12 12:54:26,194] [WARNING] [logger:66] - 新路径不存在，跳过迁移视频 32: workstore/test4/《金刚经》第一品：法会因由分/output.mp4
[2025-08-12 12:54:26,194] [INFO] [logger:55] - 迁移视频 33: user6 -> test4
[2025-08-12 12:54:26,194] [WARNING] [logger:66] - 新路径不存在，跳过迁移视频 33: workstore/test4/《金刚经》第二品善现启请分/output.mp4
[2025-08-12 12:54:26,194] [INFO] [logger:55] - 迁移视频 34: user1 -> admin
[2025-08-12 12:54:26,194] [WARNING] [logger:66] - 新路径不存在，跳过迁移视频 34: workstore/admin/小红帽的森林奇遇/output.mp4
[2025-08-12 12:54:26,194] [INFO] [logger:55] - 迁移视频 35: user8 -> test9
[2025-08-12 12:54:26,194] [WARNING] [logger:66] - 新路径不存在，跳过迁移视频 35: workstore/test9/《金刚经》第五品 如理实见分/output.mp4
[2025-08-12 12:54:26,194] [INFO] [logger:55] - 迁移视频 36: user8 -> test9
[2025-08-12 12:54:26,194] [WARNING] [logger:66] - 新路径不存在，跳过迁移视频 36: workstore/test9/《金刚经》第六品 正信希有分/output.mp4
[2025-08-12 12:54:26,195] [INFO] [logger:55] - 迁移视频 37: user1 -> admin
[2025-08-12 12:54:26,195] [WARNING] [logger:66] - 新路径不存在，跳过迁移视频 37: workstore/admin/停止按钮背后的故事/output.mp4
[2025-08-12 12:54:26,195] [INFO] [logger:55] - 迁移视频 38: user1 -> admin
[2025-08-12 12:54:26,195] [WARNING] [logger:66] - 新路径不存在，跳过迁移视频 38: workstore/admin/《金刚经》第八品 依法出生分/output.mp4
[2025-08-12 12:54:26,196] [INFO] [logger:55] - 视频路径迁移完成，共迁移 0 个视频
[2025-08-12 12:54:26,197] [INFO] [logger:55] - 没有发现中断的任务
[2025-08-12 12:54:26,197] [INFO] [logger:55] - 任务恢复完成
[2025-08-12 12:54:26,197] [INFO] [logger:55] - 没有等待中的任务需要启动
[2025-08-12 12:54:26,197] [INFO] [logger:55] - 任务恢复检查完成
[2025-08-12 12:54:26,197] [INFO] [logger:55] - 百速一键AI视频生成应用服务器已启动，监听端口: 5001
[2025-08-12 13:00:22,671] [INFO] [logger:55] - 百速一键AI视频生成应用正在启动... 时间: 2025-08-12 13:00:22
[2025-08-12 13:00:22,672] [INFO] [logger:55] - 正在初始化数据库...
[2025-08-12 13:00:24,051] [INFO] [logger:55] - 数据库初始化完成
[2025-08-12 13:00:24,051] [INFO] [logger:55] - 正在检查AI服务配置...
[2025-08-12 13:00:24,051] [WARNING] [logger:66] - 缺少环境变量: QWEN_API_KEY, COSYVOICE_API_KEY
[2025-08-12 13:00:24,082] [INFO] [logger:55] - LLM服务初始化成功
[2025-08-12 13:00:24,082] [INFO] [logger:55] - 图片生成服务初始化成功
[2025-08-12 13:00:24,082] [INFO] [logger:55] - TTS服务初始化成功
[2025-08-12 13:00:24,084] [INFO] [logger:55] - AI服务检查完成
[2025-08-12 13:00:24,084] [INFO] [logger:55] - 正在检查并恢复中断的任务...
[2025-08-12 13:00:24,084] [INFO] [logger:55] - 检查服务器启动时是否有中断的任务需要恢复...
[2025-08-12 13:00:24,096] [INFO] [logger:55] - 开始迁移视频路径...
[2025-08-12 13:00:24,096] [INFO] [logger:55] - 迁移视频 13: user1 -> admin
[2025-08-12 13:00:24,096] [WARNING] [logger:66] - 新路径不存在，跳过迁移视频 13: workstore/admin/纳什均衡解析/output.mp4
[2025-08-12 13:00:24,096] [INFO] [logger:55] - 迁移视频 15: user1 -> admin
[2025-08-12 13:00:24,096] [WARNING] [logger:66] - 新路径不存在，跳过迁移视频 15: workstore/admin/白雪公主的童话/output.mp4
[2025-08-12 13:00:24,096] [INFO] [logger:55] - 迁移视频 18: user3 -> test2
[2025-08-12 13:00:24,096] [WARNING] [logger:66] - 新路径不存在，跳过迁移视频 18: workstore/test2/坚持的力量/output.mp4
[2025-08-12 13:00:24,097] [INFO] [logger:55] - 迁移视频 19: user6 -> test4
[2025-08-12 13:00:24,097] [WARNING] [logger:66] - 新路径不存在，跳过迁移视频 19: workstore/test4/白雪公主的故事/output.mp4
[2025-08-12 13:00:24,097] [INFO] [logger:55] - 迁移视频 26: user6 -> test4
[2025-08-12 13:00:24,097] [WARNING] [logger:66] - 新路径不存在，跳过迁移视频 26: workstore/test4/人性弱点智慧/output.mp4
[2025-08-12 13:00:24,097] [INFO] [logger:55] - 迁移视频 27: user6 -> test4
[2025-08-12 13:00:24,097] [WARNING] [logger:66] - 新路径不存在，跳过迁移视频 27: workstore/test4/达克效应之谜/output.mp4
[2025-08-12 13:00:24,097] [INFO] [logger:55] - 迁移视频 32: user6 -> test4
[2025-08-12 13:00:24,097] [WARNING] [logger:66] - 新路径不存在，跳过迁移视频 32: workstore/test4/《金刚经》第一品：法会因由分/output.mp4
[2025-08-12 13:00:24,097] [INFO] [logger:55] - 迁移视频 33: user6 -> test4
[2025-08-12 13:00:24,097] [WARNING] [logger:66] - 新路径不存在，跳过迁移视频 33: workstore/test4/《金刚经》第二品善现启请分/output.mp4
[2025-08-12 13:00:24,097] [INFO] [logger:55] - 迁移视频 34: user1 -> admin
[2025-08-12 13:00:24,097] [WARNING] [logger:66] - 新路径不存在，跳过迁移视频 34: workstore/admin/小红帽的森林奇遇/output.mp4
[2025-08-12 13:00:24,097] [INFO] [logger:55] - 迁移视频 35: user8 -> test9
[2025-08-12 13:00:24,097] [WARNING] [logger:66] - 新路径不存在，跳过迁移视频 35: workstore/test9/《金刚经》第五品 如理实见分/output.mp4
[2025-08-12 13:00:24,097] [INFO] [logger:55] - 迁移视频 36: user8 -> test9
[2025-08-12 13:00:24,097] [WARNING] [logger:66] - 新路径不存在，跳过迁移视频 36: workstore/test9/《金刚经》第六品 正信希有分/output.mp4
[2025-08-12 13:00:24,097] [INFO] [logger:55] - 迁移视频 37: user1 -> admin
[2025-08-12 13:00:24,097] [WARNING] [logger:66] - 新路径不存在，跳过迁移视频 37: workstore/admin/停止按钮背后的故事/output.mp4
[2025-08-12 13:00:24,097] [INFO] [logger:55] - 迁移视频 38: user1 -> admin
[2025-08-12 13:00:24,097] [WARNING] [logger:66] - 新路径不存在，跳过迁移视频 38: workstore/admin/《金刚经》第八品 依法出生分/output.mp4
[2025-08-12 13:00:24,098] [INFO] [logger:55] - 视频路径迁移完成，共迁移 0 个视频
[2025-08-12 13:00:24,099] [INFO] [logger:55] - 没有发现中断的任务
[2025-08-12 13:00:24,100] [INFO] [logger:55] - 任务恢复完成
[2025-08-12 13:00:24,100] [INFO] [logger:55] - 没有等待中的任务需要启动
[2025-08-12 13:00:24,100] [INFO] [logger:55] - 任务恢复检查完成
[2025-08-12 13:00:24,100] [INFO] [logger:55] - 百速一键AI视频生成应用服务器已启动，监听端口: 5001
[2025-08-12 13:01:45,520] [INFO] [logger:55] - 百速一键AI视频生成应用正在启动... 时间: 2025-08-12 13:01:45
[2025-08-12 13:01:45,520] [INFO] [logger:55] - 正在初始化数据库...
[2025-08-12 13:01:46,522] [INFO] [logger:55] - 数据库初始化完成
[2025-08-12 13:01:46,522] [INFO] [logger:55] - 正在检查AI服务配置...
[2025-08-12 13:01:46,523] [WARNING] [logger:66] - 缺少环境变量: QWEN_API_KEY, COSYVOICE_API_KEY
[2025-08-12 13:01:46,556] [INFO] [logger:55] - LLM服务初始化成功
[2025-08-12 13:01:46,556] [INFO] [logger:55] - 图片生成服务初始化成功
[2025-08-12 13:01:46,556] [INFO] [logger:55] - TTS服务初始化成功
[2025-08-12 13:01:46,557] [INFO] [logger:55] - AI服务检查完成
[2025-08-12 13:01:46,557] [INFO] [logger:55] - 正在检查并恢复中断的任务...
[2025-08-12 13:01:46,557] [INFO] [logger:55] - 检查服务器启动时是否有中断的任务需要恢复...
[2025-08-12 13:01:46,569] [INFO] [logger:55] - 开始迁移视频路径...
[2025-08-12 13:01:46,569] [INFO] [logger:55] - 迁移视频 13: user1 -> admin
[2025-08-12 13:01:46,569] [WARNING] [logger:66] - 新路径不存在，跳过迁移视频 13: workstore/admin/纳什均衡解析/output.mp4
[2025-08-12 13:01:46,569] [INFO] [logger:55] - 迁移视频 15: user1 -> admin
[2025-08-12 13:01:46,570] [WARNING] [logger:66] - 新路径不存在，跳过迁移视频 15: workstore/admin/白雪公主的童话/output.mp4
[2025-08-12 13:01:46,570] [INFO] [logger:55] - 迁移视频 18: user3 -> test2
[2025-08-12 13:01:46,570] [WARNING] [logger:66] - 新路径不存在，跳过迁移视频 18: workstore/test2/坚持的力量/output.mp4
[2025-08-12 13:01:46,570] [INFO] [logger:55] - 迁移视频 19: user6 -> test4
[2025-08-12 13:01:46,570] [WARNING] [logger:66] - 新路径不存在，跳过迁移视频 19: workstore/test4/白雪公主的故事/output.mp4
[2025-08-12 13:01:46,570] [INFO] [logger:55] - 迁移视频 26: user6 -> test4
[2025-08-12 13:01:46,570] [WARNING] [logger:66] - 新路径不存在，跳过迁移视频 26: workstore/test4/人性弱点智慧/output.mp4
[2025-08-12 13:01:46,570] [INFO] [logger:55] - 迁移视频 27: user6 -> test4
[2025-08-12 13:01:46,570] [WARNING] [logger:66] - 新路径不存在，跳过迁移视频 27: workstore/test4/达克效应之谜/output.mp4
[2025-08-12 13:01:46,570] [INFO] [logger:55] - 迁移视频 32: user6 -> test4
[2025-08-12 13:01:46,570] [WARNING] [logger:66] - 新路径不存在，跳过迁移视频 32: workstore/test4/《金刚经》第一品：法会因由分/output.mp4
[2025-08-12 13:01:46,570] [INFO] [logger:55] - 迁移视频 33: user6 -> test4
[2025-08-12 13:01:46,570] [WARNING] [logger:66] - 新路径不存在，跳过迁移视频 33: workstore/test4/《金刚经》第二品善现启请分/output.mp4
[2025-08-12 13:01:46,570] [INFO] [logger:55] - 迁移视频 34: user1 -> admin
[2025-08-12 13:01:46,570] [WARNING] [logger:66] - 新路径不存在，跳过迁移视频 34: workstore/admin/小红帽的森林奇遇/output.mp4
[2025-08-12 13:01:46,571] [INFO] [logger:55] - 迁移视频 35: user8 -> test9
[2025-08-12 13:01:46,571] [WARNING] [logger:66] - 新路径不存在，跳过迁移视频 35: workstore/test9/《金刚经》第五品 如理实见分/output.mp4
[2025-08-12 13:01:46,571] [INFO] [logger:55] - 迁移视频 36: user8 -> test9
[2025-08-12 13:01:46,571] [WARNING] [logger:66] - 新路径不存在，跳过迁移视频 36: workstore/test9/《金刚经》第六品 正信希有分/output.mp4
[2025-08-12 13:01:46,571] [INFO] [logger:55] - 迁移视频 37: user1 -> admin
[2025-08-12 13:01:46,571] [WARNING] [logger:66] - 新路径不存在，跳过迁移视频 37: workstore/admin/停止按钮背后的故事/output.mp4
[2025-08-12 13:01:46,571] [INFO] [logger:55] - 迁移视频 38: user1 -> admin
[2025-08-12 13:01:46,571] [WARNING] [logger:66] - 新路径不存在，跳过迁移视频 38: workstore/admin/《金刚经》第八品 依法出生分/output.mp4
[2025-08-12 13:01:46,572] [INFO] [logger:55] - 视频路径迁移完成，共迁移 0 个视频
[2025-08-12 13:01:46,573] [INFO] [logger:55] - 没有发现中断的任务
[2025-08-12 13:01:46,573] [INFO] [logger:55] - 任务恢复完成
[2025-08-12 13:01:46,573] [INFO] [logger:55] - 没有等待中的任务需要启动
[2025-08-12 13:01:46,573] [INFO] [logger:55] - 任务恢复检查完成
[2025-08-12 13:01:46,573] [INFO] [logger:55] - 百速一键AI视频生成应用服务器已启动，监听端口: 5001
[2025-08-12 13:01:46,650] [INFO] [logger:55] - 百速一键AI视频生成应用正在启动... 时间: 2025-08-12 13:01:46
[2025-08-12 13:01:46,650] [INFO] [logger:55] - 正在初始化数据库...
[2025-08-12 13:01:47,407] [INFO] [logger:55] - 数据库初始化完成
[2025-08-12 13:01:47,407] [INFO] [logger:55] - 正在检查AI服务配置...
[2025-08-12 13:01:47,407] [WARNING] [logger:66] - 缺少环境变量: QWEN_API_KEY, COSYVOICE_API_KEY
[2025-08-12 13:01:47,433] [INFO] [logger:55] - LLM服务初始化成功
[2025-08-12 13:01:47,433] [INFO] [logger:55] - 图片生成服务初始化成功
[2025-08-12 13:01:47,433] [INFO] [logger:55] - TTS服务初始化成功
[2025-08-12 13:01:47,435] [INFO] [logger:55] - AI服务检查完成
[2025-08-12 13:01:47,435] [INFO] [logger:55] - 正在检查并恢复中断的任务...
[2025-08-12 13:01:47,435] [INFO] [logger:55] - 检查服务器启动时是否有中断的任务需要恢复...
[2025-08-12 13:01:47,446] [INFO] [logger:55] - 开始迁移视频路径...
[2025-08-12 13:01:47,446] [INFO] [logger:55] - 迁移视频 13: user1 -> admin
[2025-08-12 13:01:47,446] [WARNING] [logger:66] - 新路径不存在，跳过迁移视频 13: workstore/admin/纳什均衡解析/output.mp4
[2025-08-12 13:01:47,446] [INFO] [logger:55] - 迁移视频 15: user1 -> admin
[2025-08-12 13:01:47,446] [WARNING] [logger:66] - 新路径不存在，跳过迁移视频 15: workstore/admin/白雪公主的童话/output.mp4
[2025-08-12 13:01:47,446] [INFO] [logger:55] - 迁移视频 18: user3 -> test2
[2025-08-12 13:01:47,446] [WARNING] [logger:66] - 新路径不存在，跳过迁移视频 18: workstore/test2/坚持的力量/output.mp4
[2025-08-12 13:01:47,446] [INFO] [logger:55] - 迁移视频 19: user6 -> test4
[2025-08-12 13:01:47,446] [WARNING] [logger:66] - 新路径不存在，跳过迁移视频 19: workstore/test4/白雪公主的故事/output.mp4
[2025-08-12 13:01:47,446] [INFO] [logger:55] - 迁移视频 26: user6 -> test4
[2025-08-12 13:01:47,446] [WARNING] [logger:66] - 新路径不存在，跳过迁移视频 26: workstore/test4/人性弱点智慧/output.mp4
[2025-08-12 13:01:47,446] [INFO] [logger:55] - 迁移视频 27: user6 -> test4
[2025-08-12 13:01:47,446] [WARNING] [logger:66] - 新路径不存在，跳过迁移视频 27: workstore/test4/达克效应之谜/output.mp4
[2025-08-12 13:01:47,446] [INFO] [logger:55] - 迁移视频 32: user6 -> test4
[2025-08-12 13:01:47,446] [WARNING] [logger:66] - 新路径不存在，跳过迁移视频 32: workstore/test4/《金刚经》第一品：法会因由分/output.mp4
[2025-08-12 13:01:47,446] [INFO] [logger:55] - 迁移视频 33: user6 -> test4
[2025-08-12 13:01:47,446] [WARNING] [logger:66] - 新路径不存在，跳过迁移视频 33: workstore/test4/《金刚经》第二品善现启请分/output.mp4
[2025-08-12 13:01:47,447] [INFO] [logger:55] - 迁移视频 34: user1 -> admin
[2025-08-12 13:01:47,447] [WARNING] [logger:66] - 新路径不存在，跳过迁移视频 34: workstore/admin/小红帽的森林奇遇/output.mp4
[2025-08-12 13:01:47,447] [INFO] [logger:55] - 迁移视频 35: user8 -> test9
[2025-08-12 13:01:47,447] [WARNING] [logger:66] - 新路径不存在，跳过迁移视频 35: workstore/test9/《金刚经》第五品 如理实见分/output.mp4
[2025-08-12 13:01:47,447] [INFO] [logger:55] - 迁移视频 36: user8 -> test9
[2025-08-12 13:01:47,447] [WARNING] [logger:66] - 新路径不存在，跳过迁移视频 36: workstore/test9/《金刚经》第六品 正信希有分/output.mp4
[2025-08-12 13:01:47,447] [INFO] [logger:55] - 迁移视频 37: user1 -> admin
[2025-08-12 13:01:47,447] [WARNING] [logger:66] - 新路径不存在，跳过迁移视频 37: workstore/admin/停止按钮背后的故事/output.mp4
[2025-08-12 13:01:47,447] [INFO] [logger:55] - 迁移视频 38: user1 -> admin
[2025-08-12 13:01:47,447] [WARNING] [logger:66] - 新路径不存在，跳过迁移视频 38: workstore/admin/《金刚经》第八品 依法出生分/output.mp4
[2025-08-12 13:01:47,448] [INFO] [logger:55] - 视频路径迁移完成，共迁移 0 个视频
[2025-08-12 13:01:47,449] [INFO] [logger:55] - 没有发现中断的任务
[2025-08-12 13:01:47,449] [INFO] [logger:55] - 任务恢复完成
[2025-08-12 13:01:47,449] [INFO] [logger:55] - 没有等待中的任务需要启动
[2025-08-12 13:01:47,450] [INFO] [logger:55] - 任务恢复检查完成
[2025-08-12 13:01:47,450] [INFO] [logger:55] - 百速一键AI视频生成应用服务器已启动，监听端口: 5001
[2025-08-12 13:02:27,232] [INFO] [logger:55] - 正在检查并恢复中断的任务...
[2025-08-12 13:02:27,232] [INFO] [logger:55] - 检查服务器启动时是否有中断的任务需要恢复...
[2025-08-12 13:02:27,236] [INFO] [logger:55] - 开始迁移视频路径...
[2025-08-12 13:02:27,236] [INFO] [logger:55] - 迁移视频 13: user1 -> admin
[2025-08-12 13:02:27,236] [WARNING] [logger:66] - 新路径不存在，跳过迁移视频 13: workstore/admin/纳什均衡解析/output.mp4
[2025-08-12 13:02:27,236] [INFO] [logger:55] - 迁移视频 15: user1 -> admin
[2025-08-12 13:02:27,236] [WARNING] [logger:66] - 新路径不存在，跳过迁移视频 15: workstore/admin/白雪公主的童话/output.mp4
[2025-08-12 13:02:27,236] [INFO] [logger:55] - 迁移视频 18: user3 -> test2
[2025-08-12 13:02:27,236] [WARNING] [logger:66] - 新路径不存在，跳过迁移视频 18: workstore/test2/坚持的力量/output.mp4
[2025-08-12 13:02:27,237] [INFO] [logger:55] - 迁移视频 19: user6 -> test4
[2025-08-12 13:02:27,237] [WARNING] [logger:66] - 新路径不存在，跳过迁移视频 19: workstore/test4/白雪公主的故事/output.mp4
[2025-08-12 13:02:27,237] [INFO] [logger:55] - 迁移视频 26: user6 -> test4
[2025-08-12 13:02:27,237] [WARNING] [logger:66] - 新路径不存在，跳过迁移视频 26: workstore/test4/人性弱点智慧/output.mp4
[2025-08-12 13:02:27,237] [INFO] [logger:55] - 迁移视频 27: user6 -> test4
[2025-08-12 13:02:27,237] [WARNING] [logger:66] - 新路径不存在，跳过迁移视频 27: workstore/test4/达克效应之谜/output.mp4
[2025-08-12 13:02:27,237] [INFO] [logger:55] - 迁移视频 32: user6 -> test4
[2025-08-12 13:02:27,237] [WARNING] [logger:66] - 新路径不存在，跳过迁移视频 32: workstore/test4/《金刚经》第一品：法会因由分/output.mp4
[2025-08-12 13:02:27,237] [INFO] [logger:55] - 迁移视频 33: user6 -> test4
[2025-08-12 13:02:27,238] [WARNING] [logger:66] - 新路径不存在，跳过迁移视频 33: workstore/test4/《金刚经》第二品善现启请分/output.mp4
[2025-08-12 13:02:27,238] [INFO] [logger:55] - 迁移视频 34: user1 -> admin
[2025-08-12 13:02:27,238] [WARNING] [logger:66] - 新路径不存在，跳过迁移视频 34: workstore/admin/小红帽的森林奇遇/output.mp4
[2025-08-12 13:02:27,238] [INFO] [logger:55] - 迁移视频 35: user8 -> test9
[2025-08-12 13:02:27,238] [WARNING] [logger:66] - 新路径不存在，跳过迁移视频 35: workstore/test9/《金刚经》第五品 如理实见分/output.mp4
[2025-08-12 13:02:27,238] [INFO] [logger:55] - 迁移视频 36: user8 -> test9
[2025-08-12 13:02:27,238] [WARNING] [logger:66] - 新路径不存在，跳过迁移视频 36: workstore/test9/《金刚经》第六品 正信希有分/output.mp4
[2025-08-12 13:02:27,239] [INFO] [logger:55] - 迁移视频 37: user1 -> admin
[2025-08-12 13:02:27,239] [WARNING] [logger:66] - 新路径不存在，跳过迁移视频 37: workstore/admin/停止按钮背后的故事/output.mp4
[2025-08-12 13:02:27,239] [INFO] [logger:55] - 迁移视频 38: user1 -> admin
[2025-08-12 13:02:27,239] [WARNING] [logger:66] - 新路径不存在，跳过迁移视频 38: workstore/admin/《金刚经》第八品 依法出生分/output.mp4
[2025-08-12 13:02:27,244] [INFO] [logger:55] - 视频路径迁移完成，共迁移 0 个视频
[2025-08-12 13:02:27,246] [INFO] [logger:55] - 没有发现中断的任务
[2025-08-12 13:02:27,246] [INFO] [logger:55] - 任务恢复完成
[2025-08-12 13:02:27,247] [INFO] [logger:55] - 没有等待中的任务需要启动
[2025-08-12 13:02:27,247] [INFO] [logger:55] - 任务恢复检查完成
[2025-08-12 13:02:28,073] [INFO] [logger:55] - 正在检查并恢复中断的任务...
[2025-08-12 13:02:28,073] [INFO] [logger:55] - 检查服务器启动时是否有中断的任务需要恢复...
[2025-08-12 13:02:28,075] [INFO] [logger:55] - 开始迁移视频路径...
[2025-08-12 13:02:28,076] [INFO] [logger:55] - 迁移视频 13: user1 -> admin
[2025-08-12 13:02:28,076] [WARNING] [logger:66] - 新路径不存在，跳过迁移视频 13: workstore/admin/纳什均衡解析/output.mp4
[2025-08-12 13:02:28,076] [INFO] [logger:55] - 迁移视频 15: user1 -> admin
[2025-08-12 13:02:28,076] [WARNING] [logger:66] - 新路径不存在，跳过迁移视频 15: workstore/admin/白雪公主的童话/output.mp4
[2025-08-12 13:02:28,076] [INFO] [logger:55] - 迁移视频 18: user3 -> test2
[2025-08-12 13:02:28,076] [WARNING] [logger:66] - 新路径不存在，跳过迁移视频 18: workstore/test2/坚持的力量/output.mp4
[2025-08-12 13:02:28,076] [INFO] [logger:55] - 迁移视频 19: user6 -> test4
[2025-08-12 13:02:28,076] [WARNING] [logger:66] - 新路径不存在，跳过迁移视频 19: workstore/test4/白雪公主的故事/output.mp4
[2025-08-12 13:02:28,077] [INFO] [logger:55] - 迁移视频 26: user6 -> test4
[2025-08-12 13:02:28,077] [WARNING] [logger:66] - 新路径不存在，跳过迁移视频 26: workstore/test4/人性弱点智慧/output.mp4
[2025-08-12 13:02:28,077] [INFO] [logger:55] - 迁移视频 27: user6 -> test4
[2025-08-12 13:02:28,077] [WARNING] [logger:66] - 新路径不存在，跳过迁移视频 27: workstore/test4/达克效应之谜/output.mp4
[2025-08-12 13:02:28,077] [INFO] [logger:55] - 迁移视频 32: user6 -> test4
[2025-08-12 13:02:28,077] [WARNING] [logger:66] - 新路径不存在，跳过迁移视频 32: workstore/test4/《金刚经》第一品：法会因由分/output.mp4
[2025-08-12 13:02:28,077] [INFO] [logger:55] - 迁移视频 33: user6 -> test4
[2025-08-12 13:02:28,077] [WARNING] [logger:66] - 新路径不存在，跳过迁移视频 33: workstore/test4/《金刚经》第二品善现启请分/output.mp4
[2025-08-12 13:02:28,077] [INFO] [logger:55] - 迁移视频 34: user1 -> admin
[2025-08-12 13:02:28,077] [WARNING] [logger:66] - 新路径不存在，跳过迁移视频 34: workstore/admin/小红帽的森林奇遇/output.mp4
[2025-08-12 13:02:28,078] [INFO] [logger:55] - 迁移视频 35: user8 -> test9
[2025-08-12 13:02:28,078] [WARNING] [logger:66] - 新路径不存在，跳过迁移视频 35: workstore/test9/《金刚经》第五品 如理实见分/output.mp4
[2025-08-12 13:02:28,078] [INFO] [logger:55] - 迁移视频 36: user8 -> test9
[2025-08-12 13:02:28,078] [WARNING] [logger:66] - 新路径不存在，跳过迁移视频 36: workstore/test9/《金刚经》第六品 正信希有分/output.mp4
[2025-08-12 13:02:28,078] [INFO] [logger:55] - 迁移视频 37: user1 -> admin
[2025-08-12 13:02:28,078] [WARNING] [logger:66] - 新路径不存在，跳过迁移视频 37: workstore/admin/停止按钮背后的故事/output.mp4
[2025-08-12 13:02:28,078] [INFO] [logger:55] - 迁移视频 38: user1 -> admin
[2025-08-12 13:02:28,078] [WARNING] [logger:66] - 新路径不存在，跳过迁移视频 38: workstore/admin/《金刚经》第八品 依法出生分/output.mp4
[2025-08-12 13:02:28,084] [INFO] [logger:55] - 视频路径迁移完成，共迁移 0 个视频
[2025-08-12 13:02:28,086] [INFO] [logger:55] - 没有发现中断的任务
[2025-08-12 13:02:28,086] [INFO] [logger:55] - 任务恢复完成
[2025-08-12 13:02:28,086] [INFO] [logger:55] - 没有等待中的任务需要启动
[2025-08-12 13:02:28,086] [INFO] [logger:55] - 任务恢复检查完成
[2025-08-12 13:06:44,359] [INFO] [logger:55] - 百速一键AI视频生成应用正在启动... 时间: 2025-08-12 13:06:44
[2025-08-12 13:06:44,359] [INFO] [logger:55] - 正在初始化数据库...
[2025-08-12 13:06:45,713] [INFO] [logger:55] - 数据库初始化完成
[2025-08-12 13:06:45,713] [INFO] [logger:55] - 正在检查AI服务配置...
[2025-08-12 13:06:45,713] [WARNING] [logger:66] - 缺少环境变量: QWEN_API_KEY, COSYVOICE_API_KEY
[2025-08-12 13:06:45,755] [INFO] [logger:55] - LLM服务初始化成功
[2025-08-12 13:06:45,755] [INFO] [logger:55] - 图片生成服务初始化成功
[2025-08-12 13:06:45,755] [INFO] [logger:55] - TTS服务初始化成功
[2025-08-12 13:06:45,757] [INFO] [logger:55] - AI服务检查完成
[2025-08-12 13:06:45,757] [INFO] [logger:55] - 正在检查并恢复中断的任务...
[2025-08-12 13:06:45,757] [INFO] [logger:55] - 检查服务器启动时是否有中断的任务需要恢复...
[2025-08-12 13:06:45,771] [INFO] [logger:55] - 开始迁移视频路径...
[2025-08-12 13:06:45,771] [INFO] [logger:55] - 迁移视频 13: user1 -> admin
[2025-08-12 13:06:45,771] [WARNING] [logger:66] - 新路径不存在，跳过迁移视频 13: workstore/admin/纳什均衡解析/output.mp4
[2025-08-12 13:06:45,771] [INFO] [logger:55] - 迁移视频 15: user1 -> admin
[2025-08-12 13:06:45,771] [WARNING] [logger:66] - 新路径不存在，跳过迁移视频 15: workstore/admin/白雪公主的童话/output.mp4
[2025-08-12 13:06:45,771] [INFO] [logger:55] - 迁移视频 18: user3 -> test2
[2025-08-12 13:06:45,771] [WARNING] [logger:66] - 新路径不存在，跳过迁移视频 18: workstore/test2/坚持的力量/output.mp4
[2025-08-12 13:06:45,771] [INFO] [logger:55] - 迁移视频 19: user6 -> test4
[2025-08-12 13:06:45,771] [WARNING] [logger:66] - 新路径不存在，跳过迁移视频 19: workstore/test4/白雪公主的故事/output.mp4
[2025-08-12 13:06:45,771] [INFO] [logger:55] - 迁移视频 26: user6 -> test4
[2025-08-12 13:06:45,771] [WARNING] [logger:66] - 新路径不存在，跳过迁移视频 26: workstore/test4/人性弱点智慧/output.mp4
[2025-08-12 13:06:45,771] [INFO] [logger:55] - 迁移视频 27: user6 -> test4
[2025-08-12 13:06:45,771] [WARNING] [logger:66] - 新路径不存在，跳过迁移视频 27: workstore/test4/达克效应之谜/output.mp4
[2025-08-12 13:06:45,772] [INFO] [logger:55] - 迁移视频 32: user6 -> test4
[2025-08-12 13:06:45,772] [WARNING] [logger:66] - 新路径不存在，跳过迁移视频 32: workstore/test4/《金刚经》第一品：法会因由分/output.mp4
[2025-08-12 13:06:45,772] [INFO] [logger:55] - 迁移视频 33: user6 -> test4
[2025-08-12 13:06:45,772] [WARNING] [logger:66] - 新路径不存在，跳过迁移视频 33: workstore/test4/《金刚经》第二品善现启请分/output.mp4
[2025-08-12 13:06:45,772] [INFO] [logger:55] - 迁移视频 34: user1 -> admin
[2025-08-12 13:06:45,772] [WARNING] [logger:66] - 新路径不存在，跳过迁移视频 34: workstore/admin/小红帽的森林奇遇/output.mp4
[2025-08-12 13:06:45,772] [INFO] [logger:55] - 迁移视频 35: user8 -> test9
[2025-08-12 13:06:45,772] [WARNING] [logger:66] - 新路径不存在，跳过迁移视频 35: workstore/test9/《金刚经》第五品 如理实见分/output.mp4
[2025-08-12 13:06:45,772] [INFO] [logger:55] - 迁移视频 36: user8 -> test9
[2025-08-12 13:06:45,772] [WARNING] [logger:66] - 新路径不存在，跳过迁移视频 36: workstore/test9/《金刚经》第六品 正信希有分/output.mp4
[2025-08-12 13:06:45,772] [INFO] [logger:55] - 迁移视频 37: user1 -> admin
[2025-08-12 13:06:45,772] [WARNING] [logger:66] - 新路径不存在，跳过迁移视频 37: workstore/admin/停止按钮背后的故事/output.mp4
[2025-08-12 13:06:45,772] [INFO] [logger:55] - 迁移视频 38: user1 -> admin
[2025-08-12 13:06:45,772] [WARNING] [logger:66] - 新路径不存在，跳过迁移视频 38: workstore/admin/《金刚经》第八品 依法出生分/output.mp4
[2025-08-12 13:06:45,773] [INFO] [logger:55] - 视频路径迁移完成，共迁移 0 个视频
[2025-08-12 13:06:45,775] [INFO] [logger:55] - 没有发现中断的任务
[2025-08-12 13:06:45,775] [INFO] [logger:55] - 任务恢复完成
[2025-08-12 13:06:45,775] [INFO] [logger:55] - 没有等待中的任务需要启动
[2025-08-12 13:06:45,775] [INFO] [logger:55] - 任务恢复检查完成
[2025-08-12 13:06:45,775] [INFO] [logger:55] - 百速一键AI视频生成应用服务器已启动，监听端口: 5001
[2025-08-12 13:06:45,853] [INFO] [logger:55] - 百速一键AI视频生成应用正在启动... 时间: 2025-08-12 13:06:45
[2025-08-12 13:06:45,853] [INFO] [logger:55] - 正在初始化数据库...
[2025-08-12 13:06:46,908] [INFO] [logger:55] - 数据库初始化完成
[2025-08-12 13:06:46,909] [INFO] [logger:55] - 正在检查AI服务配置...
[2025-08-12 13:06:46,909] [WARNING] [logger:66] - 缺少环境变量: QWEN_API_KEY, COSYVOICE_API_KEY
[2025-08-12 13:06:46,940] [INFO] [logger:55] - LLM服务初始化成功
[2025-08-12 13:06:46,940] [INFO] [logger:55] - 图片生成服务初始化成功
[2025-08-12 13:06:46,940] [INFO] [logger:55] - TTS服务初始化成功
[2025-08-12 13:06:46,942] [INFO] [logger:55] - AI服务检查完成
[2025-08-12 13:06:46,942] [INFO] [logger:55] - 正在检查并恢复中断的任务...
[2025-08-12 13:06:46,942] [INFO] [logger:55] - 检查服务器启动时是否有中断的任务需要恢复...
[2025-08-12 13:06:46,954] [INFO] [logger:55] - 开始迁移视频路径...
[2025-08-12 13:06:46,954] [INFO] [logger:55] - 迁移视频 13: user1 -> admin
[2025-08-12 13:06:46,954] [WARNING] [logger:66] - 新路径不存在，跳过迁移视频 13: workstore/admin/纳什均衡解析/output.mp4
[2025-08-12 13:06:46,954] [INFO] [logger:55] - 迁移视频 15: user1 -> admin
[2025-08-12 13:06:46,954] [WARNING] [logger:66] - 新路径不存在，跳过迁移视频 15: workstore/admin/白雪公主的童话/output.mp4
[2025-08-12 13:06:46,954] [INFO] [logger:55] - 迁移视频 18: user3 -> test2
[2025-08-12 13:06:46,954] [WARNING] [logger:66] - 新路径不存在，跳过迁移视频 18: workstore/test2/坚持的力量/output.mp4
[2025-08-12 13:06:46,955] [INFO] [logger:55] - 迁移视频 19: user6 -> test4
[2025-08-12 13:06:46,955] [WARNING] [logger:66] - 新路径不存在，跳过迁移视频 19: workstore/test4/白雪公主的故事/output.mp4
[2025-08-12 13:06:46,955] [INFO] [logger:55] - 迁移视频 26: user6 -> test4
[2025-08-12 13:06:46,955] [WARNING] [logger:66] - 新路径不存在，跳过迁移视频 26: workstore/test4/人性弱点智慧/output.mp4
[2025-08-12 13:06:46,955] [INFO] [logger:55] - 迁移视频 27: user6 -> test4
[2025-08-12 13:06:46,955] [WARNING] [logger:66] - 新路径不存在，跳过迁移视频 27: workstore/test4/达克效应之谜/output.mp4
[2025-08-12 13:06:46,955] [INFO] [logger:55] - 迁移视频 32: user6 -> test4
[2025-08-12 13:06:46,955] [WARNING] [logger:66] - 新路径不存在，跳过迁移视频 32: workstore/test4/《金刚经》第一品：法会因由分/output.mp4
[2025-08-12 13:06:46,955] [INFO] [logger:55] - 迁移视频 33: user6 -> test4
[2025-08-12 13:06:46,955] [WARNING] [logger:66] - 新路径不存在，跳过迁移视频 33: workstore/test4/《金刚经》第二品善现启请分/output.mp4
[2025-08-12 13:06:46,955] [INFO] [logger:55] - 迁移视频 34: user1 -> admin
[2025-08-12 13:06:46,955] [WARNING] [logger:66] - 新路径不存在，跳过迁移视频 34: workstore/admin/小红帽的森林奇遇/output.mp4
[2025-08-12 13:06:46,955] [INFO] [logger:55] - 迁移视频 35: user8 -> test9
[2025-08-12 13:06:46,955] [WARNING] [logger:66] - 新路径不存在，跳过迁移视频 35: workstore/test9/《金刚经》第五品 如理实见分/output.mp4
[2025-08-12 13:06:46,955] [INFO] [logger:55] - 迁移视频 36: user8 -> test9
[2025-08-12 13:06:46,955] [WARNING] [logger:66] - 新路径不存在，跳过迁移视频 36: workstore/test9/《金刚经》第六品 正信希有分/output.mp4
[2025-08-12 13:06:46,956] [INFO] [logger:55] - 迁移视频 37: user1 -> admin
[2025-08-12 13:06:46,956] [WARNING] [logger:66] - 新路径不存在，跳过迁移视频 37: workstore/admin/停止按钮背后的故事/output.mp4
[2025-08-12 13:06:46,956] [INFO] [logger:55] - 迁移视频 38: user1 -> admin
[2025-08-12 13:06:46,956] [WARNING] [logger:66] - 新路径不存在，跳过迁移视频 38: workstore/admin/《金刚经》第八品 依法出生分/output.mp4
[2025-08-12 13:06:46,957] [INFO] [logger:55] - 视频路径迁移完成，共迁移 0 个视频
[2025-08-12 13:06:46,958] [INFO] [logger:55] - 没有发现中断的任务
[2025-08-12 13:06:46,958] [INFO] [logger:55] - 任务恢复完成
[2025-08-12 13:06:46,958] [INFO] [logger:55] - 没有等待中的任务需要启动
[2025-08-12 13:06:46,958] [INFO] [logger:55] - 任务恢复检查完成
[2025-08-12 13:06:46,958] [INFO] [logger:55] - 百速一键AI视频生成应用服务器已启动，监听端口: 5001
[2025-08-13 08:33:02,719] [INFO] [logger:55] - 用户 admin 生成视频扣除了 1 条额度，剩余 51 条
[2025-08-13 08:33:02,725] [INFO] [logger:55] - 用户 admin 的任务已加入队列，任务ID: 40
[2025-08-13 08:33:02,737] [INFO] [logger:55] - 开始处理用户 admin 的队列任务，任务ID: 40, 视频ID: 93
[2025-08-13 08:35:48,563] [ERROR] [logger:62] - 队列视频生成任务失败: Connection error.
[2025-08-13 08:38:49,033] [INFO] [logger:55] - 用户 admin 查看我的视频页面，共 10 个视频
[2025-08-13 08:38:49,486] [INFO] [app:2569] - 请求 workstore 文件: admin/解读《庄子》外篇·至乐/covers/cover_4:3.png
[2025-08-13 08:38:49,488] [INFO] [app:2569] - 请求 workstore 文件: admin/解读《庄子》外篇·天地/covers/cover_4:3.png
[2025-08-13 08:38:49,493] [INFO] [app:2569] - 请求 workstore 文件: admin/解读《庄子》外篇·骈拇/covers/cover_4:3.png
[2025-08-13 08:38:49,496] [INFO] [app:2569] - 请求 workstore 文件: admin/解读《庄子》外篇·胠箧/covers/cover_4:3.png
[2025-08-13 08:38:49,500] [INFO] [app:2569] - 请求 workstore 文件: admin/天运转念解心忧/covers/cover_4:3.png
[2025-08-13 08:38:49,501] [INFO] [app:2569] - 请求 workstore 文件: admin/解读《庄子》内篇·大宗师/covers/cover_4:3.png
[2025-08-13 08:38:49,509] [INFO] [app:2569] - 请求 workstore 文件: admin/解读《庄子》内篇·人间世/covers/cover_4:3.png
[2025-08-13 08:40:39,892] [INFO] [logger:55] - 百速一键AI视频生成应用正在启动... 时间: 2025-08-13 08:40:39
[2025-08-13 08:40:39,892] [INFO] [logger:55] - 正在初始化数据库...
[2025-08-13 08:40:44,482] [INFO] [logger:55] - 数据库初始化完成
[2025-08-13 08:40:44,483] [INFO] [logger:55] - 正在检查AI服务配置...
[2025-08-13 08:40:44,483] [WARNING] [logger:66] - 缺少环境变量: QWEN_API_KEY, COSYVOICE_API_KEY
[2025-08-13 08:40:44,515] [INFO] [logger:55] - LLM服务初始化成功
[2025-08-13 08:40:44,515] [INFO] [logger:55] - 图片生成服务初始化成功
[2025-08-13 08:40:44,515] [INFO] [logger:55] - TTS服务初始化成功
[2025-08-13 08:40:44,517] [INFO] [logger:55] - AI服务检查完成
[2025-08-13 08:40:44,517] [INFO] [logger:55] - 正在检查并恢复中断的任务...
[2025-08-13 08:40:44,517] [INFO] [logger:55] - 检查服务器启动时是否有中断的任务需要恢复...
[2025-08-13 08:40:44,529] [INFO] [logger:55] - 开始迁移视频路径...
[2025-08-13 08:40:44,529] [INFO] [logger:55] - 迁移视频 13: user1 -> admin
[2025-08-13 08:40:44,529] [WARNING] [logger:66] - 新路径不存在，跳过迁移视频 13: workstore/admin/纳什均衡解析/output.mp4
[2025-08-13 08:40:44,529] [INFO] [logger:55] - 迁移视频 15: user1 -> admin
[2025-08-13 08:40:44,530] [WARNING] [logger:66] - 新路径不存在，跳过迁移视频 15: workstore/admin/白雪公主的童话/output.mp4
[2025-08-13 08:40:44,530] [INFO] [logger:55] - 迁移视频 18: user3 -> test2
[2025-08-13 08:40:44,530] [WARNING] [logger:66] - 新路径不存在，跳过迁移视频 18: workstore/test2/坚持的力量/output.mp4
[2025-08-13 08:40:44,530] [INFO] [logger:55] - 迁移视频 19: user6 -> test4
[2025-08-13 08:40:44,530] [WARNING] [logger:66] - 新路径不存在，跳过迁移视频 19: workstore/test4/白雪公主的故事/output.mp4
[2025-08-13 08:40:44,530] [INFO] [logger:55] - 迁移视频 26: user6 -> test4
[2025-08-13 08:40:44,530] [WARNING] [logger:66] - 新路径不存在，跳过迁移视频 26: workstore/test4/人性弱点智慧/output.mp4
[2025-08-13 08:40:44,530] [INFO] [logger:55] - 迁移视频 27: user6 -> test4
[2025-08-13 08:40:44,530] [WARNING] [logger:66] - 新路径不存在，跳过迁移视频 27: workstore/test4/达克效应之谜/output.mp4
[2025-08-13 08:40:44,530] [INFO] [logger:55] - 迁移视频 32: user6 -> test4
[2025-08-13 08:40:44,530] [WARNING] [logger:66] - 新路径不存在，跳过迁移视频 32: workstore/test4/《金刚经》第一品：法会因由分/output.mp4
[2025-08-13 08:40:44,530] [INFO] [logger:55] - 迁移视频 33: user6 -> test4
[2025-08-13 08:40:44,530] [WARNING] [logger:66] - 新路径不存在，跳过迁移视频 33: workstore/test4/《金刚经》第二品善现启请分/output.mp4
[2025-08-13 08:40:44,530] [INFO] [logger:55] - 迁移视频 34: user1 -> admin
[2025-08-13 08:40:44,530] [WARNING] [logger:66] - 新路径不存在，跳过迁移视频 34: workstore/admin/小红帽的森林奇遇/output.mp4
[2025-08-13 08:40:44,531] [INFO] [logger:55] - 迁移视频 35: user8 -> test9
[2025-08-13 08:40:44,531] [WARNING] [logger:66] - 新路径不存在，跳过迁移视频 35: workstore/test9/《金刚经》第五品 如理实见分/output.mp4
[2025-08-13 08:40:44,531] [INFO] [logger:55] - 迁移视频 36: user8 -> test9
[2025-08-13 08:40:44,531] [WARNING] [logger:66] - 新路径不存在，跳过迁移视频 36: workstore/test9/《金刚经》第六品 正信希有分/output.mp4
[2025-08-13 08:40:44,531] [INFO] [logger:55] - 迁移视频 37: user1 -> admin
[2025-08-13 08:40:44,531] [WARNING] [logger:66] - 新路径不存在，跳过迁移视频 37: workstore/admin/停止按钮背后的故事/output.mp4
[2025-08-13 08:40:44,531] [INFO] [logger:55] - 迁移视频 38: user1 -> admin
[2025-08-13 08:40:44,531] [WARNING] [logger:66] - 新路径不存在，跳过迁移视频 38: workstore/admin/《金刚经》第八品 依法出生分/output.mp4
[2025-08-13 08:40:44,532] [INFO] [logger:55] - 视频路径迁移完成，共迁移 0 个视频
[2025-08-13 08:40:44,533] [INFO] [logger:55] - 没有发现中断的任务
[2025-08-13 08:40:44,533] [INFO] [logger:55] - 任务恢复完成
[2025-08-13 08:40:44,533] [INFO] [logger:55] - 没有等待中的任务需要启动
[2025-08-13 08:40:44,533] [INFO] [logger:55] - 任务恢复检查完成
[2025-08-13 08:40:44,533] [INFO] [logger:55] - 百速一键AI视频生成应用服务器已启动，监听端口: 5001
[2025-08-13 08:40:44,627] [INFO] [logger:55] - 百速一键AI视频生成应用正在启动... 时间: 2025-08-13 08:40:44
[2025-08-13 08:40:44,627] [INFO] [logger:55] - 正在初始化数据库...
[2025-08-13 08:40:45,630] [INFO] [logger:55] - 数据库初始化完成
[2025-08-13 08:40:45,630] [INFO] [logger:55] - 正在检查AI服务配置...
[2025-08-13 08:40:45,630] [WARNING] [logger:66] - 缺少环境变量: QWEN_API_KEY, COSYVOICE_API_KEY
[2025-08-13 08:40:45,660] [INFO] [logger:55] - LLM服务初始化成功
[2025-08-13 08:40:45,660] [INFO] [logger:55] - 图片生成服务初始化成功
[2025-08-13 08:40:45,660] [INFO] [logger:55] - TTS服务初始化成功
[2025-08-13 08:40:45,662] [INFO] [logger:55] - AI服务检查完成
[2025-08-13 08:40:45,662] [INFO] [logger:55] - 正在检查并恢复中断的任务...
[2025-08-13 08:40:45,662] [INFO] [logger:55] - 检查服务器启动时是否有中断的任务需要恢复...
[2025-08-13 08:40:45,673] [INFO] [logger:55] - 开始迁移视频路径...
[2025-08-13 08:40:45,674] [INFO] [logger:55] - 迁移视频 13: user1 -> admin
[2025-08-13 08:40:45,674] [WARNING] [logger:66] - 新路径不存在，跳过迁移视频 13: workstore/admin/纳什均衡解析/output.mp4
[2025-08-13 08:40:45,674] [INFO] [logger:55] - 迁移视频 15: user1 -> admin
[2025-08-13 08:40:45,674] [WARNING] [logger:66] - 新路径不存在，跳过迁移视频 15: workstore/admin/白雪公主的童话/output.mp4
[2025-08-13 08:40:45,674] [INFO] [logger:55] - 迁移视频 18: user3 -> test2
[2025-08-13 08:40:45,674] [WARNING] [logger:66] - 新路径不存在，跳过迁移视频 18: workstore/test2/坚持的力量/output.mp4
[2025-08-13 08:40:45,674] [INFO] [logger:55] - 迁移视频 19: user6 -> test4
[2025-08-13 08:40:45,674] [WARNING] [logger:66] - 新路径不存在，跳过迁移视频 19: workstore/test4/白雪公主的故事/output.mp4
[2025-08-13 08:40:45,674] [INFO] [logger:55] - 迁移视频 26: user6 -> test4
[2025-08-13 08:40:45,674] [WARNING] [logger:66] - 新路径不存在，跳过迁移视频 26: workstore/test4/人性弱点智慧/output.mp4
[2025-08-13 08:40:45,674] [INFO] [logger:55] - 迁移视频 27: user6 -> test4
[2025-08-13 08:40:45,674] [WARNING] [logger:66] - 新路径不存在，跳过迁移视频 27: workstore/test4/达克效应之谜/output.mp4
[2025-08-13 08:40:45,674] [INFO] [logger:55] - 迁移视频 32: user6 -> test4
[2025-08-13 08:40:45,674] [WARNING] [logger:66] - 新路径不存在，跳过迁移视频 32: workstore/test4/《金刚经》第一品：法会因由分/output.mp4
[2025-08-13 08:40:45,674] [INFO] [logger:55] - 迁移视频 33: user6 -> test4
[2025-08-13 08:40:45,674] [WARNING] [logger:66] - 新路径不存在，跳过迁移视频 33: workstore/test4/《金刚经》第二品善现启请分/output.mp4
[2025-08-13 08:40:45,675] [INFO] [logger:55] - 迁移视频 34: user1 -> admin
[2025-08-13 08:40:45,675] [WARNING] [logger:66] - 新路径不存在，跳过迁移视频 34: workstore/admin/小红帽的森林奇遇/output.mp4
[2025-08-13 08:40:45,675] [INFO] [logger:55] - 迁移视频 35: user8 -> test9
[2025-08-13 08:40:45,675] [WARNING] [logger:66] - 新路径不存在，跳过迁移视频 35: workstore/test9/《金刚经》第五品 如理实见分/output.mp4
[2025-08-13 08:40:45,675] [INFO] [logger:55] - 迁移视频 36: user8 -> test9
[2025-08-13 08:40:45,675] [WARNING] [logger:66] - 新路径不存在，跳过迁移视频 36: workstore/test9/《金刚经》第六品 正信希有分/output.mp4
[2025-08-13 08:40:45,675] [INFO] [logger:55] - 迁移视频 37: user1 -> admin
[2025-08-13 08:40:45,675] [WARNING] [logger:66] - 新路径不存在，跳过迁移视频 37: workstore/admin/停止按钮背后的故事/output.mp4
[2025-08-13 08:40:45,675] [INFO] [logger:55] - 迁移视频 38: user1 -> admin
[2025-08-13 08:40:45,675] [WARNING] [logger:66] - 新路径不存在，跳过迁移视频 38: workstore/admin/《金刚经》第八品 依法出生分/output.mp4
[2025-08-13 08:40:45,676] [INFO] [logger:55] - 视频路径迁移完成，共迁移 0 个视频
[2025-08-13 08:40:45,677] [INFO] [logger:55] - 没有发现中断的任务
[2025-08-13 08:40:45,677] [INFO] [logger:55] - 任务恢复完成
[2025-08-13 08:40:45,677] [INFO] [logger:55] - 没有等待中的任务需要启动
[2025-08-13 08:40:45,677] [INFO] [logger:55] - 任务恢复检查完成
[2025-08-13 08:40:45,678] [INFO] [logger:55] - 百速一键AI视频生成应用服务器已启动，监听端口: 5001
[2025-08-13 08:43:22,398] [INFO] [logger:55] - 用户 admin 生成视频扣除了 1 条额度，剩余 50 条
[2025-08-13 08:43:22,405] [INFO] [logger:55] - 用户 admin 的任务已加入队列，任务ID: 41
[2025-08-13 08:43:22,426] [INFO] [logger:55] - 开始处理用户 admin 的队列任务，任务ID: 41, 视频ID: 94
[2025-08-13 08:46:07,615] [ERROR] [logger:62] - 队列视频生成任务失败: Connection error.
[2025-08-13 09:15:24,343] [INFO] [logger:55] - 用户 admin 查看我的视频页面，共 10 个视频
[2025-08-13 09:15:24,784] [INFO] [app:2569] - 请求 workstore 文件: admin/天运转念解心忧/covers/cover_4:3.png
[2025-08-13 09:15:24,787] [INFO] [app:2569] - 请求 workstore 文件: admin/解读《庄子》外篇·至乐/covers/cover_4:3.png
[2025-08-13 09:15:24,790] [INFO] [app:2569] - 请求 workstore 文件: admin/解读《庄子》外篇·胠箧/covers/cover_4:3.png
[2025-08-13 09:15:24,791] [INFO] [app:2569] - 请求 workstore 文件: admin/解读《庄子》外篇·天地/covers/cover_4:3.png
[2025-08-13 09:15:24,793] [INFO] [app:2569] - 请求 workstore 文件: admin/解读《庄子》外篇·骈拇/covers/cover_4:3.png
[2025-08-13 09:15:24,797] [INFO] [app:2569] - 请求 workstore 文件: admin/解读《庄子》内篇·大宗师/covers/cover_4:3.png
[2025-08-13 09:18:52,934] [INFO] [logger:55] - 正在检查并恢复中断的任务...
[2025-08-13 09:18:52,935] [INFO] [logger:55] - 检查服务器启动时是否有中断的任务需要恢复...
[2025-08-13 09:18:52,939] [INFO] [logger:55] - 开始迁移视频路径...
[2025-08-13 09:18:52,939] [INFO] [logger:55] - 迁移视频 13: user1 -> admin
[2025-08-13 09:18:52,939] [WARNING] [logger:66] - 新路径不存在，跳过迁移视频 13: workstore/admin/纳什均衡解析/output.mp4
[2025-08-13 09:18:52,939] [INFO] [logger:55] - 迁移视频 15: user1 -> admin
[2025-08-13 09:18:52,939] [WARNING] [logger:66] - 新路径不存在，跳过迁移视频 15: workstore/admin/白雪公主的童话/output.mp4
[2025-08-13 09:18:52,940] [INFO] [logger:55] - 迁移视频 18: user3 -> test2
[2025-08-13 09:18:52,940] [WARNING] [logger:66] - 新路径不存在，跳过迁移视频 18: workstore/test2/坚持的力量/output.mp4
[2025-08-13 09:18:52,940] [INFO] [logger:55] - 迁移视频 19: user6 -> test4
[2025-08-13 09:18:52,940] [WARNING] [logger:66] - 新路径不存在，跳过迁移视频 19: workstore/test4/白雪公主的故事/output.mp4
[2025-08-13 09:18:52,940] [INFO] [logger:55] - 迁移视频 26: user6 -> test4
[2025-08-13 09:18:52,940] [WARNING] [logger:66] - 新路径不存在，跳过迁移视频 26: workstore/test4/人性弱点智慧/output.mp4
[2025-08-13 09:18:52,940] [INFO] [logger:55] - 迁移视频 27: user6 -> test4
[2025-08-13 09:18:52,940] [WARNING] [logger:66] - 新路径不存在，跳过迁移视频 27: workstore/test4/达克效应之谜/output.mp4
[2025-08-13 09:18:52,941] [INFO] [logger:55] - 迁移视频 32: user6 -> test4
[2025-08-13 09:18:52,941] [WARNING] [logger:66] - 新路径不存在，跳过迁移视频 32: workstore/test4/《金刚经》第一品：法会因由分/output.mp4
[2025-08-13 09:18:52,941] [INFO] [logger:55] - 迁移视频 33: user6 -> test4
[2025-08-13 09:18:52,941] [WARNING] [logger:66] - 新路径不存在，跳过迁移视频 33: workstore/test4/《金刚经》第二品善现启请分/output.mp4
[2025-08-13 09:18:52,941] [INFO] [logger:55] - 迁移视频 34: user1 -> admin
[2025-08-13 09:18:52,941] [WARNING] [logger:66] - 新路径不存在，跳过迁移视频 34: workstore/admin/小红帽的森林奇遇/output.mp4
[2025-08-13 09:18:52,941] [INFO] [logger:55] - 迁移视频 35: user8 -> test9
[2025-08-13 09:18:52,941] [WARNING] [logger:66] - 新路径不存在，跳过迁移视频 35: workstore/test9/《金刚经》第五品 如理实见分/output.mp4
[2025-08-13 09:18:52,941] [INFO] [logger:55] - 迁移视频 36: user8 -> test9
[2025-08-13 09:18:52,941] [WARNING] [logger:66] - 新路径不存在，跳过迁移视频 36: workstore/test9/《金刚经》第六品 正信希有分/output.mp4
[2025-08-13 09:18:52,942] [INFO] [logger:55] - 迁移视频 37: user1 -> admin
[2025-08-13 09:18:52,942] [WARNING] [logger:66] - 新路径不存在，跳过迁移视频 37: workstore/admin/停止按钮背后的故事/output.mp4
[2025-08-13 09:18:52,942] [INFO] [logger:55] - 迁移视频 38: user1 -> admin
[2025-08-13 09:18:52,942] [WARNING] [logger:66] - 新路径不存在，跳过迁移视频 38: workstore/admin/《金刚经》第八品 依法出生分/output.mp4
[2025-08-13 09:18:52,948] [INFO] [logger:55] - 视频路径迁移完成，共迁移 0 个视频
[2025-08-13 09:18:52,951] [INFO] [logger:55] - 没有发现中断的任务
[2025-08-13 09:18:52,951] [INFO] [logger:55] - 任务恢复完成
[2025-08-13 09:18:52,951] [INFO] [logger:55] - 没有等待中的任务需要启动
[2025-08-13 09:18:52,951] [INFO] [logger:55] - 任务恢复检查完成
[2025-08-13 09:18:53,805] [INFO] [logger:55] - 正在检查并恢复中断的任务...
[2025-08-13 09:18:53,805] [INFO] [logger:55] - 检查服务器启动时是否有中断的任务需要恢复...
[2025-08-13 09:18:53,808] [INFO] [logger:55] - 开始迁移视频路径...
[2025-08-13 09:18:53,808] [INFO] [logger:55] - 迁移视频 13: user1 -> admin
[2025-08-13 09:18:53,808] [WARNING] [logger:66] - 新路径不存在，跳过迁移视频 13: workstore/admin/纳什均衡解析/output.mp4
[2025-08-13 09:18:53,808] [INFO] [logger:55] - 迁移视频 15: user1 -> admin
[2025-08-13 09:18:53,808] [WARNING] [logger:66] - 新路径不存在，跳过迁移视频 15: workstore/admin/白雪公主的童话/output.mp4
[2025-08-13 09:18:53,809] [INFO] [logger:55] - 迁移视频 18: user3 -> test2
[2025-08-13 09:18:53,809] [WARNING] [logger:66] - 新路径不存在，跳过迁移视频 18: workstore/test2/坚持的力量/output.mp4
[2025-08-13 09:18:53,809] [INFO] [logger:55] - 迁移视频 19: user6 -> test4
[2025-08-13 09:18:53,809] [WARNING] [logger:66] - 新路径不存在，跳过迁移视频 19: workstore/test4/白雪公主的故事/output.mp4
[2025-08-13 09:18:53,809] [INFO] [logger:55] - 迁移视频 26: user6 -> test4
[2025-08-13 09:18:53,809] [WARNING] [logger:66] - 新路径不存在，跳过迁移视频 26: workstore/test4/人性弱点智慧/output.mp4
[2025-08-13 09:18:53,809] [INFO] [logger:55] - 迁移视频 27: user6 -> test4
[2025-08-13 09:18:53,809] [WARNING] [logger:66] - 新路径不存在，跳过迁移视频 27: workstore/test4/达克效应之谜/output.mp4
[2025-08-13 09:18:53,810] [INFO] [logger:55] - 迁移视频 32: user6 -> test4
[2025-08-13 09:18:53,810] [WARNING] [logger:66] - 新路径不存在，跳过迁移视频 32: workstore/test4/《金刚经》第一品：法会因由分/output.mp4
[2025-08-13 09:18:53,810] [INFO] [logger:55] - 迁移视频 33: user6 -> test4
[2025-08-13 09:18:53,810] [WARNING] [logger:66] - 新路径不存在，跳过迁移视频 33: workstore/test4/《金刚经》第二品善现启请分/output.mp4
[2025-08-13 09:18:53,810] [INFO] [logger:55] - 迁移视频 34: user1 -> admin
[2025-08-13 09:18:53,810] [WARNING] [logger:66] - 新路径不存在，跳过迁移视频 34: workstore/admin/小红帽的森林奇遇/output.mp4
[2025-08-13 09:18:53,810] [INFO] [logger:55] - 迁移视频 35: user8 -> test9
[2025-08-13 09:18:53,810] [WARNING] [logger:66] - 新路径不存在，跳过迁移视频 35: workstore/test9/《金刚经》第五品 如理实见分/output.mp4
[2025-08-13 09:18:53,811] [INFO] [logger:55] - 迁移视频 36: user8 -> test9
[2025-08-13 09:18:53,811] [WARNING] [logger:66] - 新路径不存在，跳过迁移视频 36: workstore/test9/《金刚经》第六品 正信希有分/output.mp4
[2025-08-13 09:18:53,811] [INFO] [logger:55] - 迁移视频 37: user1 -> admin
[2025-08-13 09:18:53,811] [WARNING] [logger:66] - 新路径不存在，跳过迁移视频 37: workstore/admin/停止按钮背后的故事/output.mp4
[2025-08-13 09:18:53,811] [INFO] [logger:55] - 迁移视频 38: user1 -> admin
[2025-08-13 09:18:53,811] [WARNING] [logger:66] - 新路径不存在，跳过迁移视频 38: workstore/admin/《金刚经》第八品 依法出生分/output.mp4
[2025-08-13 09:18:53,816] [INFO] [logger:55] - 视频路径迁移完成，共迁移 0 个视频
[2025-08-13 09:18:53,817] [INFO] [logger:55] - 没有发现中断的任务
[2025-08-13 09:18:53,817] [INFO] [logger:55] - 任务恢复完成
[2025-08-13 09:18:53,817] [INFO] [logger:55] - 没有等待中的任务需要启动
[2025-08-13 09:18:53,817] [INFO] [logger:55] - 任务恢复检查完成
[2025-08-13 09:20:01,789] [INFO] [logger:55] - 用户 admin 生成视频扣除了 1 条额度，剩余 49 条
[2025-08-13 09:20:01,793] [INFO] [logger:55] - 用户 admin 的任务已加入队列，任务ID: 42
[2025-08-13 09:20:01,813] [INFO] [logger:55] - 开始处理用户 admin 的队列任务，任务ID: 42, 视频ID: 95
[2025-08-13 09:22:46,521] [ERROR] [logger:62] - 队列视频生成任务失败: Connection error.
[2025-08-13 09:23:36,467] [INFO] [logger:55] - 正在检查并恢复中断的任务...
[2025-08-13 09:23:36,467] [INFO] [logger:55] - 检查服务器启动时是否有中断的任务需要恢复...
[2025-08-13 09:23:36,471] [INFO] [logger:55] - 开始迁移视频路径...
[2025-08-13 09:23:36,472] [INFO] [logger:55] - 迁移视频 13: user1 -> admin
[2025-08-13 09:23:36,472] [WARNING] [logger:66] - 新路径不存在，跳过迁移视频 13: workstore/admin/纳什均衡解析/output.mp4
[2025-08-13 09:23:36,472] [INFO] [logger:55] - 迁移视频 15: user1 -> admin
[2025-08-13 09:23:36,472] [WARNING] [logger:66] - 新路径不存在，跳过迁移视频 15: workstore/admin/白雪公主的童话/output.mp4
[2025-08-13 09:23:36,472] [INFO] [logger:55] - 迁移视频 18: user3 -> test2
[2025-08-13 09:23:36,472] [WARNING] [logger:66] - 新路径不存在，跳过迁移视频 18: workstore/test2/坚持的力量/output.mp4
[2025-08-13 09:23:36,473] [INFO] [logger:55] - 迁移视频 19: user6 -> test4
[2025-08-13 09:23:36,473] [WARNING] [logger:66] - 新路径不存在，跳过迁移视频 19: workstore/test4/白雪公主的故事/output.mp4
[2025-08-13 09:23:36,473] [INFO] [logger:55] - 迁移视频 26: user6 -> test4
[2025-08-13 09:23:36,473] [WARNING] [logger:66] - 新路径不存在，跳过迁移视频 26: workstore/test4/人性弱点智慧/output.mp4
[2025-08-13 09:23:36,473] [INFO] [logger:55] - 迁移视频 27: user6 -> test4
[2025-08-13 09:23:36,473] [WARNING] [logger:66] - 新路径不存在，跳过迁移视频 27: workstore/test4/达克效应之谜/output.mp4
[2025-08-13 09:23:36,473] [INFO] [logger:55] - 迁移视频 32: user6 -> test4
[2025-08-13 09:23:36,473] [WARNING] [logger:66] - 新路径不存在，跳过迁移视频 32: workstore/test4/《金刚经》第一品：法会因由分/output.mp4
[2025-08-13 09:23:36,473] [INFO] [logger:55] - 迁移视频 33: user6 -> test4
[2025-08-13 09:23:36,473] [WARNING] [logger:66] - 新路径不存在，跳过迁移视频 33: workstore/test4/《金刚经》第二品善现启请分/output.mp4
[2025-08-13 09:23:36,474] [INFO] [logger:55] - 迁移视频 34: user1 -> admin
[2025-08-13 09:23:36,474] [WARNING] [logger:66] - 新路径不存在，跳过迁移视频 34: workstore/admin/小红帽的森林奇遇/output.mp4
[2025-08-13 09:23:36,474] [INFO] [logger:55] - 迁移视频 35: user8 -> test9
[2025-08-13 09:23:36,474] [WARNING] [logger:66] - 新路径不存在，跳过迁移视频 35: workstore/test9/《金刚经》第五品 如理实见分/output.mp4
[2025-08-13 09:23:36,474] [INFO] [logger:55] - 迁移视频 36: user8 -> test9
[2025-08-13 09:23:36,474] [WARNING] [logger:66] - 新路径不存在，跳过迁移视频 36: workstore/test9/《金刚经》第六品 正信希有分/output.mp4
[2025-08-13 09:23:36,474] [INFO] [logger:55] - 迁移视频 37: user1 -> admin
[2025-08-13 09:23:36,474] [WARNING] [logger:66] - 新路径不存在，跳过迁移视频 37: workstore/admin/停止按钮背后的故事/output.mp4
[2025-08-13 09:23:36,475] [INFO] [logger:55] - 迁移视频 38: user1 -> admin
[2025-08-13 09:23:36,475] [WARNING] [logger:66] - 新路径不存在，跳过迁移视频 38: workstore/admin/《金刚经》第八品 依法出生分/output.mp4
[2025-08-13 09:23:36,480] [INFO] [logger:55] - 视频路径迁移完成，共迁移 0 个视频
[2025-08-13 09:23:36,483] [INFO] [logger:55] - 没有发现中断的任务
[2025-08-13 09:23:36,483] [INFO] [logger:55] - 任务恢复完成
[2025-08-13 09:23:36,484] [INFO] [logger:55] - 没有等待中的任务需要启动
[2025-08-13 09:23:36,484] [INFO] [logger:55] - 任务恢复检查完成
[2025-08-13 09:23:37,655] [INFO] [logger:55] - 正在检查并恢复中断的任务...
[2025-08-13 09:23:37,655] [INFO] [logger:55] - 检查服务器启动时是否有中断的任务需要恢复...
[2025-08-13 09:23:37,658] [INFO] [logger:55] - 开始迁移视频路径...
[2025-08-13 09:23:37,658] [INFO] [logger:55] - 迁移视频 13: user1 -> admin
[2025-08-13 09:23:37,658] [WARNING] [logger:66] - 新路径不存在，跳过迁移视频 13: workstore/admin/纳什均衡解析/output.mp4
[2025-08-13 09:23:37,658] [INFO] [logger:55] - 迁移视频 15: user1 -> admin
[2025-08-13 09:23:37,658] [WARNING] [logger:66] - 新路径不存在，跳过迁移视频 15: workstore/admin/白雪公主的童话/output.mp4
[2025-08-13 09:23:37,658] [INFO] [logger:55] - 迁移视频 18: user3 -> test2
[2025-08-13 09:23:37,658] [WARNING] [logger:66] - 新路径不存在，跳过迁移视频 18: workstore/test2/坚持的力量/output.mp4
[2025-08-13 09:23:37,659] [INFO] [logger:55] - 迁移视频 19: user6 -> test4
[2025-08-13 09:23:37,659] [WARNING] [logger:66] - 新路径不存在，跳过迁移视频 19: workstore/test4/白雪公主的故事/output.mp4
[2025-08-13 09:23:37,659] [INFO] [logger:55] - 迁移视频 26: user6 -> test4
[2025-08-13 09:23:37,659] [WARNING] [logger:66] - 新路径不存在，跳过迁移视频 26: workstore/test4/人性弱点智慧/output.mp4
[2025-08-13 09:23:37,659] [INFO] [logger:55] - 迁移视频 27: user6 -> test4
[2025-08-13 09:23:37,659] [WARNING] [logger:66] - 新路径不存在，跳过迁移视频 27: workstore/test4/达克效应之谜/output.mp4
[2025-08-13 09:23:37,659] [INFO] [logger:55] - 迁移视频 32: user6 -> test4
[2025-08-13 09:23:37,659] [WARNING] [logger:66] - 新路径不存在，跳过迁移视频 32: workstore/test4/《金刚经》第一品：法会因由分/output.mp4
[2025-08-13 09:23:37,659] [INFO] [logger:55] - 迁移视频 33: user6 -> test4
[2025-08-13 09:23:37,659] [WARNING] [logger:66] - 新路径不存在，跳过迁移视频 33: workstore/test4/《金刚经》第二品善现启请分/output.mp4
[2025-08-13 09:23:37,660] [INFO] [logger:55] - 迁移视频 34: user1 -> admin
[2025-08-13 09:23:37,660] [WARNING] [logger:66] - 新路径不存在，跳过迁移视频 34: workstore/admin/小红帽的森林奇遇/output.mp4
[2025-08-13 09:23:37,660] [INFO] [logger:55] - 迁移视频 35: user8 -> test9
[2025-08-13 09:23:37,660] [WARNING] [logger:66] - 新路径不存在，跳过迁移视频 35: workstore/test9/《金刚经》第五品 如理实见分/output.mp4
[2025-08-13 09:23:37,660] [INFO] [logger:55] - 迁移视频 36: user8 -> test9
[2025-08-13 09:23:37,660] [WARNING] [logger:66] - 新路径不存在，跳过迁移视频 36: workstore/test9/《金刚经》第六品 正信希有分/output.mp4
[2025-08-13 09:23:37,661] [INFO] [logger:55] - 迁移视频 37: user1 -> admin
[2025-08-13 09:23:37,661] [WARNING] [logger:66] - 新路径不存在，跳过迁移视频 37: workstore/admin/停止按钮背后的故事/output.mp4
[2025-08-13 09:23:37,661] [INFO] [logger:55] - 迁移视频 38: user1 -> admin
[2025-08-13 09:23:37,661] [WARNING] [logger:66] - 新路径不存在，跳过迁移视频 38: workstore/admin/《金刚经》第八品 依法出生分/output.mp4
[2025-08-13 09:23:37,666] [INFO] [logger:55] - 视频路径迁移完成，共迁移 0 个视频
[2025-08-13 09:23:37,667] [INFO] [logger:55] - 没有发现中断的任务
[2025-08-13 09:23:37,667] [INFO] [logger:55] - 任务恢复完成
[2025-08-13 09:23:37,668] [INFO] [logger:55] - 没有等待中的任务需要启动
[2025-08-13 09:23:37,668] [INFO] [logger:55] - 任务恢复检查完成
[2025-08-13 09:24:56,282] [INFO] [logger:55] - 用户 admin 生成视频扣除了 1 条额度，剩余 48 条
[2025-08-13 09:24:56,288] [INFO] [logger:55] - 用户 admin 的任务已加入队列，任务ID: 43
[2025-08-13 09:24:56,322] [INFO] [logger:55] - 开始处理用户 admin 的队列任务，任务ID: 43, 视频ID: 96
[2025-08-13 09:30:39,112] [INFO] [logger:55] - 更新视频路径: workstore/admin/三只小猪建房子/output.mp4
[2025-08-13 09:30:39,112] [INFO] [logger:55] - 更新封面路径: workstore/admin/三只小猪建房子/covers/cover_4:3.png
[2025-08-13 09:30:39,117] [INFO] [logger:55] - 队列任务完成，任务ID: 43, 视频ID: 96
[2025-08-13 09:31:31,638] [INFO] [logger:55] - 用户 admin 查看我的视频页面，共 10 个视频
[2025-08-13 09:31:32,060] [INFO] [app:2569] - 请求 workstore 文件: admin/解读《庄子》外篇·天地/covers/cover_4:3.png
[2025-08-13 09:31:32,062] [INFO] [app:2569] - 请求 workstore 文件: admin/三只小猪建房子/covers/cover_4:3.png
[2025-08-13 09:31:32,070] [INFO] [app:2569] - 请求 workstore 文件: admin/解读《庄子》外篇·至乐/covers/cover_4:3.png
[2025-08-13 09:31:32,070] [INFO] [app:2569] - 请求 workstore 文件: admin/天运转念解心忧/covers/cover_4:3.png
[2025-08-13 09:31:32,070] [INFO] [app:2569] - 请求 workstore 文件: admin/解读《庄子》外篇·胠箧/covers/cover_4:3.png
[2025-08-13 09:32:05,143] [INFO] [app:2487] - 用户 1 请求下载视频 96, 路径: workstore/admin/三只小猪建房子/output.mp4
[2025-08-13 09:32:05,144] [INFO] [app:2514] - 解析的基础目录: workstore/admin/三只小猪建房子
[2025-08-13 09:32:05,333] [INFO] [app:2528] - 已添加视频文件到ZIP: workstore/admin/三只小猪建房子/output.mp4
[2025-08-13 09:32:05,344] [INFO] [app:2540] - 已添加封面文件到ZIP: workstore/admin/三只小猪建房子/covers/cover_3:4.png
[2025-08-13 09:32:05,360] [INFO] [app:2540] - 已添加封面文件到ZIP: workstore/admin/三只小猪建房子/covers/cover_4:3.png
[2025-08-13 09:32:05,360] [INFO] [app:2549] - 开始下载，文件名: video_96_20250813093205.zip
[2025-08-13 09:40:22,279] [INFO] [logger:55] - 百速一键AI视频生成应用正在启动... 时间: 2025-08-13 09:40:22
[2025-08-13 09:40:22,279] [INFO] [logger:55] - 正在初始化数据库...
[2025-08-13 09:40:23,585] [INFO] [logger:55] - 数据库初始化完成
[2025-08-13 09:40:23,585] [INFO] [logger:55] - 正在检查AI服务配置...
[2025-08-13 09:40:23,585] [WARNING] [logger:66] - 缺少环境变量: QWEN_API_KEY, COSYVOICE_API_KEY
[2025-08-13 09:40:23,618] [INFO] [logger:55] - LLM服务初始化成功
[2025-08-13 09:40:23,618] [INFO] [logger:55] - 图片生成服务初始化成功
[2025-08-13 09:40:23,618] [INFO] [logger:55] - TTS服务初始化成功
[2025-08-13 09:40:23,620] [INFO] [logger:55] - AI服务检查完成
[2025-08-13 09:40:23,620] [INFO] [logger:55] - 正在检查并恢复中断的任务...
[2025-08-13 09:40:23,620] [INFO] [logger:55] - 检查服务器启动时是否有中断的任务需要恢复...
[2025-08-13 09:40:23,632] [INFO] [logger:55] - 开始迁移视频路径...
[2025-08-13 09:40:23,632] [INFO] [logger:55] - 迁移视频 13: user1 -> admin
[2025-08-13 09:40:23,632] [WARNING] [logger:66] - 新路径不存在，跳过迁移视频 13: workstore/admin/纳什均衡解析/output.mp4
[2025-08-13 09:40:23,632] [INFO] [logger:55] - 迁移视频 15: user1 -> admin
[2025-08-13 09:40:23,632] [WARNING] [logger:66] - 新路径不存在，跳过迁移视频 15: workstore/admin/白雪公主的童话/output.mp4
[2025-08-13 09:40:23,632] [INFO] [logger:55] - 迁移视频 18: user3 -> test2
[2025-08-13 09:40:23,632] [WARNING] [logger:66] - 新路径不存在，跳过迁移视频 18: workstore/test2/坚持的力量/output.mp4
[2025-08-13 09:40:23,632] [INFO] [logger:55] - 迁移视频 19: user6 -> test4
[2025-08-13 09:40:23,632] [WARNING] [logger:66] - 新路径不存在，跳过迁移视频 19: workstore/test4/白雪公主的故事/output.mp4
[2025-08-13 09:40:23,632] [INFO] [logger:55] - 迁移视频 26: user6 -> test4
[2025-08-13 09:40:23,633] [WARNING] [logger:66] - 新路径不存在，跳过迁移视频 26: workstore/test4/人性弱点智慧/output.mp4
[2025-08-13 09:40:23,633] [INFO] [logger:55] - 迁移视频 27: user6 -> test4
[2025-08-13 09:40:23,633] [WARNING] [logger:66] - 新路径不存在，跳过迁移视频 27: workstore/test4/达克效应之谜/output.mp4
[2025-08-13 09:40:23,633] [INFO] [logger:55] - 迁移视频 32: user6 -> test4
[2025-08-13 09:40:23,633] [WARNING] [logger:66] - 新路径不存在，跳过迁移视频 32: workstore/test4/《金刚经》第一品：法会因由分/output.mp4
[2025-08-13 09:40:23,633] [INFO] [logger:55] - 迁移视频 33: user6 -> test4
[2025-08-13 09:40:23,633] [WARNING] [logger:66] - 新路径不存在，跳过迁移视频 33: workstore/test4/《金刚经》第二品善现启请分/output.mp4
[2025-08-13 09:40:23,633] [INFO] [logger:55] - 迁移视频 34: user1 -> admin
[2025-08-13 09:40:23,633] [WARNING] [logger:66] - 新路径不存在，跳过迁移视频 34: workstore/admin/小红帽的森林奇遇/output.mp4
[2025-08-13 09:40:23,633] [INFO] [logger:55] - 迁移视频 35: user8 -> test9
[2025-08-13 09:40:23,633] [WARNING] [logger:66] - 新路径不存在，跳过迁移视频 35: workstore/test9/《金刚经》第五品 如理实见分/output.mp4
[2025-08-13 09:40:23,633] [INFO] [logger:55] - 迁移视频 36: user8 -> test9
[2025-08-13 09:40:23,633] [WARNING] [logger:66] - 新路径不存在，跳过迁移视频 36: workstore/test9/《金刚经》第六品 正信希有分/output.mp4
[2025-08-13 09:40:23,633] [INFO] [logger:55] - 迁移视频 37: user1 -> admin
[2025-08-13 09:40:23,633] [WARNING] [logger:66] - 新路径不存在，跳过迁移视频 37: workstore/admin/停止按钮背后的故事/output.mp4
[2025-08-13 09:40:23,633] [INFO] [logger:55] - 迁移视频 38: user1 -> admin
[2025-08-13 09:40:23,633] [WARNING] [logger:66] - 新路径不存在，跳过迁移视频 38: workstore/admin/《金刚经》第八品 依法出生分/output.mp4
[2025-08-13 09:40:23,634] [INFO] [logger:55] - 视频路径迁移完成，共迁移 0 个视频
[2025-08-13 09:40:23,635] [INFO] [logger:55] - 没有发现中断的任务
[2025-08-13 09:40:23,635] [INFO] [logger:55] - 任务恢复完成
[2025-08-13 09:40:23,636] [INFO] [logger:55] - 没有等待中的任务需要启动
[2025-08-13 09:40:23,636] [INFO] [logger:55] - 任务恢复检查完成
[2025-08-13 09:40:23,636] [INFO] [logger:55] - 百速一键AI视频生成应用服务器已启动，监听端口: 5001
[2025-08-13 09:40:23,716] [INFO] [logger:55] - 百速一键AI视频生成应用正在启动... 时间: 2025-08-13 09:40:23
[2025-08-13 09:40:23,716] [INFO] [logger:55] - 正在初始化数据库...
[2025-08-13 09:40:24,478] [INFO] [logger:55] - 数据库初始化完成
[2025-08-13 09:40:24,478] [INFO] [logger:55] - 正在检查AI服务配置...
[2025-08-13 09:40:24,478] [WARNING] [logger:66] - 缺少环境变量: QWEN_API_KEY, COSYVOICE_API_KEY
[2025-08-13 09:40:24,503] [INFO] [logger:55] - LLM服务初始化成功
[2025-08-13 09:40:24,503] [INFO] [logger:55] - 图片生成服务初始化成功
[2025-08-13 09:40:24,503] [INFO] [logger:55] - TTS服务初始化成功
[2025-08-13 09:40:24,505] [INFO] [logger:55] - AI服务检查完成
[2025-08-13 09:40:24,505] [INFO] [logger:55] - 正在检查并恢复中断的任务...
[2025-08-13 09:40:24,505] [INFO] [logger:55] - 检查服务器启动时是否有中断的任务需要恢复...
[2025-08-13 09:40:24,516] [INFO] [logger:55] - 开始迁移视频路径...
[2025-08-13 09:40:24,516] [INFO] [logger:55] - 迁移视频 13: user1 -> admin
[2025-08-13 09:40:24,516] [WARNING] [logger:66] - 新路径不存在，跳过迁移视频 13: workstore/admin/纳什均衡解析/output.mp4
[2025-08-13 09:40:24,516] [INFO] [logger:55] - 迁移视频 15: user1 -> admin
[2025-08-13 09:40:24,516] [WARNING] [logger:66] - 新路径不存在，跳过迁移视频 15: workstore/admin/白雪公主的童话/output.mp4
[2025-08-13 09:40:24,516] [INFO] [logger:55] - 迁移视频 18: user3 -> test2
[2025-08-13 09:40:24,516] [WARNING] [logger:66] - 新路径不存在，跳过迁移视频 18: workstore/test2/坚持的力量/output.mp4
[2025-08-13 09:40:24,517] [INFO] [logger:55] - 迁移视频 19: user6 -> test4
[2025-08-13 09:40:24,517] [WARNING] [logger:66] - 新路径不存在，跳过迁移视频 19: workstore/test4/白雪公主的故事/output.mp4
[2025-08-13 09:40:24,517] [INFO] [logger:55] - 迁移视频 26: user6 -> test4
[2025-08-13 09:40:24,517] [WARNING] [logger:66] - 新路径不存在，跳过迁移视频 26: workstore/test4/人性弱点智慧/output.mp4
[2025-08-13 09:40:24,517] [INFO] [logger:55] - 迁移视频 27: user6 -> test4
[2025-08-13 09:40:24,517] [WARNING] [logger:66] - 新路径不存在，跳过迁移视频 27: workstore/test4/达克效应之谜/output.mp4
[2025-08-13 09:40:24,517] [INFO] [logger:55] - 迁移视频 32: user6 -> test4
[2025-08-13 09:40:24,517] [WARNING] [logger:66] - 新路径不存在，跳过迁移视频 32: workstore/test4/《金刚经》第一品：法会因由分/output.mp4
[2025-08-13 09:40:24,517] [INFO] [logger:55] - 迁移视频 33: user6 -> test4
[2025-08-13 09:40:24,517] [WARNING] [logger:66] - 新路径不存在，跳过迁移视频 33: workstore/test4/《金刚经》第二品善现启请分/output.mp4
[2025-08-13 09:40:24,517] [INFO] [logger:55] - 迁移视频 34: user1 -> admin
[2025-08-13 09:40:24,517] [WARNING] [logger:66] - 新路径不存在，跳过迁移视频 34: workstore/admin/小红帽的森林奇遇/output.mp4
[2025-08-13 09:40:24,517] [INFO] [logger:55] - 迁移视频 35: user8 -> test9
[2025-08-13 09:40:24,517] [WARNING] [logger:66] - 新路径不存在，跳过迁移视频 35: workstore/test9/《金刚经》第五品 如理实见分/output.mp4
[2025-08-13 09:40:24,518] [INFO] [logger:55] - 迁移视频 36: user8 -> test9
[2025-08-13 09:40:24,518] [WARNING] [logger:66] - 新路径不存在，跳过迁移视频 36: workstore/test9/《金刚经》第六品 正信希有分/output.mp4
[2025-08-13 09:40:24,518] [INFO] [logger:55] - 迁移视频 37: user1 -> admin
[2025-08-13 09:40:24,518] [WARNING] [logger:66] - 新路径不存在，跳过迁移视频 37: workstore/admin/停止按钮背后的故事/output.mp4
[2025-08-13 09:40:24,518] [INFO] [logger:55] - 迁移视频 38: user1 -> admin
[2025-08-13 09:40:24,518] [WARNING] [logger:66] - 新路径不存在，跳过迁移视频 38: workstore/admin/《金刚经》第八品 依法出生分/output.mp4
[2025-08-13 09:40:24,519] [INFO] [logger:55] - 视频路径迁移完成，共迁移 0 个视频
[2025-08-13 09:40:24,520] [INFO] [logger:55] - 没有发现中断的任务
[2025-08-13 09:40:24,520] [INFO] [logger:55] - 任务恢复完成
[2025-08-13 09:40:24,520] [INFO] [logger:55] - 没有等待中的任务需要启动
[2025-08-13 09:40:24,520] [INFO] [logger:55] - 任务恢复检查完成
[2025-08-13 09:40:24,520] [INFO] [logger:55] - 百速一键AI视频生成应用服务器已启动，监听端口: 5001
[2025-08-13 09:45:14,569] [INFO] [logger:55] - 正在检查并恢复中断的任务...
[2025-08-13 09:45:14,569] [INFO] [logger:55] - 检查服务器启动时是否有中断的任务需要恢复...
[2025-08-13 09:45:14,573] [INFO] [logger:55] - 开始迁移视频路径...
[2025-08-13 09:45:14,573] [INFO] [logger:55] - 迁移视频 13: user1 -> admin
[2025-08-13 09:45:14,573] [WARNING] [logger:66] - 新路径不存在，跳过迁移视频 13: workstore/admin/纳什均衡解析/output.mp4
[2025-08-13 09:45:14,573] [INFO] [logger:55] - 迁移视频 15: user1 -> admin
[2025-08-13 09:45:14,573] [WARNING] [logger:66] - 新路径不存在，跳过迁移视频 15: workstore/admin/白雪公主的童话/output.mp4
[2025-08-13 09:45:14,573] [INFO] [logger:55] - 迁移视频 18: user3 -> test2
[2025-08-13 09:45:14,573] [WARNING] [logger:66] - 新路径不存在，跳过迁移视频 18: workstore/test2/坚持的力量/output.mp4
[2025-08-13 09:45:14,574] [INFO] [logger:55] - 迁移视频 19: user6 -> test4
[2025-08-13 09:45:14,574] [WARNING] [logger:66] - 新路径不存在，跳过迁移视频 19: workstore/test4/白雪公主的故事/output.mp4
[2025-08-13 09:45:14,574] [INFO] [logger:55] - 迁移视频 26: user6 -> test4
[2025-08-13 09:45:14,574] [WARNING] [logger:66] - 新路径不存在，跳过迁移视频 26: workstore/test4/人性弱点智慧/output.mp4
[2025-08-13 09:45:14,574] [INFO] [logger:55] - 迁移视频 27: user6 -> test4
[2025-08-13 09:45:14,574] [WARNING] [logger:66] - 新路径不存在，跳过迁移视频 27: workstore/test4/达克效应之谜/output.mp4
[2025-08-13 09:45:14,574] [INFO] [logger:55] - 迁移视频 32: user6 -> test4
[2025-08-13 09:45:14,574] [WARNING] [logger:66] - 新路径不存在，跳过迁移视频 32: workstore/test4/《金刚经》第一品：法会因由分/output.mp4
[2025-08-13 09:45:14,574] [INFO] [logger:55] - 迁移视频 33: user6 -> test4
[2025-08-13 09:45:14,574] [WARNING] [logger:66] - 新路径不存在，跳过迁移视频 33: workstore/test4/《金刚经》第二品善现启请分/output.mp4
[2025-08-13 09:45:14,575] [INFO] [logger:55] - 迁移视频 34: user1 -> admin
[2025-08-13 09:45:14,575] [WARNING] [logger:66] - 新路径不存在，跳过迁移视频 34: workstore/admin/小红帽的森林奇遇/output.mp4
[2025-08-13 09:45:14,575] [INFO] [logger:55] - 迁移视频 35: user8 -> test9
[2025-08-13 09:45:14,575] [WARNING] [logger:66] - 新路径不存在，跳过迁移视频 35: workstore/test9/《金刚经》第五品 如理实见分/output.mp4
[2025-08-13 09:45:14,575] [INFO] [logger:55] - 迁移视频 36: user8 -> test9
[2025-08-13 09:45:14,575] [WARNING] [logger:66] - 新路径不存在，跳过迁移视频 36: workstore/test9/《金刚经》第六品 正信希有分/output.mp4
[2025-08-13 09:45:14,575] [INFO] [logger:55] - 迁移视频 37: user1 -> admin
[2025-08-13 09:45:14,575] [WARNING] [logger:66] - 新路径不存在，跳过迁移视频 37: workstore/admin/停止按钮背后的故事/output.mp4
[2025-08-13 09:45:14,575] [INFO] [logger:55] - 迁移视频 38: user1 -> admin
[2025-08-13 09:45:14,576] [WARNING] [logger:66] - 新路径不存在，跳过迁移视频 38: workstore/admin/《金刚经》第八品 依法出生分/output.mp4
[2025-08-13 09:45:14,582] [INFO] [logger:55] - 视频路径迁移完成，共迁移 0 个视频
[2025-08-13 09:45:14,583] [INFO] [logger:55] - 没有发现中断的任务
[2025-08-13 09:45:14,583] [INFO] [logger:55] - 任务恢复完成
[2025-08-13 09:45:14,583] [INFO] [logger:55] - 没有等待中的任务需要启动
[2025-08-13 09:45:14,583] [INFO] [logger:55] - 任务恢复检查完成
[2025-08-13 09:45:15,533] [INFO] [logger:55] - 正在检查并恢复中断的任务...
[2025-08-13 09:45:15,533] [INFO] [logger:55] - 检查服务器启动时是否有中断的任务需要恢复...
[2025-08-13 09:45:15,536] [INFO] [logger:55] - 开始迁移视频路径...
[2025-08-13 09:45:15,536] [INFO] [logger:55] - 迁移视频 13: user1 -> admin
[2025-08-13 09:45:15,536] [WARNING] [logger:66] - 新路径不存在，跳过迁移视频 13: workstore/admin/纳什均衡解析/output.mp4
[2025-08-13 09:45:15,536] [INFO] [logger:55] - 迁移视频 15: user1 -> admin
[2025-08-13 09:45:15,536] [WARNING] [logger:66] - 新路径不存在，跳过迁移视频 15: workstore/admin/白雪公主的童话/output.mp4
[2025-08-13 09:45:15,537] [INFO] [logger:55] - 迁移视频 18: user3 -> test2
[2025-08-13 09:45:15,537] [WARNING] [logger:66] - 新路径不存在，跳过迁移视频 18: workstore/test2/坚持的力量/output.mp4
[2025-08-13 09:45:15,537] [INFO] [logger:55] - 迁移视频 19: user6 -> test4
[2025-08-13 09:45:15,537] [WARNING] [logger:66] - 新路径不存在，跳过迁移视频 19: workstore/test4/白雪公主的故事/output.mp4
[2025-08-13 09:45:15,537] [INFO] [logger:55] - 迁移视频 26: user6 -> test4
[2025-08-13 09:45:15,537] [WARNING] [logger:66] - 新路径不存在，跳过迁移视频 26: workstore/test4/人性弱点智慧/output.mp4
[2025-08-13 09:45:15,538] [INFO] [logger:55] - 迁移视频 27: user6 -> test4
[2025-08-13 09:45:15,538] [WARNING] [logger:66] - 新路径不存在，跳过迁移视频 27: workstore/test4/达克效应之谜/output.mp4
[2025-08-13 09:45:15,538] [INFO] [logger:55] - 迁移视频 32: user6 -> test4
[2025-08-13 09:45:15,538] [WARNING] [logger:66] - 新路径不存在，跳过迁移视频 32: workstore/test4/《金刚经》第一品：法会因由分/output.mp4
[2025-08-13 09:45:15,538] [INFO] [logger:55] - 迁移视频 33: user6 -> test4
[2025-08-13 09:45:15,538] [WARNING] [logger:66] - 新路径不存在，跳过迁移视频 33: workstore/test4/《金刚经》第二品善现启请分/output.mp4
[2025-08-13 09:45:15,538] [INFO] [logger:55] - 迁移视频 34: user1 -> admin
[2025-08-13 09:45:15,538] [WARNING] [logger:66] - 新路径不存在，跳过迁移视频 34: workstore/admin/小红帽的森林奇遇/output.mp4
[2025-08-13 09:45:15,539] [INFO] [logger:55] - 迁移视频 35: user8 -> test9
[2025-08-13 09:45:15,539] [WARNING] [logger:66] - 新路径不存在，跳过迁移视频 35: workstore/test9/《金刚经》第五品 如理实见分/output.mp4
[2025-08-13 09:45:15,539] [INFO] [logger:55] - 迁移视频 36: user8 -> test9
[2025-08-13 09:45:15,539] [WARNING] [logger:66] - 新路径不存在，跳过迁移视频 36: workstore/test9/《金刚经》第六品 正信希有分/output.mp4
[2025-08-13 09:45:15,539] [INFO] [logger:55] - 迁移视频 37: user1 -> admin
[2025-08-13 09:45:15,539] [WARNING] [logger:66] - 新路径不存在，跳过迁移视频 37: workstore/admin/停止按钮背后的故事/output.mp4
[2025-08-13 09:45:15,539] [INFO] [logger:55] - 迁移视频 38: user1 -> admin
[2025-08-13 09:45:15,539] [WARNING] [logger:66] - 新路径不存在，跳过迁移视频 38: workstore/admin/《金刚经》第八品 依法出生分/output.mp4
[2025-08-13 09:45:15,545] [INFO] [logger:55] - 视频路径迁移完成，共迁移 0 个视频
[2025-08-13 09:45:15,546] [INFO] [logger:55] - 没有发现中断的任务
[2025-08-13 09:45:15,546] [INFO] [logger:55] - 任务恢复完成
[2025-08-13 09:45:15,546] [INFO] [logger:55] - 没有等待中的任务需要启动
[2025-08-13 09:45:15,546] [INFO] [logger:55] - 任务恢复检查完成
[2025-08-13 09:46:33,661] [INFO] [logger:55] - 用户 admin 生成视频扣除了 1 条额度，剩余 47 条
[2025-08-13 09:46:33,666] [INFO] [logger:55] - 用户 admin 的任务已加入队列，任务ID: 44
[2025-08-13 09:46:33,704] [INFO] [logger:55] - 开始处理用户 admin 的队列任务，任务ID: 44, 视频ID: 97
[2025-08-13 09:59:04,153] [INFO] [logger:55] - 更新视频路径: workstore/admin/解读《庄子》外篇·山木/output.mp4
[2025-08-13 09:59:04,153] [INFO] [logger:55] - 更新封面路径: workstore/admin/解读《庄子》外篇·山木/covers/cover_4:3.png
[2025-08-13 09:59:04,158] [INFO] [logger:55] - 队列任务完成，任务ID: 44, 视频ID: 97
[2025-08-13 10:00:52,418] [INFO] [logger:55] - 用户 admin 查看我的视频页面，共 10 个视频
[2025-08-13 10:00:52,932] [INFO] [app:2569] - 请求 workstore 文件: admin/解读《庄子》外篇·山木/covers/cover_4:3.png
[2025-08-13 10:00:52,934] [INFO] [app:2569] - 请求 workstore 文件: admin/三只小猪建房子/covers/cover_4:3.png
[2025-08-13 10:00:52,940] [INFO] [app:2569] - 请求 workstore 文件: admin/解读《庄子》外篇·天地/covers/cover_4:3.png
[2025-08-13 10:00:52,943] [INFO] [app:2569] - 请求 workstore 文件: admin/解读《庄子》外篇·至乐/covers/cover_4:3.png
[2025-08-13 10:00:52,945] [INFO] [app:2569] - 请求 workstore 文件: admin/天运转念解心忧/covers/cover_4:3.png
[2025-08-13 10:00:56,839] [INFO] [app:2487] - 用户 1 请求下载视频 97, 路径: workstore/admin/解读《庄子》外篇·山木/output.mp4
[2025-08-13 10:00:56,840] [INFO] [app:2514] - 解析的基础目录: workstore/admin/解读《庄子》外篇·山木
[2025-08-13 10:00:57,474] [INFO] [app:2528] - 已添加视频文件到ZIP: workstore/admin/解读《庄子》外篇·山木/output.mp4
[2025-08-13 10:00:57,494] [INFO] [app:2540] - 已添加封面文件到ZIP: workstore/admin/解读《庄子》外篇·山木/covers/cover_3:4.png
[2025-08-13 10:00:57,514] [INFO] [app:2540] - 已添加封面文件到ZIP: workstore/admin/解读《庄子》外篇·山木/covers/cover_4:3.png
[2025-08-13 10:00:57,514] [INFO] [app:2549] - 开始下载，文件名: video_97_20250813100057.zip
